Entity Name,Directorate,Service/Board,Cost Centre,Description,Subjective,Subjective Description,Supplier Name,Payment Date,Line Amount,Invoice Amount,Net Amount
51 Council of the Isles of Scilly,"Place, Economy and Environment",Natural Resources and Assets,600001,Corporate Properties,21201,R&M - Buildings - Reactive,Wright Construction,44761.041666666664,605,726,605
51 Council of the Isles of Scilly,"Place, Economy and Environment",Natural Resources and Assets,600001,Corporate Properties,27001,Contract Cleaning,Scilly Self Catering,44763.041666666664,2013.76,2416.52,2013.76
51 Council of the Isles of Scilly,"Place, Economy and Environment",Natural Resources and Assets,600001,Corporate Properties,27001,Contract Cleaning,Scilly Self Catering,44763.041666666664,2126.26,2551.52,2126.26
51 Council of the Isles of Scilly,"Place, Economy and Environment",Natural Resources and Assets,600001,Corporate Properties,27001,Contract Cleaning,Scilly Self Catering,44763.041666666664,2126.26,2551.52,2126.26
51 Council of the Isles of Scilly,"Place, Economy and Environment",Natural Resources and Assets,600001,Corporate Properties,27001,Contract Cleaning,Scilly Self Catering,44763.041666666664,2013.76,2416.52,2013.76
51 Council of the Isles of Scilly,"Place, Economy and Environment",Natural Resources and Assets,600001,Corporate Properties,43532,Professional Fees - Other,KK Controls & Equipment Ltd,44747.041666666664,555,666,555
51 Council of the Isles of Scilly,"Place, Economy and Environment",Natural Resources and Assets,600001,Corporate Properties,45217,Annual Licence Software Fees,Trackplan,44761.041666666664,2460,2460,2460
51 Council of the Isles of Scilly,"Place, Economy and Environment",Natural Resources and Assets,600002,Public Conveniences,41304,Cleaning & Domestic Materials,,44761.041666666664,-75,775,775
51 Council of the Isles of Scilly,"Place, Economy and Environment",Natural Resources and Assets,600002,Public Conveniences,41304,Cleaning & Domestic Materials,,44761.041666666664,75,775,775
51 Council of the Isles of Scilly,"Place, Economy and Environment",Natural Resources and Assets,600002,Public Conveniences,41304,Cleaning & Domestic Materials,,44761.041666666664,775,775,775
51 Council of the Isles of Scilly,"Place, Economy and Environment",Natural Resources and Assets,600002,Public Conveniences,41304,Cleaning & Domestic Materials,,44768.041666666664,750,750,750
51 Council of the Isles of Scilly,"Place, Economy and Environment",Natural Resources and Assets,600002,Public Conveniences,41304,Cleaning & Domestic Materials,,44754.041666666664,796.25,796.25,796.25
51 Council of the Isles of Scilly,"Place, Economy and Environment",Natural Resources and Assets,600002,Public Conveniences,41304,Cleaning & Domestic Materials,Greenlaws Guesthouse,44754.041666666664,910,910,910
51 Council of the Isles of Scilly,"Place, Economy and Environment",Natural Resources and Assets,600002,Public Conveniences,41304,Cleaning & Domestic Materials,The Consortium,44747.041666666664,1292,1550.4,1292
51 Council of the Isles of Scilly,"Place, Economy and Environment",Natural Resources and Assets,600002,Public Conveniences,49369,Pest Control,Scillonian Trading Ltd,44747.041666666664,30,588,490
51 Council of the Isles of Scilly,"Place, Economy and Environment",Natural Resources and Assets,600003,Commercial Property,22002,Electricity,Edf Energy Plc,44750.041666666664,958.29,1149.95,958.29
51 Council of the Isles of Scilly,"Place, Economy and Environment",Natural Resources and Assets,600003,Commercial Property,43505,Professional Services,Vickery Holman Ltd,44761.041666666664,1500,1800,1500
51 Council of the Isles of Scilly,"Place, Economy and Environment",Natural Resources and Assets,600005,AONB,47013,Grants & Conts to Other Bodies - Discretionary,Ios Wildlife Trust Ltd,44770.041666666664,142575,142575,142575
51 Council of the Isles of Scilly,"Place, Economy and Environment",Natural Resources and Assets,600006,Adaptive Scillies,49002,Miscellaneous Expenditure,RSK Environmental Ltd,44747.041666666664,6500,7800,6500
51 Council of the Isles of Scilly,"Place, Economy and Environment",Natural Resources and Assets,600006,Adaptive Scillies,49002,Miscellaneous Expenditure,RSK Environmental Ltd,44747.041666666664,17965.3,21558.36,17965.3
51 Council of the Isles of Scilly,"Place, Economy and Environment",Natural Resources and Assets,600006,Adaptive Scillies,49002,Miscellaneous Expenditure,RSK Environmental Ltd,44768.041666666664,3061.68,3674.02,3061.68
51 Council of the Isles of Scilly,"Place, Economy and Environment",Operational Services,600010,Operational R & M Services,31102,Vehicle Repair and Maintenance,Doerwheal,44768.041666666664,10000,12000,10000
51 Council of the Isles of Scilly,"Place, Economy and Environment",Operational Services,600010,Operational R & M Services,41104,Equipment & Plant - Direct Purchase,SJ Andrew And Sons Ltd,44747.041666666664,550.7,660.83,550.7
51 Council of the Isles of Scilly,"Place, Economy and Environment",Operational Services,600012,Highways,22002,Electricity,Edf Energy Plc,44764.041666666664,545.01,654.02,545.01
51 Council of the Isles of Scilly,"Place, Economy and Environment",Operational Services,600013,Open Spaces & Beaches,57050,Pest Control Contractor - Private Contractors,Scillonian Trading Ltd,44747.041666666664,30,588,490
51 Council of the Isles of Scilly,"Place, Economy and Environment",Planning and Development,600022,Strategic Planning,43001,Photocopying & Printing,St Austell Printing Company Ltd,44768.041666666664,560,560,560
51 Council of the Isles of Scilly,Community,Fire and Rescue,600030,Fire & Rescue,43532,Professional Fees - Other,Dormakaba UK Ltd,44749.041666666664,515.33,618.4,515.33
51 Council of the Isles of Scilly,Community,Fire and Rescue,600030,Fire & Rescue,43577,Actuary Fee,Hymans Robertson LLP,44756.041666666664,4950,5940,4950
51 Council of the Isles of Scilly,"Place, Economy and Environment",Waste and Recycling,600040,Waste Collection and Operations,27006,Skip Costs,Wheal Alfred Metals Recycling Ltd,44768.041666666664,800,960,800
51 Council of the Isles of Scilly,"Place, Economy and Environment",Waste and Recycling,600040,Waste Collection and Operations,31102,Vehicle Repair and Maintenance,VFS Ltd,44747.041666666664,507.01,608.41,507.01
51 Council of the Isles of Scilly,"Place, Economy and Environment",Waste and Recycling,600040,Waste Collection and Operations,41118,Health & Safety Equipment,Essential Safety Wear Ltd,44768.041666666664,519.19,623.03,519.19
51 Council of the Isles of Scilly,"Place, Economy and Environment",Waste and Recycling,600040,Waste Collection and Operations,41305,Purchase of Waste Sacks,D A Pak Ltd,44768.041666666664,1500,1800,1500
51 Council of the Isles of Scilly,"Place, Economy and Environment",Waste and Recycling,600040,Waste Collection and Operations,45217,Annual Licence Software Fees,Weightron Bilanciai Ltd,44770.041666666664,1049.58,1259.5,1049.58
51 Council of the Isles of Scilly,"Place, Economy and Environment",Waste and Recycling,600040,Waste Collection and Operations,46119,Haulage Costs,Island Carriers,44754.041666666664,4000.18,4800.23,4000.18
51 Council of the Isles of Scilly,"Place, Economy and Environment",Waste and Recycling,600040,Waste Collection and Operations,46119,Haulage Costs,Isles Of Scilly Steamship Co,44756.041666666664,16189.74,19427.65,16189.74
51 Council of the Isles of Scilly,"Place, Economy and Environment",Waste and Recycling,600040,Waste Collection and Operations,49328,Fire Appliance Testing & Maintenance,Advanced Fire and Security South West Ltd,44770.041666666664,491.5,589.8,491.5
51 Council of the Isles of Scilly,"Place, Economy and Environment",Waste and Recycling,600040,Waste Collection and Operations,57050,Pest Control Contractor - Private Contractors,Scillonian Trading Ltd,44747.041666666664,340,588,490
51 Council of the Isles of Scilly,"Place, Economy and Environment",Waste and Recycling,600040,Waste Collection and Operations,57069,Waste Disposal Contracts - Private Contractors,,44754.041666666664,3028.3,3028.3,3028.3
51 Council of the Isles of Scilly,"Place, Economy and Environment",Waste and Recycling,600040,Waste Collection and Operations,57069,Waste Disposal Contracts - Private Contractors,Biffa Waste Services Ltd,44770.041666666664,3293.7,3952.44,3293.7
51 Council of the Isles of Scilly,"Place, Economy and Environment",Waste and Recycling,600040,Waste Collection and Operations,57069,Waste Disposal Contracts - Private Contractors,Bryher Forge,44763.041666666664,1265.5,1265.5,1265.5
51 Council of the Isles of Scilly,"Place, Economy and Environment",Waste and Recycling,600040,Waste Collection and Operations,57069,Waste Disposal Contracts - Private Contractors,Bryher Forge,44763.041666666664,1265.5,1265.5,1265.5
51 Council of the Isles of Scilly,"Place, Economy and Environment",Waste and Recycling,600040,Waste Collection and Operations,57069,Waste Disposal Contracts - Private Contractors,,44749.041666666664,1000,1000,1000
51 Council of the Isles of Scilly,"Place, Economy and Environment",Waste and Recycling,600040,Waste Collection and Operations,57069,Waste Disposal Contracts - Private Contractors,Suez Recycling and Recovery UK Ltd (was Sita UK Ltd),44770.041666666664,31227.52,37473.02,31227.52
51 Council of the Isles of Scilly,"Place, Economy and Environment",Waste and Recycling,600040,Waste Collection and Operations,57069,Waste Disposal Contracts - Private Contractors,Tresco Estate,44747.041666666664,3033.33,3640,3033.33
51 Council of the Isles of Scilly,"Place, Economy and Environment",Waste and Recycling,600042,Waste Recycling (Code Closed),46119,Haulage Costs,Isles Of Scilly Steamship Co,44756.041666666664,6284.5,7541.31,6284.5
51 Council of the Isles of Scilly,Democrative & Corporate Governance,Airport,600060,Airport,22001,Heating Oil,Sibleys Fuel & Marine Services,44754.041666666664,1089.5,1266.98,1192
51 Council of the Isles of Scilly,Democrative & Corporate Governance,Airport,600060,Airport,22001,Heating Oil,Sibleys Fuel & Marine Services,44754.041666666664,1089.5,1509.78,1394.33
51 Council of the Isles of Scilly,Democrative & Corporate Governance,Airport,600060,Airport,22002,Electricity,Edf Energy Plc,44764.041666666664,531.76,638.08,531.76
51 Council of the Isles of Scilly,Democrative & Corporate Governance,Airport,600060,Airport,22002,Electricity,Edf Energy Plc,44763.041666666664,653.78,784.54,653.78
51 Council of the Isles of Scilly,Democrative & Corporate Governance,Airport,600060,Airport,25003,Fire Equipment,Amerex Fire International Ltd,44768.041666666664,577.49,692.99,577.49
51 Council of the Isles of Scilly,Democrative & Corporate Governance,Airport,600060,Airport,27001,Contract Cleaning,,44747.041666666664,1140,1140,1140
51 Council of the Isles of Scilly,Democrative & Corporate Governance,Airport,600060,Airport,31205,Petrol Purchases,Sibleys Fuel & Marine Services,44754.041666666664,102.5,1266.98,1192
51 Council of the Isles of Scilly,Democrative & Corporate Governance,Airport,600060,Airport,31205,Petrol Purchases,Sibleys Fuel & Marine Services,44754.041666666664,304.83,1509.78,1394.33
51 Council of the Isles of Scilly,Democrative & Corporate Governance,Airport,600060,Airport,43504,Consultancy,Muir Matheson Aviation Limited,44768.041666666664,11014.5,13217.4,11014.5
51 Council of the Isles of Scilly,Democrative & Corporate Governance,Airport,600060,Airport,43504,Consultancy,Muir Matheson Aviation Limited,44768.041666666664,28663.8,34396.56,28663.8
51 Council of the Isles of Scilly,Democrative & Corporate Governance,Airport,600060,Airport,43505,Professional Services,GEL Airports Ltd,44754.041666666664,5394.3,6473.16,5394.3
51 Council of the Isles of Scilly,Democrative & Corporate Governance,Airport,600060,Airport,43505,Professional Services,GEL Airports Ltd,44754.041666666664,29421.36,35305.63,29421.36
51 Council of the Isles of Scilly,Democrative & Corporate Governance,Airport,600060,Airport,43505,Professional Services,GEL Airports Ltd,44756.041666666664,1419.81,1703.78,1419.81
51 Council of the Isles of Scilly,Democrative & Corporate Governance,Airport,600060,Airport,43534,Licences,Civil Aviation Authority,44757.041666666664,736.4,736.4,736.4
51 Council of the Isles of Scilly,Democrative & Corporate Governance,Airport,600060,Airport,43534,Licences,Civil Aviation Authority,44771.041666666664,736.4,736.4,736.4
51 Council of the Isles of Scilly,Democrative & Corporate Governance,Airport,600060,Airport,45210,IT Communications,Servicom (High Tech) Ltd,44754.041666666664,622.08,746.49,622.08
51 Council of the Isles of Scilly,Democrative & Corporate Governance,Airport,600060,Airport,45210,IT Communications,Servicom (High Tech) Ltd,44754.041666666664,491.67,589.99,491.67
51 Council of the Isles of Scilly,Democrative & Corporate Governance,Airport,600060,Airport,57050,Pest Control Contractor - Private Contractors,Scillonian Trading Ltd,44747.041666666664,60,588,490
51 Council of the Isles of Scilly,Community,Adult Social Care,600100,Adult Social Care,22501,Rent,,44750.041666666664,787.41,787.41,787.41
51 Council of the Isles of Scilly,Community,Adult Social Care,600100,Adult Social Care,43506,Professional Fees - Legal,Cornwall Council,44754.041666666664,2555.4,3066.48,2555.4
51 Council of the Isles of Scilly,Community,Adult Social Care,600100,Adult Social Care,43506,Professional Fees - Legal,Cornwall Council,44761.041666666664,2268.45,2722.14,2268.45
51 Council of the Isles of Scilly,Community,Adult Social Care,600101,Better Care Fund,31603,Other Public Transport,Tresco Estate,44761.041666666664,678,678,678
51 Council of the Isles of Scilly,Community,Adult Social Care,600103,Short and Long Term Support 18-64,57053,Independent Schools - Private Contractors,One Off Payments,44757.041666666664,6942.6,6942.6,6942.6
51 Council of the Isles of Scilly,Community,Adult Social Care,600103,Short and Long Term Support 18-64,62004,Direct Payments,,44750.041666666664,1232,1232,1232
51 Council of the Isles of Scilly,Community,Adult Social Care,600103,Short and Long Term Support 18-64,62004,Direct Payments,,44771.041666666664,1232,1232,1232
51 Council of the Isles of Scilly,Community,Adult Social Care,600104,Short and Long Term Support 65,47013,Grants & Conts to Other Bodies - Discretionary,Age UK Cornwall & The Isles of Scilly (Age Concern In Cornwall & The Isles of Scilly),44750.041666666664,3375,3375,3375
51 Council of the Isles of Scilly,Community,Adult Social Care,600104,Short and Long Term Support 65,57066,Independent Meals at Home - Private Contractors,Cornwall Partnership NHS Foundation Trust,44756.041666666664,1380,1656,1380
51 Council of the Isles of Scilly,Community,Adult Social Care,600104,Short and Long Term Support 65,57093,Residential Care (Long Stay) - Health,,44747.041666666664,3250.12,3250.12,3250.12
51 Council of the Isles of Scilly,Community,Adult Social Care,600105,Park House,22501,Rent,,44750.041666666664,625,625,625
51 Council of the Isles of Scilly,Community,Adult Social Care,600105,Park House,41304,Cleaning & Domestic Materials,Protec Healthcare LLP,44761.041666666664,447.19,536.63,447.19
51 Council of the Isles of Scilly,Community,Childrens Services,600113,Early Year Provision,31603,Other Public Transport,St Agnes Boating,44768.041666666664,887.06,887.06,887.06
51 Council of the Isles of Scilly,Community,Childrens Services,600113,Early Year Provision,31603,Other Public Transport,Tresco Estate,44761.041666666664,1946,1946,1946
51 Council of the Isles of Scilly,Community,Childrens Services,600113,Early Year Provision,47001,Grants & Conts to Other Bodies - Non Discretionary,Cherry Blossom Childcare,44756.041666666664,8015.41,8015.41,8015.41
51 Council of the Isles of Scilly,Community,Childrens Services,600113,Early Year Provision,47001,Grants & Conts to Other Bodies - Non Discretionary,Cherry Blossom Childcare,44756.041666666664,1826.71,1826.71,1826.71
51 Council of the Isles of Scilly,Community,Childrens Services,600113,Early Year Provision,47001,Grants & Conts to Other Bodies - Non Discretionary,Cherry Blossom Childcare,44770.041666666664,5303.81,5303.81,5303.81
51 Council of the Isles of Scilly,Community,Childrens Services,600113,Early Year Provision,47001,Grants & Conts to Other Bodies - Non Discretionary,,44756.041666666664,922,922,922
51 Council of the Isles of Scilly,Community,Childrens Services,600113,Early Year Provision,47013,Grants & Conts to Other Bodies - Discretionary,Cherry Blossom Childcare,44761.041666666664,1873.75,1873.75,1873.75
51 Council of the Isles of Scilly,Community,Childrens Services,600113,Early Year Provision,47013,Grants & Conts to Other Bodies - Discretionary,Cherry Blossom Childcare,44770.041666666664,1786.58,1786.58,1786.58
51 Council of the Isles of Scilly,Community,Childrens Services,600121,Home to School Transport,31603,Other Public Transport,St Agnes Boating,44768.041666666664,511.04,511.04,511.04
51 Council of the Isles of Scilly,Community,Childrens Services,600121,Home to School Transport,31603,Other Public Transport,Tresco Estate,44749.041666666664,2300,2300,2300
51 Council of the Isles of Scilly,Community,Childrens Services,600121,Home to School Transport,31603,Other Public Transport,Tresco Estate,44749.041666666664,3100,3100,3100
51 Council of the Isles of Scilly,Community,Childrens Services,600127,C&YP Central Support Services,12301,Training,Special Partnership Trust,44768.041666666664,1150,1150,1150
51 Council of the Isles of Scilly,Community,Childrens Services,600127,C&YP Central Support Services,31603,Other Public Transport,St Agnes Boating,44768.041666666664,754,754,754
51 Council of the Isles of Scilly,Community,Childrens Services,600127,C&YP Central Support Services,43532,Professional Fees - Other,Cherry Blossom Childcare,44761.041666666664,720.24,720.24,720.24
51 Council of the Isles of Scilly,Community,Childrens Services,600127,C&YP Central Support Services,43532,Professional Fees - Other,Hiraeth Education Management Consultants,44747.041666666664,2000,2000,2000
51 Council of the Isles of Scilly,Community,Childrens Services,600127,C&YP Central Support Services,47002,Subscriptions,CSW Group Ltd,44747.041666666664,2750,3300,2750
51 Council of the Isles of Scilly,Community,Childrens Services,600127,C&YP Central Support Services,47002,Subscriptions,Somerset County Council,44763.041666666664,700,700,700
51 Council of the Isles of Scilly,Community,Childrens Services,600127,C&YP Central Support Services,47002,Subscriptions,Somerset County Council,44763.041666666664,700,700,700
51 Council of the Isles of Scilly,Community,Childrens Services,600127,C&YP Central Support Services,47013,Grants & Conts to Other Bodies - Discretionary,Leading Edge Academies Partnership (Five Islands),44749.041666666664,2345,2345,2345
51 Council of the Isles of Scilly,Community,Childrens Services,600130,Children Social Care - Strategic,43532,Professional Fees - Other,BWR Recruitment Ltd (Total Social),44747.041666666664,2255,2706,2255
51 Council of the Isles of Scilly,Community,Childrens Services,600130,Children Social Care - Strategic,43532,Professional Fees - Other,BWR Recruitment Ltd (Total Social),44756.041666666664,1443,1731.6,1443
51 Council of the Isles of Scilly,Community,Childrens Services,600130,Children Social Care - Strategic,43532,Professional Fees - Other,BWR Recruitment Ltd (Total Social),44763.041666666664,1443,1731.6,1443
51 Council of the Isles of Scilly,Community,Childrens Services,600130,Children Social Care - Strategic,43532,Professional Fees - Other,BWR Recruitment Ltd (Total Social),44768.041666666664,1492.4,1790.88,1492.4
51 Council of the Isles of Scilly,Community,Childrens Services,600130,Children Social Care - Strategic,43532,Professional Fees - Other,iPeople Solutions Ltd,44761.041666666664,582.1,698.52,582.1
51 Council of the Isles of Scilly,Community,Childrens Services,600130,Children Social Care - Strategic,43532,Professional Fees - Other,iPeople Solutions Ltd,44763.041666666664,3437.5,4125,3437.5
51 Council of the Isles of Scilly,Community,Childrens Services,600133,CSC Short Break Care,57014,Client Related Personal Needs - Private Contractors,,44749.041666666664,1550,1550,1550
51 Council of the Isles of Scilly,Community,Childrens Services,600133,CSC Short Break Care,57014,Client Related Personal Needs - Private Contractors,,44754.041666666664,1550,1550,1550
51 Council of the Isles of Scilly,Community,Public Health,600140,Public Health,52001,Payments to Other Local Authorities,Cornwall Council,44756.041666666664,29188,29188,29188
51 Council of the Isles of Scilly,Community,Learning and Library,600210,Adult Education,12301,Training,FreeBird Associates Ltd,44749.041666666664,625,625,625
51 Council of the Isles of Scilly,Community,Learning and Library,600210,Adult Education,43532,Professional Fees - Other,Cornwall Council,44770.041666666664,1567.74,1567.74,1567.74
51 Council of the Isles of Scilly,Community,Learning and Library,600210,Adult Education,43534,Licences,Cornwall Council,44756.041666666664,4023.75,4828.5,4023.75
51 Council of the Isles of Scilly,Community,Learning and Library,600212,Customer Hub,41102,Equipment Rental,Francotyp-Postalia Ltd,44757.041666666664,733.07,879.69,733.07
51 Council of the Isles of Scilly,"Place, Economy and Environment",Inshore Fisheries and Conservation Authorities,600220,IFCA,31201,Marine Gas Oil,Sibleys Fuel & Marine Services,44761.041666666664,1066.48,1279.78,1066.48
51 Council of the Isles of Scilly,"Place, Economy and Environment",Inshore Fisheries and Conservation Authorities,600220,IFCA,31201,Marine Gas Oil,Sibleys Fuel & Marine Services,44768.041666666664,606.09,727.31,606.09
51 Council of the Isles of Scilly,"Place, Economy and Environment",Inshore Fisheries and Conservation Authorities,600220,IFCA,43532,Professional Fees - Other,Cornwall Council,44768.041666666664,760,760,760
51 Council of the Isles of Scilly,"Place, Economy and Environment",Inshore Fisheries and Conservation Authorities,600220,IFCA,44004,Insurance Premiums - Marine,Knighthood Insurance with Distinction,44749.041666666664,2916.66,2916.66,2916.66
51 Council of the Isles of Scilly,"Place, Economy and Environment",Housing Rented Property and Homelessness,600240,Social Housing,21101,R&M - Buildings - Planned,DMF Carpentry,44747.041666666664,1200,3993.88,3993.88
51 Council of the Isles of Scilly,"Place, Economy and Environment",Housing Rented Property and Homelessness,600240,Social Housing,21101,R&M - Buildings - Planned,DMF Carpentry,44747.041666666664,2793.88,3993.88,3993.88
51 Council of the Isles of Scilly,"Place, Economy and Environment",Housing Rented Property and Homelessness,600240,Social Housing,21101,R&M - Buildings - Planned,Harvey Rowe Plumbing,44754.041666666664,-3766.67,4100,3416.67
51 Council of the Isles of Scilly,"Place, Economy and Environment",Housing Rented Property and Homelessness,600240,Social Housing,21101,R&M - Buildings - Planned,Harvey Rowe Plumbing,44754.041666666664,-2100,4100,3416.67
51 Council of the Isles of Scilly,"Place, Economy and Environment",Housing Rented Property and Homelessness,600240,Social Housing,21101,R&M - Buildings - Planned,Harvey Rowe Plumbing,44754.041666666664,1666.67,4100,3416.67
51 Council of the Isles of Scilly,"Place, Economy and Environment",Housing Rented Property and Homelessness,600240,Social Housing,21101,R&M - Buildings - Planned,Harvey Rowe Plumbing,44754.041666666664,1750,4100,3416.67
51 Council of the Isles of Scilly,"Place, Economy and Environment",Housing Rented Property and Homelessness,600240,Social Housing,21101,R&M - Buildings - Planned,Harvey Rowe Plumbing,44754.041666666664,2100,4100,3416.67
51 Council of the Isles of Scilly,"Place, Economy and Environment",Housing Rented Property and Homelessness,600240,Social Housing,21101,R&M - Buildings - Planned,Harvey Rowe Plumbing,44754.041666666664,3766.67,4100,3416.67
51 Council of the Isles of Scilly,"Place, Economy and Environment",Housing Rented Property and Homelessness,600240,Social Housing,21101,R&M - Buildings - Planned,,44749.041666666664,1682,3502,3502
51 Council of the Isles of Scilly,"Place, Economy and Environment",Housing Rented Property and Homelessness,600240,Social Housing,21101,R&M - Buildings - Planned,,44749.041666666664,1820,3502,3502
51 Council of the Isles of Scilly,"Place, Economy and Environment",Housing Rented Property and Homelessness,600240,Social Housing,21101,R&M - Buildings - Planned,Peter Gilbert Plumbing & Heating,44749.041666666664,-1615.2,3055.2,2546
51 Council of the Isles of Scilly,"Place, Economy and Environment",Housing Rented Property and Homelessness,600240,Social Housing,21101,R&M - Buildings - Planned,Peter Gilbert Plumbing & Heating,44749.041666666664,1106,3055.2,2546
51 Council of the Isles of Scilly,"Place, Economy and Environment",Housing Rented Property and Homelessness,600240,Social Housing,21101,R&M - Buildings - Planned,Peter Gilbert Plumbing & Heating,44749.041666666664,1440,3055.2,2546
51 Council of the Isles of Scilly,"Place, Economy and Environment",Housing Rented Property and Homelessness,600240,Social Housing,21101,R&M - Buildings - Planned,Peter Gilbert Plumbing & Heating,44749.041666666664,1615.2,3055.2,2546
51 Council of the Isles of Scilly,"Place, Economy and Environment",Housing Rented Property and Homelessness,600240,Social Housing,21201,R&M - Buildings - Reactive,Peter Gilbert Plumbing & Heating,44754.041666666664,120,664.8,554
51 Council of the Isles of Scilly,"Place, Economy and Environment",Housing Rented Property and Homelessness,600240,Social Housing,21201,R&M - Buildings - Reactive,Peter Gilbert Plumbing & Heating,44754.041666666664,434,664.8,554
51 Council of the Isles of Scilly,"Place, Economy and Environment",Housing Rented Property and Homelessness,600240,Social Housing,21201,R&M - Buildings - Reactive,Wright Construction,44747.041666666664,445,534,445
51 Council of the Isles of Scilly,"Place, Economy and Environment",Housing Rented Property and Homelessness,600240,Social Housing,21201,R&M - Buildings - Reactive,Wright Construction,44747.041666666664,900,1080,900
51 Council of the Isles of Scilly,"Place, Economy and Environment",Housing Rented Property and Homelessness,600240,Social Housing,21201,R&M - Buildings - Reactive,Wright Construction,44749.041666666664,1070,1284,1070
51 Council of the Isles of Scilly,"Place, Economy and Environment",Housing Rented Property and Homelessness,600240,Social Housing,21201,R&M - Buildings - Reactive,Wright Construction,44749.041666666664,554,664.8,554
51 Council of the Isles of Scilly,"Place, Economy and Environment",Housing Rented Property and Homelessness,600240,Social Housing,21201,R&M - Buildings - Reactive,Wright Construction,44763.041666666664,554,664.8,554
51 Council of the Isles of Scilly,"Place, Economy and Environment",Housing Rented Property and Homelessness,600240,Social Housing,21201,R&M - Buildings - Reactive,Wright Construction,44768.041666666664,3375,4050,3375
51 Council of the Isles of Scilly,"Place, Economy and Environment",Housing Rented Property and Homelessness,600241,Private Housing,22501,Rent,One Off Payments,44757.041666666664,-2669,700,700
51 Council of the Isles of Scilly,"Place, Economy and Environment",Housing Rented Property and Homelessness,600241,Private Housing,22501,Rent,One Off Payments,44757.041666666664,700,700,700
51 Council of the Isles of Scilly,"Place, Economy and Environment",Housing Rented Property and Homelessness,600241,Private Housing,22501,Rent,One Off Payments,44757.041666666664,2669,700,700
51 Council of the Isles of Scilly,"Place, Economy and Environment",Housing Rented Property and Homelessness,600242,Housing Staffing,21101,R&M - Buildings - Planned,Wright Construction,44763.041666666664,11380,13656,11380
51 Council of the Isles of Scilly,"Place, Economy and Environment",Housing Rented Property and Homelessness,600243,Housing Delivery Project,43533,Professional Fees - Property Surveys,Vickery Holman Ltd,44756.041666666664,2000,2400,2000
51 Council of the Isles of Scilly,"Place, Economy and Environment",Strategic Development Management,600250,Strategic Development SLT,12301,Training,,44768.041666666664,1329.28,1329.28,1329.28
51 Council of the Isles of Scilly,"Place, Economy and Environment",Strategic Development Management,600260,Voucher Scheme,43512,Publicity Promotions & Marketing,Scilly Now & Then,44768.041666666664,570,570,570
51 Council of the Isles of Scilly,"Place, Economy and Environment",Strategic Development Management,600261,GO-EV Smart,43504,Consultancy,Community Venture (Smart Islands Project),44770.041666666664,754.47,754.47,754.47
51 Council of the Isles of Scilly,"Place, Economy and Environment",Strategic Development Management,600261,GO-EV Smart,43504,Consultancy,Community Venture (Smart Islands Project),44770.041666666664,5029.83,5029.83,5029.83
51 Council of the Isles of Scilly,Democrative & Corporate Governance,Lisensing,600300,Licensing,43532,Professional Fees - Other,Cornwall Council,44756.041666666664,1200,1440,1200
51 Council of the Isles of Scilly,Democrative & Corporate Governance,Democrative and Corporate Governance,600303,Corporate Management,43532,Professional Fees - Other,Cornwall Council,44756.041666666664,745,894,745
51 Council of the Isles of Scilly,Democrative & Corporate Governance,Democrative and Corporate Governance,600303,Corporate Management,43548,External Audit Charges,Grant Thornton Ltd,44768.041666666664,17365,20838,17365
51 Council of the Isles of Scilly,Democrative & Corporate Governance,Democrative and Corporate Governance,600303,Corporate Management,49002,Miscellaneous Expenditure,Civica Uk Ltd,44756.041666666664,-4246.92,5096.3,4246.92
51 Council of the Isles of Scilly,Democrative & Corporate Governance,Democrative and Corporate Governance,600303,Corporate Management,49002,Miscellaneous Expenditure,Civica Uk Ltd,44756.041666666664,4246.92,5096.3,4246.92
51 Council of the Isles of Scilly,Democrative & Corporate Governance,Democrative and Corporate Governance,600303,Corporate Management,89202,Legal Fees & Expenses,The Copyright Licensing Agency Ltd,44747.041666666664,650.43,780.52,650.43
51 Council of the Isles of Scilly,Community,Active Scilly,600313,Normandy Swimming Pool,43532,Professional Fees - Other,Davey & Gilbert Ltd,44768.041666666664,453.11,543.73,453.11
51 Council of the Isles of Scilly,Community,Active Scilly,600313,Normandy Swimming Pool,57050,Pest Control Contractor - Private Contractors,Scillonian Trading Ltd,44747.041666666664,30,588,490
51 Council of the Isles of Scilly,Community,Active Scilly,600314,Fitness Centre,41104,Equipment & Plant - Direct Purchase,Westech (Sw) Limited,44754.041666666664,-989.5,1164.5,989.5
51 Council of the Isles of Scilly,Community,Active Scilly,600314,Fitness Centre,41104,Equipment & Plant - Direct Purchase,Westech (Sw) Limited,44754.041666666664,114.5,1164.5,989.5
51 Council of the Isles of Scilly,Community,Active Scilly,600314,Fitness Centre,41104,Equipment & Plant - Direct Purchase,Westech (Sw) Limited,44754.041666666664,875,1164.5,989.5
51 Council of the Isles of Scilly,Community,Active Scilly,600314,Fitness Centre,41104,Equipment & Plant - Direct Purchase,Westech (Sw) Limited,44754.041666666664,989.5,1164.5,989.5
51 Council of the Isles of Scilly,Democrative & Corporate Governance,Support Services,600321,Finance,31102,Vehicle Repair and Maintenance,Sibleys Fuel & Marine Services,44754.041666666664,-4538.89,4993.19,4538.89
51 Council of the Isles of Scilly,Democrative & Corporate Governance,Support Services,600321,Finance,31102,Vehicle Repair and Maintenance,Sibleys Fuel & Marine Services,44754.041666666664,1515.53,4993.19,4538.89
51 Council of the Isles of Scilly,Democrative & Corporate Governance,Support Services,600321,Finance,31102,Vehicle Repair and Maintenance,Sibleys Fuel & Marine Services,44754.041666666664,3023.36,4993.19,4538.89
51 Council of the Isles of Scilly,Democrative & Corporate Governance,Support Services,600321,Finance,31102,Vehicle Repair and Maintenance,Sibleys Fuel & Marine Services,44754.041666666664,4538.89,4993.19,4538.89
51 Council of the Isles of Scilly,Democrative & Corporate Governance,Support Services,600321,Finance,43548,External Audit Charges,Cornwall Council,44770.041666666664,8740,8740,8740
51 Council of the Isles of Scilly,Democrative & Corporate Governance,Support Services,600321,Finance,45105,Telephone Usage,The Phone Co-Op Ltd,44757.041666666664,-1008.81,1200.97,1000.81
51 Council of the Isles of Scilly,Democrative & Corporate Governance,Support Services,600321,Finance,45105,Telephone Usage,The Phone Co-Op Ltd,44757.041666666664,1000.81,1200.97,1000.81
51 Council of the Isles of Scilly,Democrative & Corporate Governance,Support Services,600321,Finance,45105,Telephone Usage,The Phone Co-Op Ltd,44757.041666666664,1008.81,1200.97,1000.81
51 Council of the Isles of Scilly,Democrative & Corporate Governance,Human Resources,600323,Human Resources,12504,Occupational Health Charges,,44768.041666666664,660,660,660
51 Council of the Isles of Scilly,Democrative & Corporate Governance,Human Resources,600323,Human Resources,12506,Bike 2 Work Scheme,Cycle Solutions (Cycle to Work) Ltd,44770.041666666664,80.99,1506.8,1269.17
51 Council of the Isles of Scilly,Democrative & Corporate Governance,Human Resources,600323,Human Resources,12506,Bike 2 Work Scheme,Cycle Solutions (Cycle to Work) Ltd,44770.041666666664,1188.18,1506.8,1269.17
51 Council of the Isles of Scilly,Democrative & Corporate Governance,Support Services,600324,Information Technology,45208,IT Software Support,Cornwall Council,44770.041666666664,57535.76,69042.91,57535.76
51 Council of the Isles of Scilly,Democrative & Corporate Governance,Democrative and Corporate Governance,600328,Levelling Up Fund – Sea Link Project,43504,Consultancy,Bloom Procurement Services Ltd,44749.041666666664,1368.36,1642.03,1368.36
51 Council of the Isles of Scilly,Democrative & Corporate Governance,Democrative and Corporate Governance,600328,Levelling Up Fund – Sea Link Project,43504,Consultancy,Bloom Procurement Services Ltd,44763.041666666664,9579,11494.8,9579
51 Council of the Isles of Scilly,Democrative & Corporate Governance,Democrative and Corporate Governance,600328,Levelling Up Fund – Sea Link Project,43504,Consultancy,Bloom Procurement Services Ltd,44770.041666666664,1881.58,2257.9,1881.58
51 Council of the Isles of Scilly,Democrative & Corporate Governance,Democrative and Corporate Governance,600334,Covid-19 Non Discretionary Grant Payments,92111,DCLG Other Non Specific Grants,One Off Payments,44743.041666666664,504090,504090,504090
51 Council of the Isles of Scilly,Strategic Development and Finance,Housing Rented Property and Homelessness,690003,Strategy & Development Directorate,89104,Major Enhancement Works,Wright Construction,44763.041666666664,34404,41284.8,34404
51 Council of the Isles of Scilly,Strategic Development and Finance,Housing Rented Property and Homelessness,690003,Strategy & Development Directorate,89208,Inspection / Survey Fees,British Telecommunications Plc Openreach,44756.041666666664,2135.37,2562.44,2135.37
51 Council of the Isles of Scilly,Strategic Development and Finance,Housing Rented Property and Homelessness,690003,Strategy & Development Directorate,89209,Other Professional Fees,Currie & Brown UK Ltd,44770.041666666664,3922.5,4707,3922.5
51 Council of the Isles of Scilly,Strategic Development and Finance,Housing Rented Property and Homelessness,690003,Strategy & Development Directorate,89301,Capital Grants Paid,,44763.041666666664,2121.93,2121.93,2121.93
51 Council of the Isles of Scilly,Strategic Development and Finance,Housing Rented Property and Homelessness,690003,Strategy & Development Directorate,89301,Capital Grants Paid,,44763.041666666664,18817.93,18817.93,18817.93
51 Council of the Isles of Scilly,Strategic Development and Finance,Housing Rented Property and Homelessness,690003,Strategy & Development Directorate,89301,Capital Grants Paid,Troytown Farm,44747.041666666664,8794.07,8794.07,8794.07
51 Council of the Isles of Scilly,"Place, Economy and Environment",Natural Resources and Assets,600001,Corporate Properties,22002,Electricity,Edf Energy Plc,44785.041666666664,587.1,704.52,587.1
51 Council of the Isles of Scilly,"Place, Economy and Environment",Natural Resources and Assets,600001,Corporate Properties,24001,Water,South West Water Ltd,44796.041666666664,644.72,644.72,644.72
51 Council of the Isles of Scilly,"Place, Economy and Environment",Natural Resources and Assets,600001,Corporate Properties,27001,Contract Cleaning,Scilly Self Catering,44775.041666666664,2013.76,2416.52,2013.76
51 Council of the Isles of Scilly,"Place, Economy and Environment",Natural Resources and Assets,600001,Corporate Properties,27001,Contract Cleaning,Scilly Self Catering,44775.041666666664,2013.76,2416.52,2013.76
51 Council of the Isles of Scilly,"Place, Economy and Environment",Natural Resources and Assets,600001,Corporate Properties,27001,Contract Cleaning,Scilly Self Catering,44791.041666666664,2013.76,2416.52,2013.76
51 Council of the Isles of Scilly,"Place, Economy and Environment",Natural Resources and Assets,600001,Corporate Properties,27001,Contract Cleaning,Scilly Self Catering,44798.041666666664,2013.76,2416.52,2013.76
51 Council of the Isles of Scilly,"Place, Economy and Environment",Natural Resources and Assets,600001,Corporate Properties,27001,Contract Cleaning,Scilly Self Catering,44791.041666666664,2008.14,2409.78,2008.14
51 Council of the Isles of Scilly,"Place, Economy and Environment",Natural Resources and Assets,600001,Corporate Properties,49002,Miscellaneous Expenditure,AADNunn Energy Assessors,44796.041666666664,600,600,600
51 Council of the Isles of Scilly,"Place, Economy and Environment",Natural Resources and Assets,600002,Public Conveniences,41304,Cleaning & Domestic Materials,,44784.041666666664,796.25,796.25,796.25
51 Council of the Isles of Scilly,"Place, Economy and Environment",Natural Resources and Assets,600002,Public Conveniences,41304,Cleaning & Domestic Materials,ESPO Eastern Shires Purchasing Organisation,44798.041666666664,688.3,825.96,688.3
51 Council of the Isles of Scilly,"Place, Economy and Environment",Natural Resources and Assets,600002,Public Conveniences,57050,Pest Control Contractor - Private Contractors,Scillonian Trading Ltd,44775.041666666664,30,528,440
51 Council of the Isles of Scilly,"Place, Economy and Environment",Natural Resources and Assets,600002,Public Conveniences,57050,Pest Control Contractor - Private Contractors,Scillonian Trading Ltd,44789.041666666664,30,648,540
51 Council of the Isles of Scilly,"Place, Economy and Environment",Natural Resources and Assets,600003,Commercial Property,22002,Electricity,Edf Energy Plc,44778.041666666664,894.84,1073.8,894.84
51 Council of the Isles of Scilly,"Place, Economy and Environment",Natural Resources and Assets,600006,Adaptive Scillies,49002,Miscellaneous Expenditure,Marine Management Organisation,44775.041666666664,854,854,854
51 Council of the Isles of Scilly,"Place, Economy and Environment",Natural Resources and Assets,600006,Adaptive Scillies,49002,Miscellaneous Expenditure,RSK Environmental Ltd,44791.041666666664,2688.66,3226.39,2688.66
51 Council of the Isles of Scilly,"Place, Economy and Environment",Operational Services,600010,Operational R & M Services,41104,Equipment & Plant - Direct Purchase,Flowplant Group Ltd,44782.041666666664,1757.14,2108.56,1757.14
51 Council of the Isles of Scilly,"Place, Economy and Environment",Operational Services,600012,Highways,31102,Vehicle Repair and Maintenance,Munihire Ltd,44791.041666666664,1779.29,2135.15,1779.29
51 Council of the Isles of Scilly,"Place, Economy and Environment",Operational Services,600013,Open Spaces & Beaches,49369,Pest Control,Scillonian Trading Ltd,44789.041666666664,50,648,540
51 Council of the Isles of Scilly,"Place, Economy and Environment",Operational Services,600013,Open Spaces & Beaches,57050,Pest Control Contractor - Private Contractors,Scillonian Trading Ltd,44775.041666666664,30,528,440
51 Council of the Isles of Scilly,"Place, Economy and Environment",Operational Services,600013,Open Spaces & Beaches,57050,Pest Control Contractor - Private Contractors,Scillonian Trading Ltd,44789.041666666664,30,648,540
51 Council of the Isles of Scilly,Community,Fire and Rescue,600030,Fire & Rescue,21124,R&M - Planned Fire equip servicing,1A Engineering,44803.041666666664,6742.5,6742.5,6742.5
51 Council of the Isles of Scilly,Community,Fire and Rescue,600030,Fire & Rescue,21124,R&M - Planned Fire equip servicing,1A Engineering,44803.041666666664,2650.11,2650.11,2650.11
51 Council of the Isles of Scilly,"Place, Economy and Environment",Waste and Recycling,600040,Waste Collection and Operations,22501,Rent,Duchy Of Cornwall,44803.041666666664,1687.5,1687.5,1687.5
51 Council of the Isles of Scilly,"Place, Economy and Environment",Waste and Recycling,600040,Waste Collection and Operations,22501,Rent,Duchy Of Cornwall,44803.041666666664,999.66,999.66,999.66
51 Council of the Isles of Scilly,"Place, Economy and Environment",Waste and Recycling,600040,Waste Collection and Operations,31102,Vehicle Repair and Maintenance,Harrison Fork Trucks Ltd,44798.041666666664,-1034.32,1241.3,1034.42
51 Council of the Isles of Scilly,"Place, Economy and Environment",Waste and Recycling,600040,Waste Collection and Operations,31102,Vehicle Repair and Maintenance,Harrison Fork Trucks Ltd,44798.041666666664,1034.32,1241.3,1034.42
51 Council of the Isles of Scilly,"Place, Economy and Environment",Waste and Recycling,600040,Waste Collection and Operations,31102,Vehicle Repair and Maintenance,Harrison Fork Trucks Ltd,44798.041666666664,1034.42,1241.3,1034.42
51 Council of the Isles of Scilly,"Place, Economy and Environment",Waste and Recycling,600040,Waste Collection and Operations,31102,Vehicle Repair and Maintenance,Kellands (Plant Sales) Ltd,44803.041666666664,836.59,1003.91,836.59
51 Council of the Isles of Scilly,"Place, Economy and Environment",Waste and Recycling,600040,Waste Collection and Operations,31102,Vehicle Repair and Maintenance,Sibleys Fuel & Marine Services,44803.041666666664,-2995.13,3430.34,2995.13
51 Council of the Isles of Scilly,"Place, Economy and Environment",Waste and Recycling,600040,Waste Collection and Operations,31102,Vehicle Repair and Maintenance,Sibleys Fuel & Marine Services,44803.041666666664,1092.15,3430.34,2995.13
51 Council of the Isles of Scilly,"Place, Economy and Environment",Waste and Recycling,600040,Waste Collection and Operations,31102,Vehicle Repair and Maintenance,Sibleys Fuel & Marine Services,44803.041666666664,1902.98,3430.34,2995.13
51 Council of the Isles of Scilly,"Place, Economy and Environment",Waste and Recycling,600040,Waste Collection and Operations,31102,Vehicle Repair and Maintenance,Sibleys Fuel & Marine Services,44803.041666666664,2995.13,3430.34,2995.13
51 Council of the Isles of Scilly,"Place, Economy and Environment",Waste and Recycling,600040,Waste Collection and Operations,31102,Vehicle Repair and Maintenance,Vincent Tractors Ltd,44784.041666666664,792.53,951.03,792.53
51 Council of the Isles of Scilly,"Place, Economy and Environment",Waste and Recycling,600040,Waste Collection and Operations,46119,Haulage Costs,Island Carriers,44789.041666666664,3535.69,4242.84,3535.69
51 Council of the Isles of Scilly,"Place, Economy and Environment",Waste and Recycling,600040,Waste Collection and Operations,46119,Haulage Costs,Isles Of Scilly Steamship Co,44789.041666666664,14448.11,17337.7,14448.11
51 Council of the Isles of Scilly,"Place, Economy and Environment",Waste and Recycling,600040,Waste Collection and Operations,57050,Pest Control Contractor - Private Contractors,Scillonian Trading Ltd,44775.041666666664,290,528,440
51 Council of the Isles of Scilly,"Place, Economy and Environment",Waste and Recycling,600040,Waste Collection and Operations,57050,Pest Control Contractor - Private Contractors,Scillonian Trading Ltd,44789.041666666664,290,648,540
51 Council of the Isles of Scilly,"Place, Economy and Environment",Waste and Recycling,600040,Waste Collection and Operations,57069,Waste Disposal Contracts - Private Contractors,Bryher Forge,44791.041666666664,1265.5,1265.5,1265.5
51 Council of the Isles of Scilly,"Place, Economy and Environment",Waste and Recycling,600040,Waste Collection and Operations,57069,Waste Disposal Contracts - Private Contractors,,44782.041666666664,1000,1000,1000
51 Council of the Isles of Scilly,"Place, Economy and Environment",Waste and Recycling,600040,Waste Collection and Operations,57069,Waste Disposal Contracts - Private Contractors,Suez Recycling and Recovery UK Ltd (was Sita UK Ltd),44803.041666666664,29062.62,34875.14,29062.62
51 Council of the Isles of Scilly,"Place, Economy and Environment",Waste and Recycling,600040,Waste Collection and Operations,57069,Waste Disposal Contracts - Private Contractors,Tresco Estate,44803.041666666664,3033.33,3640,3033.33
51 Council of the Isles of Scilly,"Place, Economy and Environment",Waste and Recycling,600040,Waste Collection and Operations,57069,Waste Disposal Contracts - Private Contractors,Tresco Estate,44803.041666666664,3033.33,3640,3033.33
51 Council of the Isles of Scilly,"Place, Economy and Environment",Waste and Recycling,600042,Waste Recycling (Code Closed),46119,Haulage Costs,Isles Of Scilly Steamship Co,44789.041666666664,8023.95,9628.73,8023.95
51 Council of the Isles of Scilly,Democrative & Corporate Governance,Airport,600060,Airport,21101,R&M - Buildings - Planned,Mark King Flooring,44803.041666666664,1348,1348,1348
51 Council of the Isles of Scilly,Democrative & Corporate Governance,Airport,600060,Airport,22002,Electricity,Edf Energy Plc,44777.041666666664,1752.95,2103.54,1752.95
51 Council of the Isles of Scilly,Democrative & Corporate Governance,Airport,600060,Airport,22002,Electricity,Edf Energy Plc,44777.041666666664,1350.31,1620.37,1350.31
51 Council of the Isles of Scilly,Democrative & Corporate Governance,Airport,600060,Airport,22002,Electricity,Edf Energy Plc,44799.041666666664,532.54,639.04,532.54
51 Council of the Isles of Scilly,Democrative & Corporate Governance,Airport,600060,Airport,27001,Contract Cleaning,,44775.041666666664,1170,1170,1170
51 Council of the Isles of Scilly,Democrative & Corporate Governance,Airport,600060,Airport,45210,IT Communications,Servicom (High Tech) Ltd,44782.041666666664,622.08,746.49,622.08
51 Council of the Isles of Scilly,Democrative & Corporate Governance,Airport,600060,Airport,45210,IT Communications,Servicom (High Tech) Ltd,44782.041666666664,491.67,589.99,491.67
51 Council of the Isles of Scilly,Democrative & Corporate Governance,Airport,600060,Airport,57050,Pest Control Contractor - Private Contractors,Scillonian Trading Ltd,44775.041666666664,60,528,440
51 Council of the Isles of Scilly,Democrative & Corporate Governance,Airport,600060,Airport,57050,Pest Control Contractor - Private Contractors,Scillonian Trading Ltd,44789.041666666664,60,648,540
51 Council of the Isles of Scilly,Community,Adult Social Care,600100,Adult Social Care,22501,Rent,,44792.041666666664,787.41,787.41,787.41
51 Council of the Isles of Scilly,Community,Adult Social Care,600100,Adult Social Care,43532,Professional Fees - Other,,44775.041666666664,2293,2293,2293
51 Council of the Isles of Scilly,Community,Adult Social Care,600101,Better Care Fund,31603,Other Public Transport,Tresco Estate,44791.041666666664,642,642,642
51 Council of the Isles of Scilly,Community,Adult Social Care,600101,Better Care Fund,47013,Grants & Conts to Other Bodies - Discretionary,Age UK Cornwall & The Isles of Scilly (Age Concern In Cornwall & The Isles of Scilly),44799.041666666664,3375,3375,3375
51 Council of the Isles of Scilly,Community,Adult Social Care,600103,Short and Long Term Support 18-64,57053,Independent Schools - Private Contractors,One Off Payments,44799.041666666664,6942.6,6942.6,6942.6
51 Council of the Isles of Scilly,Community,Adult Social Care,600103,Short and Long Term Support 18-64,62004,Direct Payments,One Off Payments,44799.041666666664,1232,1232,1232
51 Council of the Isles of Scilly,Community,Adult Social Care,600104,Short and Long Term Support 65,57066,Independent Meals at Home - Private Contractors,Cornwall Partnership NHS Foundation Trust,44777.041666666664,1405,1686,1405
51 Council of the Isles of Scilly,Community,Adult Social Care,600104,Short and Long Term Support 65,57093,Residential Care (Long Stay) - Health,,44775.041666666664,3250.12,3250.12,3250.12
51 Council of the Isles of Scilly,Community,Adult Social Care,600104,Short and Long Term Support 65,57093,Residential Care (Long Stay) - Health,,44803.041666666664,3250.12,3250.12,3250.12
51 Council of the Isles of Scilly,Community,Adult Social Care,600105,Park House,22002,Electricity,Edf Energy Plc,44799.041666666664,-1471.79,2775.95,2313.3
51 Council of the Isles of Scilly,Community,Adult Social Care,600105,Park House,22002,Electricity,Edf Energy Plc,44799.041666666664,3785.09,2775.95,2313.3
51 Council of the Isles of Scilly,Community,Adult Social Care,600105,Park House,22501,Rent,,44799.041666666664,655,655,655
51 Council of the Isles of Scilly,Community,Adult Social Care,600105,Park House,24001,Water,South West Water Ltd,44796.041666666664,1025.37,1025.37,1025.37
51 Council of the Isles of Scilly,Community,Adult Social Care,600105,Park House,42001,Catering - Provisions,Booker Ltd,44782.041666666664,201.71,1137.37,1097.03
51 Council of the Isles of Scilly,Community,Adult Social Care,600105,Park House,42001,Catering - Provisions,Booker Ltd,44782.041666666664,895.32,1137.37,1097.03
51 Council of the Isles of Scilly,Community,Adult Social Care,600105,Park House,42001,Catering - Provisions,Mike Benney Butchers Ltd,44775.041666666664,1325.1,1325.1,1325.1
51 Council of the Isles of Scilly,Community,Adult Social Care,600105,Park House,42001,Catering - Provisions,Mike Benney Butchers Ltd,44791.041666666664,1551.86,1551.86,1551.86
51 Council of the Isles of Scilly,Community,Adult Social Care,600105,Park House,42001,Catering - Provisions,Westcountry Fruit Sales Ltd,44799.041666666664,588.45,588.45,588.45
51 Council of the Isles of Scilly,Community,Childrens Services,600113,Early Year Provision,31603,Other Public Transport,Tresco Estate,44789.041666666664,1792,1792,1792
51 Council of the Isles of Scilly,Community,Childrens Services,600120,Post 16 Travel and Accommodation Grant,47016,Accomodation Grants,,44803.041666666664,1905.32,1905.32,1905.32
51 Council of the Isles of Scilly,Community,Childrens Services,600120,Post 16 Travel and Accommodation Grant,47016,Accomodation Grants,,44803.041666666664,1905.32,1905.32,1905.32
51 Council of the Isles of Scilly,Community,Childrens Services,600120,Post 16 Travel and Accommodation Grant,47016,Accomodation Grants,,44803.041666666664,1905.32,1905.32,1905.32
51 Council of the Isles of Scilly,Community,Childrens Services,600120,Post 16 Travel and Accommodation Grant,47016,Accomodation Grants,,44803.041666666664,1905.32,1905.32,1905.32
51 Council of the Isles of Scilly,Community,Childrens Services,600120,Post 16 Travel and Accommodation Grant,47016,Accomodation Grants,,44782.041666666664,703.69,703.69,703.69
51 Council of the Isles of Scilly,Community,Childrens Services,600120,Post 16 Travel and Accommodation Grant,47016,Accomodation Grants,,44803.041666666664,1905.32,1905.32,1905.32
51 Council of the Isles of Scilly,Community,Childrens Services,600120,Post 16 Travel and Accommodation Grant,47016,Accomodation Grants,,44803.041666666664,1905.32,1905.32,1905.32
51 Council of the Isles of Scilly,Community,Childrens Services,600120,Post 16 Travel and Accommodation Grant,47016,Accomodation Grants,,44803.041666666664,1905.32,1905.32,1905.32
51 Council of the Isles of Scilly,Community,Childrens Services,600120,Post 16 Travel and Accommodation Grant,47016,Accomodation Grants,,44803.041666666664,1905.32,1905.32,1905.32
51 Council of the Isles of Scilly,Community,Childrens Services,600120,Post 16 Travel and Accommodation Grant,47016,Accomodation Grants,,44803.041666666664,1905.32,1905.32,1905.32
51 Council of the Isles of Scilly,Community,Childrens Services,600120,Post 16 Travel and Accommodation Grant,47016,Accomodation Grants,,44803.041666666664,1905.32,1905.32,1905.32
51 Council of the Isles of Scilly,Community,Childrens Services,600120,Post 16 Travel and Accommodation Grant,47016,Accomodation Grants,,44803.041666666664,1905.32,1905.32,1905.32
51 Council of the Isles of Scilly,Community,Childrens Services,600120,Post 16 Travel and Accommodation Grant,47016,Accomodation Grants,,44803.041666666664,1905.32,1905.32,1905.32
51 Council of the Isles of Scilly,Community,Childrens Services,600120,Post 16 Travel and Accommodation Grant,47016,Accomodation Grants,,44803.041666666664,1905.32,1905.32,1905.32
51 Council of the Isles of Scilly,Community,Childrens Services,600120,Post 16 Travel and Accommodation Grant,47016,Accomodation Grants,,44803.041666666664,1905.32,1905.32,1905.32
51 Council of the Isles of Scilly,Community,Childrens Services,600120,Post 16 Travel and Accommodation Grant,47016,Accomodation Grants,,44803.041666666664,1905.32,1905.32,1905.32
51 Council of the Isles of Scilly,Community,Childrens Services,600120,Post 16 Travel and Accommodation Grant,47016,Accomodation Grants,,44803.041666666664,1905.32,1905.32,1905.32
51 Council of the Isles of Scilly,Community,Childrens Services,600120,Post 16 Travel and Accommodation Grant,47016,Accomodation Grants,,44803.041666666664,1905.32,1905.32,1905.32
51 Council of the Isles of Scilly,Community,Childrens Services,600120,Post 16 Travel and Accommodation Grant,47016,Accomodation Grants,,44803.041666666664,1905.32,1905.32,1905.32
51 Council of the Isles of Scilly,Community,Childrens Services,600120,Post 16 Travel and Accommodation Grant,47016,Accomodation Grants,,44803.041666666664,1905.32,1905.32,1905.32
51 Council of the Isles of Scilly,Community,Childrens Services,600120,Post 16 Travel and Accommodation Grant,47016,Accomodation Grants,,44803.041666666664,1905.32,1905.32,1905.32
51 Council of the Isles of Scilly,Community,Childrens Services,600121,Home to School Transport,31603,Other Public Transport,Tresco Estate,44789.041666666664,3213,3213,3213
51 Council of the Isles of Scilly,Community,Childrens Services,600123,High Need SEND,31812,Home to School Transport - Volunteer and Other Payments,Tresco Estate,44803.041666666664,725.2,725.2,725.2
51 Council of the Isles of Scilly,Community,Childrens Services,600123,High Need SEND,43532,Professional Fees - Other,Nisai Virtual Academy Ltd,44796.041666666664,1900,1900,1900
51 Council of the Isles of Scilly,Community,Childrens Services,600123,High Need SEND,43532,Professional Fees - Other,St Joseph's School,44798.041666666664,4710,4710,4710
51 Council of the Isles of Scilly,Community,Childrens Services,600123,High Need SEND,47001,Grants & Conts to Other Bodies - Non Discretionary,Leading Edge Academies Partnership (Five Islands),44775.041666666664,6079.95,6079.95,6079.95
51 Council of the Isles of Scilly,Community,Childrens Services,600127,C&YP Central Support Services,31603,Other Public Transport,,44775.041666666664,1627.26,1627.26,1627.26
51 Council of the Isles of Scilly,Community,Childrens Services,600127,C&YP Central Support Services,43532,Professional Fees - Other,Cherry Blossom Childcare,44789.041666666664,701.22,701.22,701.22
51 Council of the Isles of Scilly,Community,Childrens Services,600127,C&YP Central Support Services,43532,Professional Fees - Other,Cornwall Council,44789.041666666664,2400,2400,2400
51 Council of the Isles of Scilly,Community,Childrens Services,600127,C&YP Central Support Services,43532,Professional Fees - Other,Cornwall Council,44789.041666666664,2400,2400,2400
51 Council of the Isles of Scilly,Community,Childrens Services,600127,C&YP Central Support Services,43532,Professional Fees - Other,Cornwall Council,44789.041666666664,2400,2400,2400
51 Council of the Isles of Scilly,Community,Childrens Services,600127,C&YP Central Support Services,43532,Professional Fees - Other,Cornwall Council,44789.041666666664,2400,2400,2400
51 Council of the Isles of Scilly,Community,Childrens Services,600127,C&YP Central Support Services,43532,Professional Fees - Other,Teachers Pensions,44798.041666666664,554.16,554.16,554.16
51 Council of the Isles of Scilly,Community,Childrens Services,600127,C&YP Central Support Services,43532,Professional Fees - Other,Hiraeth Education Management Consultants,44775.041666666664,3500,3500,3500
51 Council of the Isles of Scilly,Community,Childrens Services,600130,Children Social Care - Strategic,43532,Professional Fees - Other,BWR Recruitment Ltd (Total Social),44775.041666666664,1443,1731.6,1443
51 Council of the Isles of Scilly,Community,Childrens Services,600130,Children Social Care - Strategic,43532,Professional Fees - Other,BWR Recruitment Ltd (Total Social),44789.041666666664,2344.9,2813.88,2344.9
51 Council of the Isles of Scilly,Community,Childrens Services,600130,Children Social Care - Strategic,43532,Professional Fees - Other,BWR Recruitment Ltd (Total Social),44798.041666666664,1459.5,1751.4,1459.5
51 Council of the Isles of Scilly,Community,Childrens Services,600130,Children Social Care - Strategic,43532,Professional Fees - Other,,44791.041666666664,1050,1050,1050
51 Council of the Isles of Scilly,Community,Childrens Services,600130,Children Social Care - Strategic,43532,Professional Fees - Other,iPeople Solutions Ltd,44803.041666666664,3437.5,4125,3437.5
51 Council of the Isles of Scilly,Community,Childrens Services,600130,Children Social Care - Strategic,43532,Professional Fees - Other,iPeople Solutions Ltd,44803.041666666664,3093.75,3712.5,3093.75
51 Council of the Isles of Scilly,Community,Childrens Services,600130,Children Social Care - Strategic,46103,Hotel Expenses,,44798.041666666664,4250,4250,4250
51 Council of the Isles of Scilly,Community,Childrens Services,600133,CSC Short Break Care,57014,Client Related Personal Needs - Private Contractors,,44782.041666666664,1850,1850,1850
51 Council of the Isles of Scilly,Community,Learning and Library,600210,Adult Education,12301,Training,In Safe Hands Health & Safety Training & Consultancy Ltd,44796.041666666664,1550,1860,1550
51 Council of the Isles of Scilly,Community,Learning and Library,600211,Library Services,49369,Pest Control,Scillonian Trading Ltd,44789.041666666664,50,648,540
51 Council of the Isles of Scilly,"Place, Economy and Environment",Inshore Fisheries and Conservation Authorities,600220,IFCA,41104,Equipment & Plant - Direct Purchase,Saxton Marine Supplies,44775.041666666664,715,858,715
51 Council of the Isles of Scilly,"Place, Economy and Environment",Inshore Fisheries and Conservation Authorities,600220,IFCA,41104,Equipment & Plant - Direct Purchase,Saxton Marine Supplies,44775.041666666664,1220,1464,1220
51 Council of the Isles of Scilly,"Place, Economy and Environment",Inshore Fisheries and Conservation Authorities,600220,IFCA,41110,Hire of Plant & Equipment,Survitec Service & Distribution Ltd,44777.041666666664,536.12,643.34,536.12
51 Council of the Isles of Scilly,"Place, Economy and Environment",Capital Development and Procurement,600232,Cultural Centre - Accountable Body,43505,Professional Services,Lavat Consulting Ltd T/A PSTAX,44791.041666666664,2250,2700,2250
51 Council of the Isles of Scilly,"Place, Economy and Environment",Capital Development and Procurement,600232,Cultural Centre - Accountable Body,43532,Professional Fees - Other,,44782.041666666664,1846.5,1846.5,1846.5
51 Council of the Isles of Scilly,"Place, Economy and Environment",Capital Development and Procurement,600232,Cultural Centre - Accountable Body,43532,Professional Fees - Other,,44796.041666666664,900,900,900
51 Council of the Isles of Scilly,"Place, Economy and Environment",Capital Development and Procurement,600232,Cultural Centre - Accountable Body,47013,Grants & Conts to Other Bodies - Discretionary,Islands & Tourism Business Partnership Ltd,44782.041666666664,56490,56490,56490
51 Council of the Isles of Scilly,"Place, Economy and Environment",Housing Rented Property and Homelessness,600240,Social Housing,21201,R&M - Buildings - Reactive,Wright Construction,44784.041666666664,3700,4440,3700
51 Council of the Isles of Scilly,"Place, Economy and Environment",Housing Rented Property and Homelessness,600240,Social Housing,73819,R&M - Pest Control Costs (Building Related) - Planned [CHL],Bell Rock Hotel,44777.041666666664,471.68,566,471.68
51 Council of the Isles of Scilly,"Place, Economy and Environment",Housing Rented Property and Homelessness,600241,Private Housing,22501,Rent,,44799.041666666664,700,700,700
51 Council of the Isles of Scilly,"Place, Economy and Environment",Strategic Development Management,600260,Voucher Scheme,47013,Grants & Conts to Other Bodies - Discretionary,Sibleys Property Management Services,44775.041666666664,8387.4,22400.62,22400.62
51 Council of the Isles of Scilly,Democrative & Corporate Governance,Democrative and Corporate Governance,600303,Corporate Management,43505,Professional Services,Cornwall Council,44784.041666666664,3500,3500,3500
51 Council of the Isles of Scilly,Democrative & Corporate Governance,Democrative and Corporate Governance,600305,Members,31601,Rail,One Off Payments,44775.041666666664,22.45,514.35,448.52
51 Council of the Isles of Scilly,Democrative & Corporate Governance,Democrative and Corporate Governance,600305,Members,31601,Rail,One Off Payments,44775.041666666664,96.9,514.35,448.52
51 Council of the Isles of Scilly,Democrative & Corporate Governance,Democrative and Corporate Governance,600305,Members,46103,Hotel Expenses,One Off Payments,44775.041666666664,329.17,514.35,448.52
51 Council of the Isles of Scilly,Community,Active Scilly,600313,Normandy Swimming Pool,22002,Electricity,Edf Energy Plc,44778.041666666664,9316.35,11179.62,9316.35
51 Council of the Isles of Scilly,Community,Active Scilly,600313,Normandy Swimming Pool,57050,Pest Control Contractor - Private Contractors,Scillonian Trading Ltd,44775.041666666664,30,528,440
51 Council of the Isles of Scilly,Community,Active Scilly,600313,Normandy Swimming Pool,57050,Pest Control Contractor - Private Contractors,Scillonian Trading Ltd,44789.041666666664,30,648,540
51 Council of the Isles of Scilly,Democrative & Corporate Governance,Support Services,600321,Finance,12301,Training,NAAONB,44777.041666666664,525,525,525
51 Council of the Isles of Scilly,Democrative & Corporate Governance,Human Resources,600323,Human Resources,12504,Occupational Health Charges,Cornwall Council,44784.041666666664,1400,1680,1400
51 Council of the Isles of Scilly,Democrative & Corporate Governance,Human Resources,600323,Human Resources,12506,Bike 2 Work Scheme,Cycle Solutions (Cycle to Work) Ltd,44803.041666666664,846.65,1015.98,846.65
51 Council of the Isles of Scilly,Democrative & Corporate Governance,Human Resources,600323,Human Resources,89207,Consultancy Costs,JJG Consultancy & Executive Coaching Services Ltd,44796.041666666664,1847.5,2217,1847.5
51 Council of the Isles of Scilly,Democrative & Corporate Governance,Democrative and Corporate Governance,600328,,43504,Consultancy,Bloom Procurement Services Ltd,44798.041666666664,8895,10674,8895
51 Council of the Isles of Scilly,Strategic Development and Finance,Housing Rented Property and Homelessness,690003,Strategy & Development Directorate,89208,Inspection / Survey Fees,Vickery Holman Ltd,44803.041666666664,2000,2400,2000
51 Council of the Isles of Scilly,Strategic Development and Finance,Housing Rented Property and Homelessness,690003,Strategy & Development Directorate,89209,Other Professional Fees,Currie & Brown UK Ltd,44798.041666666664,1285,1542,1285
51 Council of the Isles of Scilly,Strategic Development and Finance,Housing Rented Property and Homelessness,690003,Strategy & Development Directorate,89301,Capital Grants Paid,Isles Of Scilly Steamship Co,44775.041666666664,25087.5,25087.5,25087.5
51 Council of the Isles of Scilly,Strategic Development and Finance,Housing Rented Property and Homelessness,690003,Strategy & Development Directorate,89301,Capital Grants Paid,Sibleys Property Management Services,44775.041666666664,14013.22,22400.62,22400.62
51 Council of the Isles of Scilly,"Place, Economy and Environment",Natural Resources and Assets,600001,Corporate Properties,21101,R&M - Buildings - Planned,Davey & Gilbert Ltd,44831.041666666664,3105,3726,3105
51 Council of the Isles of Scilly,"Place, Economy and Environment",Natural Resources and Assets,600001,Corporate Properties,21101,R&M - Buildings - Planned,Davey & Gilbert Ltd,44831.041666666664,1802,2162.4,1802
51 Council of the Isles of Scilly,"Place, Economy and Environment",Natural Resources and Assets,600001,Corporate Properties,21110,R&M - Electrical - Planned,Evans Electricals,44826.041666666664,-4192.38,4192.38,4192.38
51 Council of the Isles of Scilly,"Place, Economy and Environment",Natural Resources and Assets,600001,Corporate Properties,21110,R&M - Electrical - Planned,Evans Electricals,44826.041666666664,1200,4192.38,4192.38
51 Council of the Isles of Scilly,"Place, Economy and Environment",Natural Resources and Assets,600001,Corporate Properties,21110,R&M - Electrical - Planned,Evans Electricals,44826.041666666664,2992.38,4192.38,4192.38
51 Council of the Isles of Scilly,"Place, Economy and Environment",Natural Resources and Assets,600001,Corporate Properties,21110,R&M - Electrical - Planned,Evans Electricals,44826.041666666664,4192.38,4192.38,4192.38
51 Council of the Isles of Scilly,"Place, Economy and Environment",Natural Resources and Assets,600001,Corporate Properties,22002,Electricity,Edf Energy Plc,44813.041666666664,580.66,696.79,580.66
51 Council of the Isles of Scilly,"Place, Economy and Environment",Natural Resources and Assets,600001,Corporate Properties,27001,Contract Cleaning,Scilly Self Catering,44831.041666666664,1968.76,2362.52,1968.76
51 Council of the Isles of Scilly,"Place, Economy and Environment",Natural Resources and Assets,600001,Corporate Properties,27001,Contract Cleaning,Scilly Self Catering,44831.041666666664,1980.01,2376.02,1980.01
51 Council of the Isles of Scilly,"Place, Economy and Environment",Natural Resources and Assets,600001,Corporate Properties,41201,Office Furniture,Total Racking Solutions Ltd,44831.041666666664,466.64,559.97,466.64
51 Council of the Isles of Scilly,"Place, Economy and Environment",Natural Resources and Assets,600001,Corporate Properties,43532,Professional Fees - Other,StructureHaus Ltd,44833.041666666664,600,720,600
51 Council of the Isles of Scilly,"Place, Economy and Environment",Natural Resources and Assets,600001,Corporate Properties,43533,Professional Fees - Property Surveys,Valuation Office Agency,44833.041666666664,4750,5700,4750
51 Council of the Isles of Scilly,"Place, Economy and Environment",Natural Resources and Assets,600001,Corporate Properties,43600,Fire Risk Assessments,Fire Risk Consulting Ltd,44833.041666666664,2385,2385,2385
51 Council of the Isles of Scilly,"Place, Economy and Environment",Natural Resources and Assets,600001,Corporate Properties,49002,Miscellaneous Expenditure,Davey & Gilbert Ltd,44805.041666666664,-4290,5148,4290
51 Council of the Isles of Scilly,"Place, Economy and Environment",Natural Resources and Assets,600001,Corporate Properties,49002,Miscellaneous Expenditure,Davey & Gilbert Ltd,44805.041666666664,4290,5148,4290
51 Council of the Isles of Scilly,"Place, Economy and Environment",Natural Resources and Assets,600001,Corporate Properties,49002,Miscellaneous Expenditure,Davey & Gilbert Ltd,44805.041666666664,8603,10323.6,8603
51 Council of the Isles of Scilly,"Place, Economy and Environment",Natural Resources and Assets,600002,Public Conveniences,41304,Cleaning & Domestic Materials,,44831.041666666664,775,775,775
51 Council of the Isles of Scilly,"Place, Economy and Environment",Natural Resources and Assets,600002,Public Conveniences,41304,Cleaning & Domestic Materials,,44831.041666666664,775,775,775
51 Council of the Isles of Scilly,"Place, Economy and Environment",Natural Resources and Assets,600002,Public Conveniences,41304,Cleaning & Domestic Materials,,44810.041666666664,796.25,796.25,796.25
51 Council of the Isles of Scilly,"Place, Economy and Environment",Natural Resources and Assets,600003,Commercial Property,22002,Electricity,Edf Energy Plc,44827.041666666664,755.7,906.84,755.7
51 Council of the Isles of Scilly,"Place, Economy and Environment",Natural Resources and Assets,600003,Commercial Property,43505,Professional Services,Vickery Holman Ltd,44805.041666666664,1000,1200,1000
51 Council of the Isles of Scilly,"Place, Economy and Environment",Natural Resources and Assets,600003,Commercial Property,43505,Professional Services,Vickery Holman Ltd,44812.041666666664,1200,1440,1200
51 Council of the Isles of Scilly,"Place, Economy and Environment",Natural Resources and Assets,600003,Commercial Property,43505,Professional Services,Vickery Holman Ltd,44812.041666666664,1000,1200,1000
51 Council of the Isles of Scilly,"Place, Economy and Environment",Natural Resources and Assets,600006,Adaptive Scillies,43504,Consultancy,Bloom Procurement Services Ltd,44812.041666666664,4236,5083.2,4236
51 Council of the Isles of Scilly,"Place, Economy and Environment",Natural Resources and Assets,600006,Adaptive Scillies,43532,Professional Fees - Other,Sustainable Drainage Systems Ltd,44812.041666666664,8125,8125,8125
51 Council of the Isles of Scilly,"Place, Economy and Environment",Natural Resources and Assets,600006,Adaptive Scillies,49002,Miscellaneous Expenditure,,44817.041666666664,18182,21818.4,18182
51 Council of the Isles of Scilly,"Place, Economy and Environment",Natural Resources and Assets,600006,Adaptive Scillies,49002,Miscellaneous Expenditure,,44819.041666666664,540.05,540.05,540.05
51 Council of the Isles of Scilly,"Place, Economy and Environment",Operational Services,600010,Operational R & M Services,12301,Training,South West Water Ltd,44819.041666666664,2600,3120,2600
51 Council of the Isles of Scilly,"Place, Economy and Environment",Operational Services,600010,Operational R & M Services,22002,Electricity,Edf Energy Plc,44813.041666666664,-594.4,577.97,635.38
51 Council of the Isles of Scilly,"Place, Economy and Environment",Operational Services,600010,Operational R & M Services,22002,Electricity,Edf Energy Plc,44813.041666666664,0.42,577.97,635.38
51 Council of the Isles of Scilly,"Place, Economy and Environment",Operational Services,600010,Operational R & M Services,22002,Electricity,Edf Energy Plc,44813.041666666664,235.28,577.97,635.38
51 Council of the Isles of Scilly,"Place, Economy and Environment",Operational Services,600010,Operational R & M Services,22002,Electricity,Edf Energy Plc,44813.041666666664,431.77,577.97,635.38
51 Council of the Isles of Scilly,"Place, Economy and Environment",Operational Services,600010,Operational R & M Services,22002,Electricity,Edf Energy Plc,44813.041666666664,562.31,577.97,635.38
51 Council of the Isles of Scilly,"Place, Economy and Environment",Operational Services,600012,Highways,31102,Vehicle Repair and Maintenance,Big Wheels Services,44817.041666666664,482.69,579.23,482.69
51 Council of the Isles of Scilly,"Place, Economy and Environment",Operational Services,600012,Highways,41302,Materials,Instarmac Group Plc,44826.041666666664,1111.5,1333.8,1111.5
51 Council of the Isles of Scilly,"Place, Economy and Environment",Planning and Development,600021,Development Management,47002,Subscriptions,Esri (UK) Services Ltd,44817.041666666664,959,1150.8,959
51 Council of the Isles of Scilly,"Place, Economy and Environment",Planning and Development,600021,Development Management,47002,Subscriptions,Haymarket Media Group Ltd,44833.041666666664,3865,3865,3865
51 Council of the Isles of Scilly,Community,Fire and Rescue,600030,Fire & Rescue,21101,R&M - Buildings - Planned,Island Floorcare,44824.041666666664,680,680,680
51 Council of the Isles of Scilly,Community,Fire and Rescue,600030,Fire & Rescue,22002,Electricity,Edf Energy Plc,44827.041666666664,1523.57,1828.29,1523.57
51 Council of the Isles of Scilly,Community,Fire and Rescue,600030,Fire & Rescue,42503,Uniforms / Clothing,Total Workwear,44812.041666666664,421.51,505.82,421.51
51 Council of the Isles of Scilly,Community,Fire and Rescue,600032,Wholetime -2006 Scheme Fire Pension,11412,Pension Payments - Firefighters,Cornwall Council,44833.041666666664,1305.12,1305.12,1305.12
51 Council of the Isles of Scilly,Community,Fire and Rescue,600032,Wholetime -2006 Scheme Fire Pension,11412,Pension Payments - Firefighters,Cornwall Council,44833.041666666664,5079.8,5079.8,5079.8
51 Council of the Isles of Scilly,Community,Fire and Rescue,600032,Wholetime -2006 Scheme Fire Pension,11412,Pension Payments - Firefighters,Home Office,44833.041666666664,-136981.06,136981.06,136981.06
51 Council of the Isles of Scilly,Community,Fire and Rescue,600032,Wholetime -2006 Scheme Fire Pension,11412,Pension Payments - Firefighters,Home Office,44833.041666666664,58040.39,136981.06,136981.06
51 Council of the Isles of Scilly,Community,Fire and Rescue,600032,Wholetime -2006 Scheme Fire Pension,11412,Pension Payments - Firefighters,Home Office,44833.041666666664,78940.67,136981.06,136981.06
51 Council of the Isles of Scilly,Community,Fire and Rescue,600032,Wholetime -2006 Scheme Fire Pension,11412,Pension Payments - Firefighters,Home Office,44833.041666666664,136981.06,136981.06,136981.06
51 Council of the Isles of Scilly,"Place, Economy and Environment",Waste and Recycling,600040,Waste Collection and Operations,31102,Vehicle Repair and Maintenance,Pernic Forge,44824.041666666664,808,969.6,808
51 Council of the Isles of Scilly,"Place, Economy and Environment",Waste and Recycling,600040,Waste Collection and Operations,41109,R&M of Plant & Equipment,Installation & Maintenance Services Limited,44812.041666666664,1420,1704,1420
51 Council of the Isles of Scilly,"Place, Economy and Environment",Waste and Recycling,600040,Waste Collection and Operations,41310,Delivery Charges,Richard Hand Haulage,44819.041666666664,550,660,550
51 Council of the Isles of Scilly,"Place, Economy and Environment",Waste and Recycling,600040,Waste Collection and Operations,57069,Waste Disposal Contracts - Private Contractors,Bryher Forge,44812.041666666664,1265.5,1265.5,1265.5
51 Council of the Isles of Scilly,"Place, Economy and Environment",Waste and Recycling,600040,Waste Collection and Operations,57069,Waste Disposal Contracts - Private Contractors,,44817.041666666664,1000,1000,1000
51 Council of the Isles of Scilly,"Place, Economy and Environment",Waste and Recycling,600040,Waste Collection and Operations,57069,Waste Disposal Contracts - Private Contractors,Suez Recycling and Recovery UK Ltd (was Sita UK Ltd),44833.041666666664,26143.5,31372.2,26143.5
51 Council of the Isles of Scilly,"Place, Economy and Environment",Waste and Recycling,600040,Waste Collection and Operations,57069,Waste Disposal Contracts - Private Contractors,Wheal Alfred Metals Recycling Ltd,44826.041666666664,800,960,800
51 Council of the Isles of Scilly,"Place, Economy and Environment",Waste and Recycling,600042,Waste Recycling (Code Closed),46119,Haulage Costs,Isles Of Scilly Steamship Co,44817.041666666664,-8.67,8208.4,6840.39
51 Council of the Isles of Scilly,"Place, Economy and Environment",Waste and Recycling,600042,Waste Recycling (Code Closed),46119,Haulage Costs,Isles Of Scilly Steamship Co,44817.041666666664,8.67,8208.4,6840.39
51 Council of the Isles of Scilly,"Place, Economy and Environment",Waste and Recycling,600042,Waste Recycling (Code Closed),46119,Haulage Costs,Isles Of Scilly Steamship Co,44817.041666666664,6840.39,8208.4,6840.39
51 Council of the Isles of Scilly,Democrative & Corporate Governance,Airport,600060,Airport,12301,Training,TS Training Ltd,44831.041666666664,1200,1440,1200
51 Council of the Isles of Scilly,Democrative & Corporate Governance,Airport,600060,Airport,22002,Electricity,Edf Energy Plc,44810.041666666664,1357.56,1629.07,1357.56
51 Council of the Isles of Scilly,Democrative & Corporate Governance,Airport,600060,Airport,22002,Electricity,Edf Energy Plc,44827.041666666664,653.78,784.54,653.78
51 Council of the Isles of Scilly,Democrative & Corporate Governance,Airport,600060,Airport,25003,Fire Equipment,Amerex Fire International Ltd,44833.041666666664,1094.91,1313.89,1094.91
51 Council of the Isles of Scilly,Democrative & Corporate Governance,Airport,600060,Airport,27001,Contract Cleaning,,44810.041666666664,1215,1215,1215
51 Council of the Isles of Scilly,Democrative & Corporate Governance,Airport,600060,Airport,42503,Uniforms / Clothing,Engelbert Strauss Ltd,44831.041666666664,1349.4,1619.28,1349.4
51 Council of the Isles of Scilly,Democrative & Corporate Governance,Airport,600060,Airport,43504,Consultancy,Systems Interface Ltd,44812.041666666664,3695,4434,3695
51 Council of the Isles of Scilly,Democrative & Corporate Governance,Airport,600060,Airport,43505,Professional Services,Avery Weigh Tronix,44805.041666666664,1068.4,1282.08,1068.4
51 Council of the Isles of Scilly,Democrative & Corporate Governance,Airport,600060,Airport,43505,Professional Services,GEL Airports Ltd,44824.041666666664,440.65,528.78,440.65
51 Council of the Isles of Scilly,Democrative & Corporate Governance,Airport,600060,Airport,45210,IT Communications,Servicom (High Tech) Ltd,44819.041666666664,622.08,746.49,622.08
51 Council of the Isles of Scilly,Democrative & Corporate Governance,Airport,600060,Airport,45210,IT Communications,Servicom (High Tech) Ltd,44817.041666666664,491.67,589.99,491.67
51 Council of the Isles of Scilly,"Place, Economy and Environment",Infrastructure and Planning Management,600070,Infrastructure & Planning SLT,43504,Consultancy,Mel Thomas & Associates,44817.041666666664,800,960,800
51 Council of the Isles of Scilly,Community,Adult Social Care,600100,Adult Social Care,22501,Rent,,44820.041666666664,787.41,787.41,787.41
51 Council of the Isles of Scilly,Community,Adult Social Care,600100,Adult Social Care,43506,Professional Fees - Legal,Cornwall Council,44812.041666666664,1746.6,2095.92,1746.6
51 Council of the Isles of Scilly,Community,Adult Social Care,600100,Adult Social Care,43506,Professional Fees - Legal,Cornwall Council,44826.041666666664,1640.1,1968.12,1640.1
51 Council of the Isles of Scilly,Community,Adult Social Care,600101,Better Care Fund,31603,Other Public Transport,St Agnes Boating,44817.041666666664,539.5,539.5,539.5
51 Council of the Isles of Scilly,Community,Adult Social Care,600101,Better Care Fund,31603,Other Public Transport,St Mary's Boatmens Association,44817.041666666664,1362,1362,1362
51 Council of the Isles of Scilly,Community,Adult Social Care,600101,Better Care Fund,31603,Other Public Transport,Tresco Estate,44826.041666666664,-1152,510,510
51 Council of the Isles of Scilly,Community,Adult Social Care,600101,Better Care Fund,31603,Other Public Transport,Tresco Estate,44826.041666666664,510,510,510
51 Council of the Isles of Scilly,Community,Adult Social Care,600101,Better Care Fund,31603,Other Public Transport,Tresco Estate,44826.041666666664,1152,510,510
51 Council of the Isles of Scilly,Community,Adult Social Care,600101,Better Care Fund,47013,Grants & Conts to Other Bodies - Discretionary,Age UK Cornwall & The Isles of Scilly (Age Concern In Cornwall & The Isles of Scilly),44820.041666666664,3375,3375,3375
51 Council of the Isles of Scilly,Community,Adult Social Care,600103,Short and Long Term Support 18-64,57053,Independent Schools - Private Contractors,One Off Payments,44806.041666666664,6942.6,6942.6,6942.6
51 Council of the Isles of Scilly,Community,Adult Social Care,600103,Short and Long Term Support 18-64,62004,Direct Payments,One Off Payments,44834.041666666664,1232,1232,1232
51 Council of the Isles of Scilly,Community,Adult Social Care,600104,Short and Long Term Support 65,57066,Independent Meals at Home - Private Contractors,Cornwall Partnership NHS Foundation Trust,44810.041666666664,1465,1758,1465
51 Council of the Isles of Scilly,Community,Adult Social Care,600104,Short and Long Term Support 65,57093,Residential Care (Long Stay) - Health,,44831.041666666664,3250.12,3250.12,3250.12
51 Council of the Isles of Scilly,Community,Adult Social Care,600105,Park House,22501,Rent,,44820.041666666664,655,655,655
51 Council of the Isles of Scilly,Community,Adult Social Care,600105,Park House,41304,Cleaning & Domestic Materials,Protec Healthcare LLP,44812.041666666664,461.23,553.48,461.23
51 Council of the Isles of Scilly,Community,Adult Social Care,600105,Park House,41304,Cleaning & Domestic Materials,Protec Healthcare LLP,44831.041666666664,1318.76,1582.51,1318.76
51 Council of the Isles of Scilly,Community,Adult Social Care,600105,Park House,57066,Independent Meals at Home - Private Contractors,Old Town Inn,44819.041666666664,2268,2721.6,2268
51 Council of the Isles of Scilly,Community,Childrens Services,600113,Early Year Provision,47001,Grants & Conts to Other Bodies - Non Discretionary,Cherry Blossom Childcare,44824.041666666664,5031.35,5031.35,5031.35
51 Council of the Isles of Scilly,Community,Childrens Services,600113,Early Year Provision,47001,Grants & Conts to Other Bodies - Non Discretionary,,44817.041666666664,700.72,700.72,700.72
51 Council of the Isles of Scilly,Community,Childrens Services,600113,Early Year Provision,47013,Grants & Conts to Other Bodies - Discretionary,Cherry Blossom Childcare,44824.041666666664,1968.44,1968.44,1968.44
51 Council of the Isles of Scilly,Community,Childrens Services,600120,Post 16 Travel and Accommodation Grant,47016,Accomodation Grants,,44810.041666666664,1905.32,1905.32,1905.32
51 Council of the Isles of Scilly,Community,Childrens Services,600120,Post 16 Travel and Accommodation Grant,47016,Accomodation Grants,,44805.041666666664,3810.64,3810.64,3810.64
51 Council of the Isles of Scilly,Community,Childrens Services,600120,Post 16 Travel and Accommodation Grant,47016,Accomodation Grants,,44810.041666666664,1905.32,1905.32,1905.32
51 Council of the Isles of Scilly,Community,Childrens Services,600120,Post 16 Travel and Accommodation Grant,47016,Accomodation Grants,,44810.041666666664,1905.32,1905.32,1905.32
51 Council of the Isles of Scilly,Community,Childrens Services,600120,Post 16 Travel and Accommodation Grant,47016,Accomodation Grants,,44817.041666666664,1905.32,1905.32,1905.32
51 Council of the Isles of Scilly,Community,Childrens Services,600120,Post 16 Travel and Accommodation Grant,47016,Accomodation Grants,,44824.041666666664,1397.36,1397.36,1397.36
51 Council of the Isles of Scilly,Community,Childrens Services,600127,C&YP Central Support Services,11413,Pension Payments - Added Years,Cornwall Council,44833.041666666664,7992.83,7992.83,7992.83
51 Council of the Isles of Scilly,Community,Childrens Services,600127,C&YP Central Support Services,11413,Pension Payments - Added Years,Cornwall Council,44833.041666666664,2053.58,2053.58,2053.58
51 Council of the Isles of Scilly,Community,Childrens Services,600127,C&YP Central Support Services,11601,Agency Costs,iPeople Solutions Ltd,44812.041666666664,40973.29,49167.95,40973.29
51 Council of the Isles of Scilly,Community,Childrens Services,600127,C&YP Central Support Services,11601,Agency Costs,iPeople Solutions Ltd,44819.041666666664,1375,1650,1375
51 Council of the Isles of Scilly,Community,Childrens Services,600127,C&YP Central Support Services,11601,Agency Costs,iPeople Solutions Ltd,44826.041666666664,-3427.5,4125,3437.5
51 Council of the Isles of Scilly,Community,Childrens Services,600127,C&YP Central Support Services,11601,Agency Costs,iPeople Solutions Ltd,44826.041666666664,3427.5,4125,3437.5
51 Council of the Isles of Scilly,Community,Childrens Services,600127,C&YP Central Support Services,11601,Agency Costs,iPeople Solutions Ltd,44826.041666666664,3437.5,4125,3437.5
51 Council of the Isles of Scilly,Community,Childrens Services,600127,C&YP Central Support Services,11601,Agency Costs,iPeople Solutions Ltd,44833.041666666664,3437.5,4125,3437.5
51 Council of the Isles of Scilly,Community,Childrens Services,600127,C&YP Central Support Services,31603,Other Public Transport,St Agnes Boating,44824.041666666664,702.56,702.56,702.56
51 Council of the Isles of Scilly,Community,Childrens Services,600127,C&YP Central Support Services,43532,Professional Fees - Other,Cherry Blossom Childcare,44817.041666666664,751.94,751.94,751.94
51 Council of the Isles of Scilly,Community,Childrens Services,600130,Children Social Care - Strategic,43532,Professional Fees - Other,BWR Recruitment Ltd (Total Social),44805.041666666664,1443,1731.6,1443
51 Council of the Isles of Scilly,Community,Childrens Services,600130,Children Social Care - Strategic,43532,Professional Fees - Other,BWR Recruitment Ltd (Total Social),44812.041666666664,1443,1731.6,1443
51 Council of the Isles of Scilly,Community,Childrens Services,600130,Children Social Care - Strategic,43532,Professional Fees - Other,BWR Recruitment Ltd (Total Social),44819.041666666664,1168.75,1402.5,1168.75
51 Council of the Isles of Scilly,Community,Childrens Services,600130,Children Social Care - Strategic,43532,Professional Fees - Other,BWR Recruitment Ltd (Total Social),44826.041666666664,1443,1731.6,1443
51 Council of the Isles of Scilly,Community,Childrens Services,600130,Children Social Care - Strategic,43532,Professional Fees - Other,BWR Recruitment Ltd (Total Social),44833.041666666664,1924.8,2309.76,1924.8
51 Council of the Isles of Scilly,Community,Childrens Services,600130,Children Social Care - Strategic,43532,Professional Fees - Other,iPeople Solutions Ltd,44817.041666666664,3093.75,3712.5,3093.75
51 Council of the Isles of Scilly,Community,Childrens Services,600130,Children Social Care - Strategic,43532,Professional Fees - Other,iPeople Solutions Ltd,44819.041666666664,3437.5,4125,3437.5
51 Council of the Isles of Scilly,Community,Childrens Services,600130,Children Social Care - Strategic,46103,Hotel Expenses,Bell Rock Hotel,44831.041666666664,629.17,755,629.17
51 Council of the Isles of Scilly,"Place, Economy and Environment",Environmental Services,600201,"Plant, Animal Health & Pest Control",42501,Protective Clothing,Screwfix Direct Ltd,44824.041666666664,528.09,633.7,528.09
51 Council of the Isles of Scilly,"Place, Economy and Environment",Inshore Fisheries and Conservation Authorities,600220,IFCA,31201,Marine Gas Oil,Sibleys Fuel & Marine Services,44819.041666666664,755.9,907.08,755.9
51 Council of the Isles of Scilly,"Place, Economy and Environment",Inshore Fisheries and Conservation Authorities,600220,IFCA,31505,Boat Hire,Isles Of Scilly Steamship Co,44805.041666666664,2700,3240,2700
51 Council of the Isles of Scilly,"Place, Economy and Environment",Inshore Fisheries and Conservation Authorities,600220,IFCA,41107,Equipment Special Purchases,RS Aqua Ltd,44805.041666666664,12984,15580.8,12984
51 Council of the Isles of Scilly,"Place, Economy and Environment",Inshore Fisheries and Conservation Authorities,600220,IFCA,43540,Educational Visits,The University Of Exeter,44810.041666666664,1000,1000,1000
51 Council of the Isles of Scilly,"Place, Economy and Environment",Capital Development and Procurement,600232,Cultural Centre - Accountable Body,43532,Professional Fees - Other,,44817.041666666664,1592.5,1592.5,1592.5
51 Council of the Isles of Scilly,"Place, Economy and Environment",Capital Development and Procurement,600232,Cultural Centre - Accountable Body,43532,Professional Fees - Other,,44817.041666666664,990,990,990
51 Council of the Isles of Scilly,"Place, Economy and Environment",Capital Development and Procurement,600232,Cultural Centre - Accountable Body,46103,Hotel Expenses,Old Town Inn,44831.041666666664,1210,1452,1210
51 Council of the Isles of Scilly,"Place, Economy and Environment",Capital Development and Procurement,600233,CIOS Cultural Centre,43504,Consultancy,DCA Consultancy Ltd,44817.041666666664,8025,9630,8025
51 Council of the Isles of Scilly,"Place, Economy and Environment",Housing Rented Property and Homelessness,600240,Social Housing,21101,R&M - Buildings - Planned,Wright Construction,44805.041666666664,9695,11634,9695
51 Council of the Isles of Scilly,"Place, Economy and Environment",Housing Rented Property and Homelessness,600240,Social Housing,21124,R&M - Planned Fire equip servicing,Davey & Gilbert Ltd,44810.041666666664,445,534,445
51 Council of the Isles of Scilly,"Place, Economy and Environment",Housing Rented Property and Homelessness,600240,Social Housing,21124,R&M - Planned Fire equip servicing,Davey & Gilbert Ltd,44810.041666666664,430,516,430
51 Council of the Isles of Scilly,"Place, Economy and Environment",Housing Rented Property and Homelessness,600240,Social Housing,21201,R&M - Buildings - Reactive,APW Servicing Ltd,44812.041666666664,850,1020,850
51 Council of the Isles of Scilly,"Place, Economy and Environment",Housing Rented Property and Homelessness,600240,Social Housing,21201,R&M - Buildings - Reactive,Wright Construction,44833.041666666664,510,612,510
51 Council of the Isles of Scilly,"Place, Economy and Environment",Housing Rented Property and Homelessness,600240,Social Housing,21201,R&M - Buildings - Reactive,Wright Construction,44833.041666666664,590,708,590
51 Council of the Isles of Scilly,"Place, Economy and Environment",Housing Rented Property and Homelessness,600240,Social Housing,21224,R&M - Responsive Grounds maintenance,J R Stideford & Son,44831.041666666664,1260,1512,1260
51 Council of the Isles of Scilly,"Place, Economy and Environment",Housing Rented Property and Homelessness,600240,Social Housing,22002,Electricity,Edf Energy Plc,44834.041666666664,693.78,728.47,693.78
51 Council of the Isles of Scilly,"Place, Economy and Environment",Housing Rented Property and Homelessness,600240,Social Housing,43600,Fire Risk Assessments,Steve Benney t/a Fire Risk Consulting Ltd,44831.041666666664,1540,1540,1540
51 Council of the Isles of Scilly,"Place, Economy and Environment",Housing Rented Property and Homelessness,600241,Private Housing,22501,Rent,One Off Payments,44834.041666666664,700,700,700
51 Council of the Isles of Scilly,"Place, Economy and Environment",Housing Rented Property and Homelessness,600243,Housing Delivery Project,89202,Legal Fees & Expenses,Ashfords,44805.041666666664,-2130,2130,1775
51 Council of the Isles of Scilly,"Place, Economy and Environment",Housing Rented Property and Homelessness,600243,Housing Delivery Project,89202,Legal Fees & Expenses,Ashfords,44805.041666666664,-1775,2130,1775
51 Council of the Isles of Scilly,"Place, Economy and Environment",Housing Rented Property and Homelessness,600243,Housing Delivery Project,89202,Legal Fees & Expenses,Ashfords,44805.041666666664,1775,2130,1775
51 Council of the Isles of Scilly,"Place, Economy and Environment",Housing Rented Property and Homelessness,600243,Housing Delivery Project,89202,Legal Fees & Expenses,Ashfords,44805.041666666664,2130,2130,1775
51 Council of the Isles of Scilly,"Place, Economy and Environment",Housing Rented Property and Homelessness,600243,Housing Delivery Project,89202,Legal Fees & Expenses,Ashfords,44805.041666666664,426,511.2,426
51 Council of the Isles of Scilly,"Place, Economy and Environment",Strategic Development Management,600260,Voucher Scheme,43504,Consultancy,Southern Horizons (UK) Ltd,44810.041666666664,12585,15102,12585
51 Council of the Isles of Scilly,"Place, Economy and Environment",Strategic Development Management,600260,Voucher Scheme,47013,Grants & Conts to Other Bodies - Discretionary,St Agnes Water Sports,44810.041666666664,837.1,9331.06,9331.06
51 Council of the Isles of Scilly,"Place, Economy and Environment",Strategic Development Management,600261,GO-EV Smart,43504,Consultancy,Community Venture (Smart Islands Project),44826.041666666664,5029.83,5029.83,5029.83
51 Council of the Isles of Scilly,"Place, Economy and Environment",Strategic Development Management,600261,GO-EV Smart,43504,Consultancy,Community Venture (Smart Islands Project),44826.041666666664,5029.83,5029.83,5029.83
51 Council of the Isles of Scilly,"Place, Economy and Environment",Strategic Development Management,600261,GO-EV Smart,43504,Consultancy,Community Venture (Smart Islands Project),44831.041666666664,754.47,754.47,754.47
51 Council of the Isles of Scilly,"Place, Economy and Environment",Strategic Development Management,600261,GO-EV Smart,43504,Consultancy,Community Venture (Smart Islands Project),44831.041666666664,754.47,754.47,754.47
51 Council of the Isles of Scilly,Democrative & Corporate Governance,Democrative and Corporate Governance,600303,Corporate Management,43504,Consultancy,Cornwall Council,44826.041666666664,748.01,897.61,748.01
51 Council of the Isles of Scilly,Democrative & Corporate Governance,Democrative and Corporate Governance,600306,Elections,43001,Photocopying & Printing,Democracy Counts Ltd,44810.041666666664,453,543.6,453
51 Council of the Isles of Scilly,Community,Active Scilly,600314,Fitness Centre,25002,Security Equipment,PSM Ltd,44831.041666666664,1089.5,1307.4,1089.5
51 Council of the Isles of Scilly,Democrative & Corporate Governance,Support Services,600321,Finance,11413,Pension Payments - Added Years,Cornwall Council,44810.041666666664,2614.08,2614.08,2614.08
51 Council of the Isles of Scilly,Democrative & Corporate Governance,Support Services,600321,Finance,31102,Vehicle Repair and Maintenance,Sibleys Fuel & Marine Services,44817.041666666664,1193.65,5129.97,4424.19
51 Council of the Isles of Scilly,Democrative & Corporate Governance,Support Services,600321,Finance,31102,Vehicle Repair and Maintenance,Sibleys Fuel & Marine Services,44817.041666666664,3230.54,5129.97,4424.19
51 Council of the Isles of Scilly,Democrative & Corporate Governance,Support Services,600321,Finance,43606,Financial Support,Cornwall Council,44805.041666666664,70725,84870,70725
51 Council of the Isles of Scilly,Democrative & Corporate Governance,Support Services,600321,Finance,45105,Telephone Usage,The Phone Co-Op Ltd,44813.041666666664,890.35,1068.42,890.35
51 Council of the Isles of Scilly,Democrative & Corporate Governance,Support Services,600321,Finance,45105,Telephone Usage,The Phone Co-Op Ltd,44813.041666666664,799.88,959.86,799.88
51 Council of the Isles of Scilly,Democrative & Corporate Governance,Human Resources,600323,Human Resources,12506,Bike 2 Work Scheme,Cycle Solutions (Cycle to Work) Ltd,44817.041666666664,2187.91,2625.49,2187.91
51 Council of the Isles of Scilly,Democrative & Corporate Governance,Human Resources,600323,Human Resources,43532,Professional Fees - Other,LNRS Data Services Ltd,44826.041666666664,981,1177.2,981
51 Council of the Isles of Scilly,Democrative & Corporate Governance,Human Resources,600323,Human Resources,49002,Miscellaneous Expenditure,Care First,44824.041666666664,475,570,475
51 Council of the Isles of Scilly,Democrative & Corporate Governance,Human Resources,600323,Human Resources,49002,Miscellaneous Expenditure,Care First,44824.041666666664,475,570,475
51 Council of the Isles of Scilly,Democrative & Corporate Governance,Human Resources,600323,Human Resources,49002,Miscellaneous Expenditure,Care First,44824.041666666664,475,570,475
51 Council of the Isles of Scilly,Democrative & Corporate Governance,Human Resources,600323,Human Resources,49002,Miscellaneous Expenditure,Care First,44824.041666666664,475,570,475
51 Council of the Isles of Scilly,Democrative & Corporate Governance,Democrative and Corporate Governance,600328,Levelling Up Fund – Sea Link Project,43504,Consultancy,Bloom Procurement Services Ltd,44819.041666666664,-10426.35,12512.12,10426.77
51 Council of the Isles of Scilly,Democrative & Corporate Governance,Democrative and Corporate Governance,600328,Levelling Up Fund – Sea Link Project,43504,Consultancy,Bloom Procurement Services Ltd,44819.041666666664,10426.35,12512.12,10426.77
51 Council of the Isles of Scilly,Democrative & Corporate Governance,Democrative and Corporate Governance,600328,Levelling Up Fund – Sea Link Project,43504,Consultancy,Bloom Procurement Services Ltd,44819.041666666664,10426.77,12512.12,10426.77
51 Council of the Isles of Scilly,Infrastructure and Planning,Waste and Recycling,690002,Infrastructure & Planning Directorate,89004,Acquisition Costs - Vehicles & Plant,One Off Payments,44806.041666666664,24590,29508,24590
51 Council of the Isles of Scilly,Infrastructure and Planning,Waste and Recycling,690002,Infrastructure & Planning Directorate,89004,Acquisition Costs - Vehicles & Plant,One Off Payments,44834.041666666664,25485,30582,25485
51 Council of the Isles of Scilly,Strategic Development and Finance,Housing Rented Property and Homelessness,690003,Strategy & Development Directorate,89209,Other Professional Fees,Currie & Brown UK Ltd,44833.041666666664,1310,1572,1310
51 Council of the Isles of Scilly,Strategic Development and Finance,Housing Rented Property and Homelessness,690003,Strategy & Development Directorate,89301,Capital Grants Paid,Scilly Self Catering,44810.041666666664,57746.5,57746.5,57746.5
51 Council of the Isles of Scilly,Strategic Development and Finance,Housing Rented Property and Homelessness,690003,Strategy & Development Directorate,89301,Capital Grants Paid,,44810.041666666664,3091.4,3091.4,3091.4
51 Council of the Isles of Scilly,Strategic Development and Finance,Housing Rented Property and Homelessness,690003,Strategy & Development Directorate,89301,Capital Grants Paid,St Agnes Water Sports,44810.041666666664,8493.96,9331.06,9331.06
51 Council of the Isles of Scilly,Strategic Development and Finance,Housing Rented Property and Homelessness,690004,Democratic & Corporate Directorate,89004,Acquisition Costs - Vehicles & Plant,Linde Severnside Ltd (Linde MH UK Ltd),44826.041666666664,15602.7,18723.24,15602.7
51 Council of the Isles of Scilly,Strategic Development and Finance,Housing Rented Property and Homelessness,690004,Democratic & Corporate Directorate,89004,Acquisition Costs - Vehicles & Plant,Linde Severnside Ltd (Linde MH UK Ltd),44826.041666666664,15602.7,18723.24,15602.7
