Department family,Entity,Date,Expense type,Expense area,Supplier,Transaction number,Amount,Description
MoJ,MoJ HQ,23/01/24,EXP - PURCHASE OF GOODS/SERVICES - OTHER - Grants to voluntary and community service organisations,Women & Health Policy  (Programme),A WAY OUT,WSCCC202225AWAYOUT,"Ł31,505.00",Grants to voluntary public private and third sector organisations
MoJ,MoJ HQ,12/01/24,EXP - PURCHASE OF GOODS/SERVICES - OTHER PROFESSIONAL SERVICES - LEGAL SERVICES - THIRD PARTY LEGAL COSTS,Covid 19 Inquiry Response Team,ADDLESHAW GODDARD LLP,100-1061997,"Ł35,152.32",Professional services
MoJ,MoJ HQ,23/01/24,EXP - PURCHASE OF GOODS/SERVICES - OTHER - Grants to voluntary and community service organisations,Women & Health Policy  (Programme),ADVANCE ADVOCACY & NON VIOLENCE COMMUNITY EDUCATION,WSCCC202225ADVANCE3,"Ł37,500.00",Grants to voluntary public private and third sector organisations
MoJ,MoJ HQ,12/01/24,EXP - PURCHASE OF GOODS/SERVICES - SUPPORT - APPLICATION MAINTENANCE AND SUPPORT,Productivity and Collaboration,ADVANIA,CCSI0010858,"Ł46,680.00",Information technology related costs
MoJ,MoJ HQ,09/01/24,EXP - SHORT-TERM CONTRACT & AGENCY STAFF - FULL COST - Specialist / Professional,CTO,ALEXANDER MANN SOLUTIONS LTD,2924909,"Ł38,280.00",Agency staff
MoJ,MoJ HQ,09/01/24,EXP - PURCHASE OF GOODS/SERVICES - NON-PO INVOICES PENDING REALLOCATION,CTO,ALEXANDER MANN SOLUTIONS LTD,2938132,"Ł38,280.00",Agency staff
MoJ,MoJ HQ,23/01/24,EXP - PURCHASE OF GOODS/SERVICES - HOSTING - Hosting,Engineering,AMAZON WEB SERVICES EMEA SARL UK BRANCH,EUINGB24-12145,"Ł1,096,643.57",Information technology related costs
MoJ,MoJ HQ,19/01/24,EXP - PURCHASE OF GOODS/SERVICES - VEHICLE MAINTENANCE - Fleet Insurance,Fleet Management,ARTHUR J GALLAGHER INSURANCE BROKERS LTD,528205339,"Ł55,160.00",Insurance costs
MoJ,MoJ HQ,19/01/24,EXP - PURCHASE OF GOODS/SERVICES - VEHICLE MAINTENANCE - Fleet Insurance,Fleet Management,ARTHUR J GALLAGHER INSURANCE BROKERS LTD,528204851,"Ł1,620,924.13",Insurance costs
MoJ,MoJ HQ,04/01/24,EXP - PURCHASE OF GOODS/SERVICES - END USER SOFTWARE AND HARDWARE - Desktops,EUCS Improvements,ATOS IT SERVICES UK LTD,5584435434,"Ł35,066.94",Information technology related costs
MoJ,MoJ HQ,08/01/24,EXP - PURCHASE OF GOODS/SERVICES - SUPPORT - OTHER,Technology Services Tech Debt,ATOS IT SERVICES UK LTD,5584433319,"(Ł73,448.40)",Information technology related costs
MoJ,MoJ HQ,30/01/24,EXP - PURCHASE OF GOODS/SERVICES - SUPPORT - OTHER,Technology Services Tech Debt,ATOS IT SERVICES UK LTD,5584437162,"Ł28,099.68",Information technology related costs
MoJ,MoJ HQ,22/01/24,EXP - PURCHASE OF GOODS/SERVICES - SUPPORT - OTHER,Infrastructure Services - EUCS,ATOS IT SERVICES UK LTD,5584433992,"Ł45,169.20",Information technology related costs
MoJ,MoJ HQ,26/01/24,EXP - PURCHASE OF GOODS/SERVICES - SUPPORT - APPLICATION MAINTENANCE AND SUPPORT,Infrastructure Services - EUCS,ATOS IT SERVICES UK LTD,5584435447,"Ł28,314.20",Information technology related costs
MoJ,MoJ HQ,02/01/24,EXP - PURCHASE OF GOODS/SERVICES - NETWORKING - Networks VVI,Infrastructure Services - Voice & Video,ATOS IT SERVICES UK LTD,5584433934,"Ł41,130.92",Information technology related costs
MoJ,MoJ HQ,12/01/24,EXP - PURCHASE OF GOODS/SERVICES - END USER SOFTWARE AND HARDWARE - Laptops,Consolidated IT invoice,ATOS IT SERVICES UK LTD,0230/1223,"Ł84,910.06",Information technology related costs
MoJ,MoJ HQ,02/01/24,EXP - PURCHASE OF GOODS/SERVICES - NETWORKING - Networks VVI,Infrastructure Services - Voice & Video,ATOS IT SERVICES UK LTD,5584435498,"Ł41,130.92",Information technology related costs
MoJ,MoJ HQ,04/01/24,EXP - PURCHASE OF GOODS/SERVICES - SUPPORT - OTHER,Infrastructure Services - EUCS,ATOS IT SERVICES UK LTD,5584436238,"Ł37,078.01",Information technology related costs
MoJ,MoJ HQ,04/01/24,EXP - PURCHASE OF GOODS/SERVICES - SUPPORT - OTHER,Infrastructure Services - Print,ATOS IT SERVICES UK LTD,5584435489,"Ł27,390.22",Information technology related costs
MoJ,MoJ HQ,04/01/24,EXP - PURCHASE OF GOODS/SERVICES - END USER SOFTWARE AND HARDWARE - Laptops,Infrastructure Services - EUCS,ATOS IT SERVICES UK LTD,5584435481,"Ł62,138.88",Information technology related costs
MoJ,MoJ HQ,04/01/24,EXP - PURCHASE OF GOODS/SERVICES - END USER SOFTWARE AND HARDWARE - Laptops,Infrastructure Services - EUCS,ATOS IT SERVICES UK LTD,5584435479,"Ł71,307.00",Information technology related costs
MoJ,MoJ HQ,04/01/24,EXP - PURCHASE OF GOODS/SERVICES - END USER SOFTWARE AND HARDWARE - Laptops,Infrastructure Services - EUCS,ATOS IT SERVICES UK LTD,5584435429,"Ł328,288.61",Information technology related costs
MoJ,MoJ HQ,04/01/24,EXP - PURCHASE OF GOODS/SERVICES - END USER SOFTWARE AND HARDWARE - Desktops,Infrastructure Services - EUCS,ATOS IT SERVICES UK LTD,5584435436,"Ł74,540.95",Information technology related costs
MoJ,MoJ HQ,04/01/24,EXP - PURCHASE OF GOODS/SERVICES - END USER SOFTWARE AND HARDWARE - Desktops,Infrastructure Services - EUCS,ATOS IT SERVICES UK LTD,5584435426,"Ł101,632.80",Information technology related costs
MoJ,MoJ HQ,04/01/24,EXP - PURCHASE OF GOODS/SERVICES - END USER SOFTWARE AND HARDWARE - Desktops,Infrastructure Services - EUCS,ATOS IT SERVICES UK LTD,5584435493,"Ł717,150.60",Information technology related costs
MoJ,MoJ HQ,04/01/24,EXP - PURCHASE OF GOODS/SERVICES - HOSTING - Hosting,Infrastructure Services - EUCS,ATOS IT SERVICES UK LTD,5584435492,"Ł103,773.73",Information technology related costs
MoJ,MoJ HQ,04/01/24,EXP - PURCHASE OF GOODS/SERVICES - SUPPORT - OTHER,Infrastructure Services - EUCS,ATOS IT SERVICES UK LTD,5584435501,"Ł34,259.56",Information technology related costs
MoJ,MoJ HQ,08/01/24,EXP - PURCHASE OF GOODS/SERVICES - SUPPORT - OTHER,Technology Services Tech Debt,ATOS IT SERVICES UK LTD,5584433053,"-Ł39,790.48",Information technology related costs
MoJ,MoJ HQ,08/01/24,EXP - PURCHASE OF GOODS/SERVICES - SUPPORT - OTHER,Technology Services Tech Debt,ATOS IT SERVICES UK LTD,5584431129,"Ł39,790.48",Information technology related costs
MoJ,MoJ HQ,08/01/24,EXP - PURCHASE OF GOODS/SERVICES - SUPPORT - OTHER,Technology Services Tech Debt,ATOS IT SERVICES UK LTD,5584432757,"Ł73,448.40",Information technology related costs
MoJ,MoJ HQ,08/01/24,EXP - PURCHASE OF GOODS/SERVICES - SUPPORT - OTHER,Technology Services Tech Debt,ATOS IT SERVICES UK LTD,5584433432,"Ł91,524.73",Information technology related costs
MoJ,MoJ HQ,08/01/24,EXP - PURCHASE OF GOODS/SERVICES - SUPPORT - OTHER,Technology Services Tech Debt,ATOS IT SERVICES UK LTD,5584433132,"Ł109,117.81",Information technology related costs
MoJ,MoJ HQ,08/01/24,EXP - PURCHASE OF GOODS/SERVICES - SUPPORT - OTHER,Technology Services Tech Debt,ATOS IT SERVICES UK LTD,5584432747,"Ł127,117.24",Information technology related costs
MoJ,MoJ HQ,22/01/24,EXP - PURCHASE OF GOODS/SERVICES - SUPPORT - OTHER,Infrastructure Services - EUCS,ATOS IT SERVICES UK LTD,5584435433,"Ł45,169.20",Information technology related costs
MoJ,MoJ HQ,26/01/24,EXP - PURCHASE OF GOODS/SERVICES - SUPPORT - APPLICATION MAINTENANCE AND SUPPORT,Infrastructure Services - EUCS,ATOS IT SERVICES UK LTD,5584435484,"Ł246,180.22",Information technology related costs
MoJ,MoJ HQ,26/01/24,EXP - PURCHASE OF GOODS/SERVICES - END USER SOFTWARE AND HARDWARE - Desktops,Productivity and Collaboration,ATOS IT SERVICES UK LTD,5584435466,"Ł39,715.44",Information technology related costs
MoJ,MoJ HQ,26/01/24,EXP - PURCHASE OF GOODS/SERVICES - END USER SOFTWARE AND HARDWARE - Desktops,Productivity and Collaboration,ATOS IT SERVICES UK LTD,5584435487,"Ł108,917.54",Information technology related costs
MoJ,MoJ HQ,30/01/24,EXP - PURCHASE OF GOODS/SERVICES - SUPPORT - OTHER,Technology Services Tech Debt,ATOS IT SERVICES UK LTD,5584436124,"Ł41,289.61",Information technology related costs
MoJ,MoJ HQ,05/01/24,EXP - PURCHASE OF GOODS/SERVICES - SUPPORT - OTHER,Engineering,AUTOMATION LOGIC LTD,INVAL003231,"Ł89,976.00",Information technology related costs
MoJ,MoJ HQ,08/01/24,EXP - PURCHASE OF GOODS/SERVICES - SUPPORT - OTHER,Engineering,AUTOMATION LOGIC LTD,INVAL003233,"Ł63,348.00",Information technology related costs
MoJ,MoJ HQ,08/01/24,EXP - PURCHASE OF GOODS/SERVICES - SUPPORT - OTHER,Engineering,AUTOMATION LOGIC LTD,INVAL003230,"Ł80,272.86",Information technology related costs
MoJ,MoJ HQ,08/01/24,EXP - PURCHASE OF GOODS/SERVICES - SUPPORT - OTHER,Engineering,AUTOMATION LOGIC LTD,INVAL003232,"Ł105,015.00",Information technology related costs
MoJ,MoJ HQ,30/01/24,EXP - PURCHASE OF GOODS/SERVICES - NETWORKING - Networks VVI,Infrastructure Services - Voice & Video,AVMI KINLY LTD,BILL000063468,"Ł44,077.75",Information technology related costs
MoJ,MoJ HQ,29/01/24,EXP - PURCHASE OF GOODS/SERVICES - OTHER PROFESSIONAL SERVICES - Research costs,Data and Analysis - Capital Project A - HMCTS Court Reform Evaluation,BASIS SOCIAL LTD,1104,"Ł35,796.24",Professional services
MoJ,MoJ HQ,29/01/24,EXP - CURRENT GRANTS TO LOCAL GOVERNMENT,"Victim, Witness & CJS Delivery",BEDFORDSHIRE POLICE,P2-23/24-FB-Beds,"Ł407,972.82",Grant payments to Police and Crime Commissioners
MoJ,MoJ HQ,29/01/24,EXP - CURRENT GRANTS TO LOCAL GOVERNMENT,"Victim, Witness & CJS Delivery",BEDFORDSHIRE POLICE,P2-23/24-GG-Beds,"Ł531,869.01",Grant payments to Police and Crime Commissioners
MoJ,MoJ HQ,10/01/24,EXP - CURRENT GRANTS TO LOCAL GOVERNMENT,Youth Justice Policy Turnaround (Prog),BIRMINGHAM CITY COUNCIL,TA2324JAN004,"Ł251,012.75",Grants to voluntary public private and third sector organisations
MoJ,MoJ HQ,26/01/24,EXP - PURCHASE OF GOODS/SERVICES - OTHER - Grants to voluntary and community service organisations,Women & Health Policy  (Programme),BLACK COUNTRY WOMENS AID,WCSCC20222025BLACKCOUNTRYWOMEN3,"Ł49,104.13",Grants to voluntary public private and third sector organisations
MoJ,MoJ HQ,16/01/24,PPE - POA & AUC (OWNED) - COST - ADDITIONS - OTHER,Projects (Prisons) - In-Cell Technology,BRITISH TELECOMMUNICATIONS PLC,AI5506/391,"Ł150,513.80",Information technology related costs
MoJ,MoJ HQ,12/01/24,EXP - SHORT-TERM CONTRACT & AGENCY STAFF - FULL COST - Clerical and Admin,Consolidated staffing invoice,BROOK STREET UK LTD,202430787506,"Ł27,575.53",Agency staff
MoJ,MoJ HQ,19/01/24,EXP - SHORT-TERM CONTRACT & AGENCY STAFF - FULL COST - Clerical and Admin,Consolidated staffing invoice,BROOK STREET UK LTD,202430797160,"Ł31,111.45",Agency staff
MoJ,MoJ HQ,26/01/24,EXP - SHORT-TERM CONTRACT & AGENCY STAFF - FULL COST - Clerical and Admin,Consolidated staffing invoice,BROOK STREET UK LTD,202430812055,"Ł33,007.97",Agency staff
MoJ,MoJ HQ,10/01/24,EXP - PURCHASE OF GOODS/SERVICES - OTHER PROFESSIONAL SERVICES - other than legal,Legal Aid,BROWNE JACOBSON LLP,1043627,"Ł51,370.80",Professional services
MoJ,MoJ HQ,10/01/24,EXP - PURCHASE OF GOODS/SERVICES - OTHER PROFESSIONAL SERVICES - other than legal,Legal Aid,BROWNE JACOBSON LLP,1048518,"Ł51,370.80",Professional services
MoJ,MoJ HQ,17/01/24,EXP - PURCHASE OF GOODS/SERVICES - NETWORKING - Networks WAN/LAN,Projects (Prisons) - In-Cell Technology,BT BUSINESS DIRECT,AI5506/380,"Ł49,029.60",Information technology related costs
MoJ,MoJ HQ,05/01/24,EXP - PURCHASE OF GOODS/SERVICES - NETWORKING - Networks WAN/LAN,Infrastructure Services - Networks,BT PAYPHONES,AI5506/359,"Ł47,121.49",Information technology related costs
MoJ,MoJ HQ,15/01/24,EXP - PURCHASE OF GOODS/SERVICES - TELECOMS - Payphones,Infrastructure Services - Networks,BT PAYPHONES,AI5506/379,"Ł92,655.36",Information technology related costs
MoJ,MoJ HQ,05/01/24,EXP - PURCHASE OF GOODS/SERVICES - NETWORKING - Networks WAN/LAN,Infrastructure Services - Networks,BT PAYPHONES,AI5506/366,"Ł47,121.49",Information technology related costs
MoJ,MoJ HQ,05/01/24,EXP - PURCHASE OF GOODS/SERVICES - NETWORKING - Networks WAN/LAN,Infrastructure Services - Networks,BT PAYPHONES,AI5506/372,"Ł47,121.49",Information technology related costs
MoJ,MoJ HQ,10/01/24,EXP - PURCHASE OF GOODS/SERVICES - TELECOMS - Charges/Rental-non mobile,Infrastructure Services - Mobile Telephony,BT PLC,VP23075770M06401,"Ł53,524.52",Information technology related costs
MoJ,MoJ HQ,25/01/24,EXP - PURCHASE OF GOODS/SERVICES - TELECOMS - Charges/Rental-non mobile,Infrastructure Services - Mobile Telephony,BT PLC,VP45875770M06301,"Ł32,639.61",Information technology related costs
MoJ,MoJ HQ,10/01/24,EXP - PURCHASE OF GOODS/SERVICES - TELECOMS - Charges/Rental-non mobile,Infrastructure Services - Mobile Telephony,BT PLC,VP02875770M06201QS,"Ł69,723.55",Information technology related costs
MoJ,MoJ HQ,25/01/24,EXP - PURCHASE OF GOODS/SERVICES - TELECOMS - Charges/Rental-non mobile,Infrastructure Services - Mobile Telephony,BT PLC,VP23075770M06501,"Ł54,301.11",Information technology related costs
MoJ,MoJ HQ,25/01/24,EXP - PURCHASE OF GOODS/SERVICES - TELECOMS - Charges/Rental-non mobile,Infrastructure Services - Mobile Telephony,BT PLC,VP02875770M06301,"Ł73,499.90",Information technology related costs
MoJ,MoJ HQ,23/01/24,EXP - CURRENT GRANTS TO LOCAL GOVERNMENT,Youth Justice Policy Turnaround (Prog),BURY MBC,DMTA2324SEPT016,"-Ł57,905.96",Grants to voluntary public private and third sector organisations 
MoJ,MoJ HQ,23/01/24,CA - OTHER RECEIVABLES - Invoice Overpayments,BALANCE SHEET,BURY MBC,CN6637/TA2324SEPT016,"Ł57,905.96",Grants to voluntary public private and third sector organisations 
MoJ,MoJ HQ,23/01/24,EXP - PURCHASE OF GOODS/SERVICES - OTHER - Grants to voluntary and community service organisations,Women & Health Policy  (Programme),C2C SOCIAL ACTION,WSSI202225C2C4,"Ł71,985.00",Grants to voluntary public private and third sector organisations
MoJ,MoJ HQ,04/01/24,EXP - PURCHASE OF GOODS/SERVICES - PERSONNEL RELATED - Recruitment costs,Performance and Business Support,CABINET OFFICE,3835411,"Ł121,440.00",Fast Stream costs
MoJ,MoJ HQ,29/01/24,EXP - PURCHASE OF GOODS/SERVICES - PERSONNEL RELATED,Group Security and Delivery,CABINET OFFICE,3836146,"Ł233,122.80",Outsourced shared services
MoJ,MoJ HQ,25/01/24,EXP - PURCHASE OF GOODS/SERVICES - TRAINING & DEVELOPMENT,"Leadership, Talent & Capability",CABINET OFFICE,3836675,"Ł29,064.00",Staff training learning and development
MoJ,MoJ HQ,11/01/24,EXP-PURCHASE OF GOODS/SERVICES-OTHER PROF SERVICES-COMMERCIAL&CONTRACT MANAGMNT,Business Management - BAU,CABINET OFFICE,3832899,"Ł32,000.00",Professional services
MoJ,MoJ HQ,30/01/24,EXP-PURCHASE OF GOODS/SERVICES-OTHER PROF SERVICES-COMMERCIAL&CONTRACT MANAGMNT,Business Management - BAU,CABINET OFFICE,3836158,"Ł4,834,794.19",Professional services
MoJ,MoJ HQ,30/01/24,EXP-PURCHASE OF GOODS/SERVICES-OTHER PROF SERVICES-COMMERCIAL&CONTRACT MANAGMNT,Business Management - BAU,CABINET OFFICE,3836159,"Ł206,910.00",Professional services
MoJ,MoJ HQ,30/01/24,EXP - PURCHASE OF GOODS/SERVICES - OTHER - OGD FUNDING CONTRIBUTIONS (OUTWARDS),"Leadership, Talent & Capability",CABINET OFFICE,3836093,"Ł1,392,461.00",Fast Stream costs
MoJ,MoJ HQ,05/01/24,EXP - PURCHASE OF GOODS/SERVICES - CATERING & HOSPITALITY - Events and Conferences,Judicial Office - Programme,CALDER CONFERENCES LTD,513334,"Ł33,847.12",Judicial training and conferences
MoJ,MoJ HQ,09/01/24,EXP - PURCHASE OF GOODS/SERVICES - CATERING & HOSPITALITY - Events and Conferences,Judicial Office - Programme,CALDER CONFERENCES LTD,513565,"Ł26,378.32",Judicial training and conferences
MoJ,MoJ HQ,11/01/24,EXP - PURCHASE OF GOODS/SERVICES - CATERING & HOSPITALITY - Events and Conferences,Judicial Office - Programme,CALDER CONFERENCES LTD,513776,"Ł33,942.80",Judicial training and conferences
MoJ,MoJ HQ,11/01/24,EXP - PURCHASE OF GOODS/SERVICES - CATERING & HOSPITALITY - Events and Conferences,Judicial Office - Programme,CALDER CONFERENCES LTD,513775,"Ł50,395.30",Judicial training and conferences
MoJ,MoJ HQ,11/01/24,EXP - PURCHASE OF GOODS/SERVICES - CATERING & HOSPITALITY - Events and Conferences,Judicial Office - Programme,CALDER CONFERENCES LTD,513777,"Ł27,211.93",Judicial training and conferences
MoJ,MoJ HQ,11/01/24,EXP - PURCHASE OF GOODS/SERVICES - CATERING & HOSPITALITY - Events and Conferences,Judicial Office - Programme,CALDER CONFERENCES LTD,513625,"Ł43,923.08",Judicial training and conferences
MoJ,MoJ HQ,12/01/24,EXP - PURCHASE OF GOODS/SERVICES - CATERING & HOSPITALITY - Events and Conferences,Judicial Office - Programme,CALDER CONFERENCES LTD,512322,"Ł34,805.52",Judicial training and conferences
MoJ,MoJ HQ,12/01/24,EXP - PURCHASE OF GOODS/SERVICES - CATERING & HOSPITALITY - Events and Conferences,Judicial Office - Programme,CALDER CONFERENCES LTD,513336,"Ł31,633.30",Judicial training and conferences
MoJ,MoJ HQ,16/01/24,EXP - PURCHASE OF GOODS/SERVICES - CATERING & HOSPITALITY - Events and Conferences,Judicial Office - Programme,CALDER CONFERENCES LTD,513567,"Ł37,130.48",Judicial training and conferences
MoJ,MoJ HQ,23/01/24,EXP - PURCHASE OF GOODS/SERVICES - CATERING & HOSPITALITY - Events and Conferences,Judicial Office - Programme,CALDER CONFERENCES LTD,513564,"Ł45,629.80",Judicial training and conferences
MoJ,MoJ HQ,25/01/24,EXP - PURCHASE OF GOODS/SERVICES - CATERING & HOSPITALITY - Events and Conferences,Judicial Office - Programme,CALDER CONFERENCES LTD,515063,"Ł28,549.12",Judicial training and conferences
MoJ,MoJ HQ,25/01/24,EXP - PURCHASE OF GOODS/SERVICES - CATERING & HOSPITALITY - Events and Conferences,Judicial Office - Programme,CALDER CONFERENCES LTD,515062,"Ł29,627.34",Judicial training and conferences
MoJ,MoJ HQ,04/01/24,EXP - PURCHASE OF GOODS/SERVICES - SUPPORT - APPLICATION MAINTENANCE AND SUPPORT,LAA Digital,CAPGEMINI UK PLC,2600110403144,"Ł69,013.20",Information technology related costs
MoJ,MoJ HQ,23/01/24,EXP - PURCHASE OF GOODS/SERVICES - SUPPORT - APPLICATION MAINTENANCE AND SUPPORT,Probation Digital,CAPITA BUSINESS SERVICES LTD,6004164458,"Ł102,204.00",Information technology related costs
MoJ,MoJ HQ,30/01/24,PPE - INFORMATION TECHNOLOGY (OWNED) - COST - ADDITIONS,Technology Services Projects,CDW LTD,UKSI04213035,"Ł3,681,036.90",Information technology related costs
MoJ,MoJ HQ,18/01/24,EXP - PURCHASE OF GOODS/SERVICES - SUPPORT - OTHER,LAA Digital,CGI IT UK LTD,GB014122823,"Ł111,569.40",Information technology related costs
MoJ,MoJ HQ,19/01/24,EXP - PURCHASE OF GOODS/SERVICES - SUPPORT - OTHER,Customer Services,CGI IT UK LTD,GB014122381,"Ł373,288.72",Information technology related costs
MoJ,MoJ HQ,11/01/24,EXP - PURCHASE OF GOODS/SERVICES - SUPPORT - APPLICATION MAINTENANCE AND SUPPORT,Prisons Tech Debt,CLARASYS LTD,INV105152,"Ł34,935.00",Information technology related costs
MoJ,MoJ HQ,11/01/24,EXP - PURCHASE OF GOODS/SERVICES - SUPPORT - APPLICATION MAINTENANCE AND SUPPORT,Prisons Tech Debt,CLARASYS LTD,INV105262,"Ł52,332.00",Information technology related costs
MoJ,MoJ HQ,11/01/24,EXP - PURCHASE OF GOODS/SERVICES - SUPPORT - APPLICATION MAINTENANCE AND SUPPORT,Prisons Tech Debt,CLARASYS LTD,INV105157,"Ł67,302.00",Information technology related costs
MoJ,MoJ HQ,11/01/24,EXP - PURCHASE OF GOODS/SERVICES - SUPPORT - APPLICATION MAINTENANCE AND SUPPORT,Prisons Tech Debt,CLARASYS LTD,INV105261,"Ł146,793.00",Information technology related costs
MoJ,MoJ HQ,11/01/24,EXP - PURCHASE OF GOODS/SERVICES - SUPPORT - APPLICATION MAINTENANCE AND SUPPORT,Prisons Tech Debt,CLARASYS LTD,INV105153,"Ł244,713.00",Information technology related costs
MoJ,MoJ HQ,18/01/24,EXP - PURCHASE OF GOODS/SERVICES - SUPPORT - OTHER,HMPPS Digital Shared Service Line,CMC PARTNERSHIP CONSULTANCY LTD,SIN001548,"Ł73,986.00",Information technology related costs
MoJ,MoJ HQ,29/01/24,EXP - CURRENT GRANTS TO PRIVATE SECTOR - NON PROFIT INSTITUTIONS SERVING H'HOLD,LawTech,CODEBASE LTD,LAWTECHGRANTCLAIMFORINV11671NOV2023,"Ł147,543.43",Grants to voluntary public private and third sector organisations
MoJ,MoJ HQ,29/01/24,EXP - CURRENT GRANTS TO PRIVATE SECTOR - NON PROFIT INSTITUTIONS SERVING H'HOLD,LawTech,CODEBASE LTD,LAWTECHGRANTCLAIMFORINV11787DECEMBER2023,"Ł148,628.37",Grants to voluntary public private and third sector organisations
MoJ,MoJ HQ,29/01/24,PPE - INFORMATION TECHNOLOGY (OWNED) - COST - ADDITIONS - Computers,Infrastructure Services - EUCS,COMPUTACENTER (UK) LTD,3884383947,"Ł782,907.62",Information technology related costs
MoJ,MoJ HQ,09/01/24,EXP - PURCHASE OF GOODS/SERVICES - SUPPORT - OTHER,Business Management - BAU,CORE STREAM LTD,MOJCS019,"Ł55,080.00",Information technology related costs
MoJ,MoJ HQ,03/01/24,EXP - PURCHASE OF GOODS/SERVICES - RAIL TRAVEL,GPC Billback,CORPORATE TRAVEL MANAGEMENT NORTH LTD,7639,"Ł38,524.75",Staff travel and subsistence costs
MoJ,MoJ HQ,03/01/24,EXP - PURCHASE OF GOODS/SERVICES - RAIL TRAVEL,GPC Billback,CORPORATE TRAVEL MANAGEMENT NORTH LTD,7632,"Ł54,800.75",Staff travel and subsistence costs
MoJ,MoJ HQ,15/01/24,EXP - PURCHASE OF GOODS/SERVICES - RAIL TRAVEL,GPC Billback,CORPORATE TRAVEL MANAGEMENT NORTH LTD,7850,"Ł27,376.66",Staff travel and subsistence costs
MoJ,MoJ HQ,15/01/24,EXP - PURCHASE OF GOODS/SERVICES - RAIL TRAVEL,GPC Billback,CORPORATE TRAVEL MANAGEMENT NORTH LTD,7890,"Ł62,404.08",Staff travel and subsistence costs
MoJ,MoJ HQ,22/01/24,EXP - PURCHASE OF GOODS/SERVICES - RAIL TRAVEL,GPC Billback,CORPORATE TRAVEL MANAGEMENT NORTH LTD,8173,"Ł106,693.12",Staff travel and subsistence costs
MoJ,MoJ HQ,22/01/24,EXP - PURCHASE OF GOODS/SERVICES - RAIL TRAVEL,GPC Billback,CORPORATE TRAVEL MANAGEMENT NORTH LTD,8082,"Ł149,701.74",Staff travel and subsistence costs
MoJ,MoJ HQ,29/01/24,EXP - PURCHASE OF GOODS/SERVICES - RAIL TRAVEL,GPC Billback,CORPORATE TRAVEL MANAGEMENT NORTH LTD,8147,"Ł116,189.73",Staff travel and subsistence costs
MoJ,MoJ HQ,30/01/24,EXP - PURCHASE OF GOODS/SERVICES - RAIL TRAVEL,GPC Billback,CORPORATE TRAVEL MANAGEMENT NORTH LTD,8114,"Ł211,939.95",Staff travel and subsistence costs
MoJ,MoJ HQ,18/01/24,EXP - PURCHASE OF GOODS/SERVICES - OTHER PROFESSIONAL SERVICES - other than legal,Probation Reform Prog Support,CREATE CHANGE LONDON LTD,HMPPS-031-DEC,"Ł209,034.00",Information technology related costs
MoJ,MoJ HQ,19/01/24,EXP - PURCHASE OF GOODS/SERVICES - HOSTING - Hosting,Infrastructure Services - Hosting,CROWN HOSTING DATA CENTRES LTD,22876,"Ł249,743.78",Information technology related costs
MoJ,MoJ HQ,05/01/24,EXP - PURCHASE OF GOODS/SERVICES - SUPPORT - SECURITY,LAA Digital,CSL KPMG LLP,5502757204,"Ł360,000.00",Consultancy and professional services
MoJ,MoJ HQ,18/01/24,EXP - PURCHASE OF GOODS/SERVICES - ACCOMMODATION & BLDNG MANAGEMENT - Management fee,MoJ Estates Cluster,CUSHMAN & WAKEFIELD DEBENHAM TIE LEUNG LTD,GB3002-CI-23-14060,"Ł83,428.85",Property related charges
MoJ,MoJ HQ,24/01/24,Exp - Purchase Of Goods/Services - Consultancy,CJS Data Transformation,DELOITTE LLP,8004360537,"Ł104,796.00",Professional services
MoJ,MoJ HQ,12/01/24,EXP - PURCHASE OF GOODS/SERVICES - OFFICE RELATED - Reprographics,Legal Aid,DEPARTMENT FOR EDUCATION,CORE-PSCR-003955,"Ł54,000.00",Professional services
MoJ,MoJ HQ,23/01/24,EXP - PURCHASE OF GOODS/SERVICES - IT MANAGEMENT AND CHANGE - Exit Management,Engineering,EGRESS SOFTWARE TECHNOLOGIES LTD,INVUK25160,"Ł323,730.00",Information technology related costs
MoJ,MoJ HQ,19/01/24,EXP - PURCHASE OF GOODS/SERVICES - SUPPORT - LICENCES,Infrastructure Services - NICTS,ENTRUST EUROPE LTD,740808661,"Ł160,822.85",Information technology related costs
MoJ,MoJ HQ,22/01/24,EXP - PURCHASE OF GOODS/SERVICES - SUPPORT - LICENCES,Infrastructure Services - NICTS,ENTRUST EUROPE LTD,740808504,"Ł358,076.57",Information technology related costs
MoJ,MoJ HQ,11/01/24,EXP - PURCHASE OF GOODS/SERVICES - OTHER - Judiciary training,Judicial Office - Programme,ERNST & YOUNG LLP,GB01G000495396,"Ł48,990.00",Judicial training and conferences
MoJ,MoJ HQ,11/01/24,EXP - PURCHASE OF GOODS/SERVICES - OTHER - Judiciary training,Judicial Office - Programme,ERNST & YOUNG LLP,GB01G000495399,"Ł45,768.00",Judicial training and conferences
MoJ,MoJ HQ,30/01/24,Exp - Purchase Of Goods/Services - Consultancy,Business Management - BAU,ERNST & YOUNG LLP,GB01G000499524,"Ł565,044.02",Consultancy and professional services
MoJ,MoJ HQ,18/01/24,EXP - PURCHASE OF GOODS/SERVICES - SUPPORT - APPLICATION DEVELOPMENT,Prisons Tech Debt,FARSIGHT CONSULTING LTD,INV-2576,"Ł104,175.00",Information technology related costs
MoJ,MoJ HQ,25/01/24,EXP - PURCHASE OF GOODS/SERVICES - SUPPORT - APPLICATION DEVELOPMENT,Prisons Tech Debt,FARSIGHT CONSULTING LTD,INV-2447,"Ł41,706.00",Information technology related costs
MoJ,MoJ HQ,18/01/24,EXP - PURCHASE OF GOODS/SERVICES - SUPPORT - APPLICATION DEVELOPMENT,Prisons Tech Debt,FARSIGHT CONSULTING LTD,INV-2539,"Ł132,336.00",Information technology related costs
MoJ,MoJ HQ,25/01/24,EXP - PURCHASE OF GOODS/SERVICES - SUPPORT - APPLICATION DEVELOPMENT,Prisons Tech Debt,FARSIGHT CONSULTING LTD,INV-2574,"Ł375,588.00",Information technology related costs
MoJ,MoJ HQ,25/01/24,EXP - PURCHASE OF GOODS/SERVICES - SUPPORT - APPLICATION DEVELOPMENT,Prisons Tech Debt,FARSIGHT CONSULTING LTD,INV-2487,"Ł466,863.00",Information technology related costs
MoJ,MoJ HQ,25/01/24,EXP - PURCHASE OF GOODS/SERVICES - SUPPORT - APPLICATION DEVELOPMENT,Prisons Tech Debt,FARSIGHT CONSULTING LTD,INV-2537,"Ł558,957.00",Information technology related costs
MoJ,MoJ HQ,23/01/24,EXP - PURCHASE OF GOODS/SERVICES - OTHER - Grants to voluntary and community service organisations,Women & Health Policy  (Programme),FOOD MATTERS,WSCCC202225FOODMATTERS,"Ł32,472.00",Grants to voluntary public private and third sector organisations
MoJ,MoJ HQ,26/01/24,EXP - PURCHASE OF GOODS/SERVICES - OTHER PROFESSIONAL SERVICES - Research costs,Chief People Officer Group Office,GARTNER UK LTD,20128504,"Ł33,600.00",Professional services
MoJ,MoJ HQ,04/01/24,EXP - PURCHASE OF GOODS/SERVICES - TRAINING & DEVELOPMENT,CSHR Casework,GLOBAL ELOQUENCE LTD,INV-0809,"Ł102,252.85",Staff training learning and development
MoJ,MoJ HQ,04/01/24,EXP - PURCHASE OF GOODS/SERVICES - TRAINING & DEVELOPMENT,CSHR Casework,GLOBAL ELOQUENCE LTD,INV-0810,"Ł102,252.85",Staff training learning and development
MoJ,MoJ HQ,11/01/24,EXP - PURCHASE OF GOODS/SERVICES - SUPPORT - OTHER,Probation Reform Prog Support,GLUE REPLY,3231002429,"Ł56,940.00",Information technology related costs
MoJ,MoJ HQ,11/01/24,EXP - PURCHASE OF GOODS/SERVICES - SUPPORT - OTHER,Probation Reform Prog Support,GLUE REPLY,3231002483,"Ł72,060.00",Information technology related costs
MoJ,MoJ HQ,04/01/24,EXP - PURCHASE OF GOODS/SERVICES - OTHER PROFESSIONAL SERVICES - Pension advice & administration,Judicial Pension Scheme Programme,GOVERNMENT ACTUARYS DEPARTMENT GAD,SINV/00036848,"Ł33,781.08",Professional services
MoJ,MoJ HQ,04/01/24,EXP - PURCHASE OF GOODS/SERVICES - OTHER PROFESSIONAL SERVICES - Pension advice & administration,Judicial Pension Scheme Programme,GOVERNMENT ACTUARYS DEPARTMENT GAD,SINV/00036849,"Ł33,781.09",Professional services
MoJ,MoJ HQ,26/01/24,EXP - PURCHASE OF GOODS/SERVICES - OTHER PROFESSIONAL SERVICES - Pension advice & administration,Judicial Pension Scheme Programme,GOVERNMENT ACTUARYS DEPARTMENT GAD,SINV/00036845,"Ł119,433.24",Professional services
MoJ,MoJ HQ,29/01/24,EXP - PURCHASE OF GOODS/SERVICES - AUDIT SERVICES,Internal Audit & Assurance IA1,GOVERNMENT INTERNAL AUDIT AGENCY,46183,"Ł405,237.00",Audit services
MoJ,MoJ HQ,04/01/24,EXP - PURCHASE OF GOODS/SERVICES - OTHER PROFESSIONAL SERVICES - Legal Services - Government Legal Department,Legal Aid,GOVERNMENT LEGAL DEPARTMENT,537213,"Ł35,733.84",Legal services
MoJ,MoJ HQ,11/01/24,EXP - PURCHASE OF GOODS/SERVICES - OTHER PROFESSIONAL SERVICES - Legal Services - Government Legal Department,Judicial Policy (Admin),GOVERNMENT LEGAL DEPARTMENT,536647,"Ł26,203.76",Legal services
MoJ,MoJ HQ,19/01/24,EXP - PURCHASE OF GOODS/SERVICES - OTHER PROFESSIONAL SERVICES - Legal Services - Government Legal Department,Legal Aid,GOVERNMENT LEGAL DEPARTMENT,525383,"Ł45,724.56",Legal services
MoJ,MoJ HQ,18/01/24,EXP - PURCHASE OF GOODS/SERVICES - OTHER PROFESSIONAL SERVICES - Legal Services - Government Legal Department,Malkinson Inquiry - Admin,GOVERNMENT LEGAL DEPARTMENT,537314,"Ł67,186.67",Legal services
MoJ,MoJ HQ,15/01/24,EXP - PURCHASE OF GOODS/SERVICES - ACCOMMODATION & BLDNG MANAGEMENT - Other Occupancy Costs,Southern House (Croydon),GOVERNMENT PROPERTY AGENCY,00000001/30404,"Ł48,659.00",Property related charges
MoJ,MoJ HQ,23/01/24,EXP - CURRENT GRANTS TO LOCAL GOVERNMENT,"Victim, Witness & CJS Delivery",GREATER MANCHESTER COMBINED AUTHORITY,P2A-23/24-GG-GM,"Ł40,404.00",Grant payments to Police and Crime Commissioners
MoJ,MoJ HQ,24/01/24,EXP - CURRENT GRANTS TO LOCAL GOVERNMENT,"Victim, Witness & CJS Delivery",GREATER MANCHESTER COMBINED AUTHORITY,P2-23/24-FB-GM,"Ł1,705,340.54",Grant payments to Police and Crime Commissioners
MoJ,MoJ HQ,24/01/24,EXP - CURRENT GRANTS TO LOCAL GOVERNMENT,"Victim, Witness & CJS Delivery",GREATER MANCHESTER COMBINED AUTHORITY,P2-23/24-GG-GM,"Ł1,067,552.23",Grant payments to Police and Crime Commissioners
MoJ,MoJ HQ,18/01/24,EXP - PURCHASE OF GOODS/SERVICES - SHARED SERVICES OUTSOURCING,SSCL Programme,HAMPSHIRE CONSTABULARY,3680024962,"Ł57,390.30",Outsourced shared services
MoJ,MoJ HQ,24/01/24,EXP - PURCHASE OF GOODS/SERVICES - PERSONNEL RELATED - Staff Health and Safety,HR Services,HEALTH MANAGEMENT LTD,C403993,"-Ł29,783.92",Staff occupational health services
MoJ,MoJ HQ,24/01/24,EXP - PURCHASE OF GOODS/SERVICES - PERSONNEL RELATED - Staff Health and Safety,HR Services,HEALTH MANAGEMENT LTD,INV549863,"Ł68,640.00",Staff occupational health services
MoJ,MoJ HQ,11/01/24,EXP - PURCHASE OF GOODS/SERVICES - SUPPORT - OTHER,Prisons Digital,HIPPO DIGITAL LTD,INV000906,"Ł96,816.00",Information technology related costs
MoJ,MoJ HQ,11/01/24,EXP - PURCHASE OF GOODS/SERVICES - SUPPORT - OTHER,Prisons Digital,HIPPO DIGITAL LTD,INV000904,"Ł131,761.72",Information technology related costs
MoJ,MoJ HQ,08/01/24,EXP - PURCHASE OF GOODS/SERVICES - OTHER PROFESSIONAL SERVICES - LEGAL SERVICES - THIRD PARTY LEGAL COSTS,Business Management - BAU,HOGAN LOVELLS INTERNATIONAL LLP,17100095731,"Ł271,414.80",Legal services
MoJ,MoJ HQ,09/01/24,EXP - PURCHASE OF GOODS/SERVICES - SUPPORT - LICENCES,Engineering,IBM DIRECT( UNITED KINGDOM) LTD,105877238,"Ł32,568.48",Information technology related costs
MoJ,MoJ HQ,09/01/24,EXP - PURCHASE OF GOODS/SERVICES - SUPPORT - LICENCES,Engineering,IBM DIRECT( UNITED KINGDOM) LTD,105876764,"Ł1,536,760.26",Information technology related costs
MoJ,MoJ HQ,30/01/24,EXP - CURRENT GRANTS TO PRIVATE SECTOR - NON PROFIT INSTITUTIONS SERVING H'HOLD,"Victim, Witness & CJS Delivery",IDAS,P1-23/24-ISVA/IDVATFUND-IDAS,"Ł44,598.58",Grants to voluntary public private and third sector organisations
MoJ,MoJ HQ,19/01/24,EXP - PURCHASE OF GOODS/SERVICES - OTHER PROFESSIONAL SERVICES - Research costs,Legal Support & Court Fees Policy,IFF RESEARCH LTD,0018153,"Ł96,000.00",Professional services
MoJ,MoJ HQ,25/01/24,EXP - PURCHASE OF GOODS/SERVICES - PERSONNEL RELATED - Recruitment costs,ALB Centre of Excellence,INCLUSIVE BOARDS LTD,0869,"Ł72,930.00",Professional services
MoJ,MoJ HQ,05/01/24,EXP - PURCHASE OF GOODS/SERVICES -ACCOMM & BLDNG MGMT - MAINTENANCE & REPAIRS,FFM MoJ HQ,INTERSERVE (FACILITIES MANAGEMENT)LTD,230507/92935826,"Ł47,700.00",Property related charges
MoJ,MoJ HQ,08/01/24,EXP - PURCHASE OF GOODS/SERVICES -ACCOMM & BLDNG MGMT - MAINTENANCE & REPAIRS,Consolidated FFM invoice,INTERSERVE (FACILITIES MANAGEMENT)LTD,230507/92941076,"Ł1,738,383.30",Property related charges
MoJ,MoJ HQ,15/01/24,EXP - PURCHASE OF GOODS/SERVICES - ELECTRICITY,Consolidated FFM invoice,INTERSERVE (FACILITIES MANAGEMENT)LTD,230507/92950714,"Ł158,958.67",Property related charges
MoJ,MoJ HQ,26/01/24,EXP - PURCHASE OF GOODS/SERVICES -ACCOMM & BLDNG MGMT - MAINTENANCE & REPAIRS,Consolidated FFM invoice,INTERSERVE (FACILITIES MANAGEMENT)LTD,230507/92957049,"Ł1,054,925.91",Property related charges
MoJ,MoJ HQ,31/01/24,EXP - PURCHASE OF GOODS/SERVICES - ELECTRICITY,Consolidated FFM invoice,INTERSERVE (FACILITIES MANAGEMENT)LTD,230507/92957071,"Ł252,770.18",Property related charges
MoJ,MoJ HQ,31/01/24,EXP - PURCHASE OF GOODS/SERVICES - ELECTRICITY,Consolidated FFM invoice,INTERSERVE (FACILITIES MANAGEMENT)LTD,230507/92961965,"Ł197,747.39",Property related charges
MoJ,MoJ HQ,12/01/24,EXP - PURCHASE OF GOODS/SERVICES - OTHER - Grants to voluntary and community service organisations,Women & Health Policy  (Programme),KAIROS WOMEN WORKING TOGETHER,WCSCC20222025KAIROSWOMEN3,"Ł30,000.00",Grants to voluntary public private and third sector organisations
MoJ,MoJ HQ,17/01/24,EXP - PURCHASE OF GOODS/SERVICES - ACCOMMODATION & BLDNG MANAGEMENT - Management fee,FFM MoJ HQ,KELLOGG BROWN ROOT LTD,2312MOJ396,"Ł135,803.05",Property related charges
MoJ,MoJ HQ,12/01/24,EXP - PURCHASE OF GOODS/SERVICES - ELECTRICITY,Consolidated FFM invoice,KIER FACILITIES SERVICES LTD,10328672,"Ł220,135.57",Property related charges
MoJ,MoJ HQ,16/01/24,EXP - PURCHASE OF GOODS/SERVICES - WATER,FFM Home Office - Reactive,KIER FACILITIES SERVICES LTD,10328747,"Ł35,977.95",Property related charges
MoJ,MoJ HQ,17/01/24,EXP - PURCHASE OF GOODS/SERVICES -ACCOMM & BLDNG MGMT - MAINTENANCE & REPAIRS,FFM Home Office - Reactive,KIER FACILITIES SERVICES LTD,10328788,"Ł934,269.14",Property related charges
MoJ,MoJ HQ,17/01/24,EXP - PURCHASE OF GOODS/SERVICES -ACCOMM & BLDNG MGMT - MAINTENANCE & REPAIRS,Consolidated FFM invoice,KIER FACILITIES SERVICES LTD,10328845,"Ł857,066.41",Property related charges
MoJ,MoJ HQ,19/01/24,EXP - PURCHASE OF GOODS/SERVICES - ELECTRICITY,Consolidated FFM invoice,KIER FACILITIES SERVICES LTD,10329072,"Ł304,318.11",Property related charges
MoJ,MoJ HQ,22/01/24,EXP - PURCHASE OF GOODS/SERVICES -ACCOMM & BLDNG MGMT - MAINTENANCE & REPAIRS,Consolidated FFM invoice,KIER FACILITIES SERVICES LTD,10329227,"Ł207,788.68",Property related charges
MoJ,MoJ HQ,22/01/24,EXP - PURCHASE OF GOODS/SERVICES -ACCOMM & BLDNG MGMT - MAINTENANCE & REPAIRS,Consolidated FFM invoice,KIER FACILITIES SERVICES LTD,10329228,"Ł1,118,368.79",Property related charges
MoJ,MoJ HQ,22/01/24,EXP - PURCHASE OF GOODS/SERVICES -ACCOMM & BLDNG MGMT - MAINTENANCE & REPAIRS,Consolidated FFM invoice,KIER FACILITIES SERVICES LTD,10329225,"Ł115,400.84",Property related charges
MoJ,MoJ HQ,26/01/24,EXP - PURCHASE OF GOODS/SERVICES - ELECTRICITY,Consolidated FFM invoice,KIER FACILITIES SERVICES LTD,10329521,"Ł498,687.94",Property related charges
MoJ,MoJ HQ,26/01/24,EXP - PURCHASE OF GOODS/SERVICES - ELECTRICITY,Consolidated FFM invoice,KIER FACILITIES SERVICES LTD,10329522,"Ł1,480,350.91",Property related charges
MoJ,MoJ HQ,29/01/24,EXP - PURCHASE OF GOODS/SERVICES -ACCOMM & BLDNG MGMT - MAINTENANCE & REPAIRS,FFM Home Office - Reactive,KIER FACILITIES SERVICES LTD,10329715,"Ł95,662.50",Property related charges
MoJ,MoJ HQ,29/01/24,EXP - PURCHASE OF GOODS/SERVICES -ACCOMM & BLDNG MGMT - MAINTENANCE & REPAIRS,FFM Home Office - Reactive,KIER FACILITIES SERVICES LTD,10329827,"Ł222,447.36",Property related charges
MoJ,MoJ HQ,29/01/24,EXP - PURCHASE OF GOODS/SERVICES -ACCOMM & BLDNG MGMT - MAINTENANCE & REPAIRS,FFM Home Office - Reactive,KIER FACILITIES SERVICES LTD,10329722,"Ł255,759.94",Property related charges
MoJ,MoJ HQ,29/01/24,EXP - PURCHASE OF GOODS/SERVICES -ACCOMM & BLDNG MGMT - MAINTENANCE & REPAIRS,FFM HMPPS,KIER FACILITIES SERVICES LTD,10329720,"Ł37,956.41",Property related charges
MoJ,MoJ HQ,29/01/24,EXP - PURCHASE OF GOODS/SERVICES -ACCOMM & BLDNG MGMT - MAINTENANCE & REPAIRS,FFM HMPPS,KIER FACILITIES SERVICES LTD,10329721,"Ł38,884.96",Property related charges
MoJ,MoJ HQ,29/01/24,EXP - PURCHASE OF GOODS/SERVICES -ACCOMM & BLDNG MGMT - MAINTENANCE & REPAIRS,FFM HMPPS,KIER FACILITIES SERVICES LTD,10329717,"Ł170,404.56",Property related charges
MoJ,MoJ HQ,29/01/24,EXP - PURCHASE OF GOODS/SERVICES -ACCOMM & BLDNG MGMT - MAINTENANCE & REPAIRS,FFM Scotland Office,KIER FACILITIES SERVICES LTD,10329822,"Ł422,506.31",Property related charges
MoJ,MoJ HQ,30/01/24,EXP - PURCHASE OF GOODS/SERVICES -ACCOMM & BLDNG MGMT - MAINTENANCE & REPAIRS,Consolidated FFM invoice,KIER FACILITIES SERVICES LTD,10329539,"Ł616,792.93",Property related charges
MoJ,MoJ HQ,30/01/24,EXP - PURCHASE OF GOODS/SERVICES -ACCOMM & BLDNG MGMT - MAINTENANCE & REPAIRS,Consolidated FFM invoice,KIER FACILITIES SERVICES LTD,10329817,"Ł216,390.37",Property related charges
MoJ,MoJ HQ,30/01/24,EXP - PURCHASE OF GOODS/SERVICES -ACCOMM & BLDNG MGMT - MAINTENANCE & REPAIRS,Consolidated FFM invoice,KIER FACILITIES SERVICES LTD,10329525,"Ł147,811.92",Property related charges
MoJ,MoJ HQ,30/01/24,EXP - PURCHASE OF GOODS/SERVICES -ACCOMM & BLDNG MGMT - MAINTENANCE & REPAIRS,Consolidated FFM invoice,KIER FACILITIES SERVICES LTD,10329586,"Ł1,556,095.75",Property related charges
MoJ,MoJ HQ,30/01/24,EXP - PURCHASE OF GOODS/SERVICES -ACCOMM & BLDNG MGMT - MAINTENANCE & REPAIRS,Consolidated FFM invoice,KIER FACILITIES SERVICES LTD,10329719,"Ł663,774.25",Property related charges
MoJ,MoJ HQ,30/01/24,EXP - PURCHASE OF GOODS/SERVICES -ACCOMM & BLDNG MGMT - MAINTENANCE & REPAIRS,FFM Home Office - Reactive,KIER FACILITIES SERVICES LTD,10329819,"Ł162,973.27",Property related charges
MoJ,MoJ HQ,30/01/24,EXP - PURCHASE OF GOODS/SERVICES -ACCOMM & BLDNG MGMT - MAINTENANCE & REPAIRS,Consolidated FFM invoice,KIER FACILITIES SERVICES LTD,10329818,"Ł785,413.62",Property related charges
MoJ,MoJ HQ,30/01/24,EXP - PURCHASE OF GOODS/SERVICES -ACCOMM & BLDNG MGMT - MAINTENANCE & REPAIRS,Consolidated FFM invoice,KIER FACILITIES SERVICES LTD,10329816,"Ł38,298.56",Property related charges
MoJ,MoJ HQ,30/01/24,EXP - PURCHASE OF GOODS/SERVICES -ACCOMM & BLDNG MGMT - MAINTENANCE & REPAIRS,FFM HMPPS,KIER FACILITIES SERVICES LTD,10329820,"Ł30,452.35",Property related charges
MoJ,MoJ HQ,30/01/24,EXP - PURCHASE OF GOODS/SERVICES -ACCOMM & BLDNG MGMT - MAINTENANCE & REPAIRS,Consolidated FFM invoice,KIER FACILITIES SERVICES LTD,10329718,"Ł92,432.45",Property related charges
MoJ,MoJ HQ,30/01/24,EXP - PURCHASE OF GOODS/SERVICES -ACCOMM & BLDNG MGMT - MAINTENANCE & REPAIRS,FFM HMPPS,KIER FACILITIES SERVICES LTD,10329723,"Ł144,962.65",Property related charges
MoJ,MoJ HQ,30/01/24,EXP - PURCHASE OF GOODS/SERVICES -ACCOMM & BLDNG MGMT - MAINTENANCE & REPAIRS,FFM HMPPS,KIER FACILITIES SERVICES LTD,10329821,"Ł218,785.75",Property related charges
MoJ,MoJ HQ,12/01/24,EXP - PURCHASE OF GOODS/SERVICES - OTHER - Grants to voluntary and community service organisations,Women & Health Policy  (Programme),LANCASHIRE WOMEN,WSCCC202225LW2,"Ł47,875.00",Grants to voluntary public private and third sector organisations
MoJ,MoJ HQ,17/01/24,EXP - CURRENT GRANTS TO PRIVATE SECTOR - NON PROFIT INSTITUTIONS SERVING H'HOLD,LSAP- Legal Support Action Plan,LAW FOR LIFE FOUNDATION FOR PUBLIC LEGAL EDUCATION,ADVICENOWGRANTJAN24,"Ł33,661.00",Grants to voluntary public private and third sector organisations
MoJ,MoJ HQ,23/01/24,EXP - CURRENT GRANTS TO LOCAL GOVERNMENT,"Victim, Witness & CJS Delivery",LEICESTERSHIRE POLICE,P2-23/24-FB-Leics,"Ł661,548.51",Grant payments to Police and Crime Commissioners
MoJ,MoJ HQ,23/01/24,EXP - CURRENT GRANTS TO LOCAL GOVERNMENT,"Victim, Witness & CJS Delivery",LEICESTERSHIRE POLICE,P2-23/24-GG-Leics,"Ł552,576.70",Grant payments to Police and Crime Commissioners
MoJ,MoJ HQ,05/01/24,EXP - CURRENT GRANTS TO LOCAL GOVERNMENT,Youth Justice Policy Turnaround (Prog),LONDON BOROUGH OF LAMBETH,TA2324JAN003,"Ł92,482.53",Grants to voluntary public private and third sector organisations
MoJ,MoJ HQ,18/01/24,EXP - PURCHASE OF GOODS/SERVICES - HOSTING - Hosting,Probation Digital,LUMEN TECHNOLOGIES UK LTD,672008083/2072939,"Ł69,000.00",Information technology related costs
MoJ,MoJ HQ,18/01/24,EXP - PURCHASE OF GOODS/SERVICES - HOSTING - Hosting,Probation Digital,LUMEN TECHNOLOGIES UK LTD,672006755/2072942,"Ł30,000.00",Information technology related costs
MoJ,MoJ HQ,18/01/24,EXP - PURCHASE OF GOODS/SERVICES - HOSTING - Hosting,Probation Digital,LUMEN TECHNOLOGIES UK LTD,92692623/2058355,"Ł28,297.20",Information technology related costs
MoJ,MoJ HQ,11/01/24,EXP - PURCHASE OF GOODS/SERVICES - SUPPORT - OTHER,Probation Digital,MADE TECH LTD,INV004389,"Ł110,081.15",Information technology related costs
MoJ,MoJ HQ,11/01/24,EXP - PURCHASE OF GOODS/SERVICES - SUPPORT - OTHER,Probation Digital,MADE TECH LTD,INV004390,"Ł111,578.40",Information technology related costs
MoJ,MoJ HQ,11/01/24,EXP - PURCHASE OF GOODS/SERVICES - SUPPORT - APPLICATION DEVELOPMENT,Engineering,MADE TECH LTD,INV004412,"Ł145,446.85",Information technology related costs
MoJ,MoJ HQ,26/01/24,EXP - PURCHASE OF GOODS/SERVICES - OTHER - Grants to voluntary and community service organisations,Women & Health Policy  (Programme),MANCHESTER ACTION ON STREET HEALTH,WCSCC20222025MANCHESTERACTION3,"Ł31,967.00",Grants to voluntary public private and third sector organisations
MoJ,MoJ HQ,24/01/24,"EXP - PURCHASE OF GOODS/SERVICES - MARKETING & MEDIA - Publicity, Advertising & Communications",Recruitment and Retention Comms (Prog),MANNING GOTTLIEB OMD,F44960,"Ł54,852.31",Recruitment advertising
MoJ,MoJ HQ,22/01/24,EXP - PURCHASE OF GOODS/SERVICES - SUPPORT - OTHER,HMPPS Digital Shared Service Line,METHODS BUSINESS AND DIGITAL TECHNOLOGY LTD,SIN079031,"Ł120,042.00",Information technology related costs
MoJ,MoJ HQ,30/01/24,EXP - PURCHASE OF GOODS/SERVICES - SUPPORT - OTHER,Infrastructure Services - NICTS,METHODS BUSINESS AND DIGITAL TECHNOLOGY LTD,SIN079043,"Ł522,000.00",Information technology related costs
MoJ,MoJ HQ,05/01/24,EXP - PURCHASE OF GOODS/SERVICES - SUPPORT - OTHER,Prisons Digital,MODULAR DATA LTD,23/0040,"Ł238,680.00",Information technology related costs
MoJ,MoJ HQ,08/01/24,EXP - CURRENT GRANTS TO PRIVATE SECTOR - NON PROFIT INSTITUTIONS SERVING H'HOLD,Family Grants and other programme,NATIONAL ASSOCIATION OF CHILD CONTACT CENTRES (NACCC),NACCC-GRANT/Q4-23-24,"Ł48,000.00",Grants to voluntary public private and third sector organisations
MoJ,MoJ HQ,10/01/24,EXP - PURCHASE OF GOODS/SERVICES - OTHER PROFESSIONAL SERVICES - NS&I CFO Operational Service Costs,Office of the Accountant General,NATIONAL SAVINGS & INVESTMENTS,700848,"Ł346,377.02",Professional services
MoJ,MoJ HQ,22/01/24,EXP - PURCHASE OF GOODS/SERVICES - SUPPORT - LICENCES,Probation Digital,NEC SOFTWARE SOLUTIONS UK LTD,91480677,"Ł156,000.00",Information technology related costs
MoJ,MoJ HQ,23/01/24,EXP - PURCHASE OF GOODS/SERVICES - SUPPORT - OTHER,Probation Digital,NEC SOFTWARE SOLUTIONS UK LTD,91481183,"Ł138,600.00",Information technology related costs
MoJ,MoJ HQ,31/01/24,EXP - PURCHASE OF GOODS/SERVICES - IT MANAGEMENT AND CHANGE - Exit Management,LAA Digital,NEC SOFTWARE SOLUTIONS UK LTD - PREVIOUSLY I2N LTD,91481480,"Ł100,395.00",Information technology related costs
MoJ,MoJ HQ,23/01/24,EXP - PURCHASE OF GOODS/SERVICES - OTHER - Grants to voluntary and community service organisations,Women & Health Policy  (Programme),NOTTINGHAM WOMENS CENTRE,WSCCC202225NWC3,"Ł30,500.00",Grants to voluntary public private and third sector organisations
MoJ,MoJ HQ,05/01/24,EXP - PURCHASE OF GOODS/SERVICES - SUPPORT - OTHER,Design102,NURVED LTD,0003747,"Ł223,574.47",Information technology related costs
MoJ,MoJ HQ,04/01/24,EXP - PURCHASE OF GOODS/SERVICES - TELECOMS - Charges/Rental - mobile,Infrastructure Services - Mobile Telephony,O2 TELEFONICA LTD,27711775,"Ł25,740.00",Information technology related costs
MoJ,MoJ HQ,11/01/24,EXP - PURCHASE OF GOODS/SERVICES - TELECOMS - Charges/Rental - mobile,Infrastructure Services - Mobile Telephony,O2 TELEFONICA LTD,28001114,"Ł32,859.22",Information technology related costs
MoJ,MoJ HQ,08/01/24,EXP - PURCHASE OF GOODS/SERVICES - SUPPORT - SECURITY,REDACTED,OAKLIN LTD,2290,"Ł71,790.00",Information technology related costs
MoJ,MoJ HQ,08/01/24,EXP - PURCHASE OF GOODS/SERVICES - SUPPORT - SECURITY,REDACTED,OAKLIN LTD,2361,"Ł71,790.00",Information technology related costs
MoJ,MoJ HQ,08/01/24,EXP - PURCHASE OF GOODS/SERVICES - SUPPORT - SECURITY,REDACTED,OAKLIN LTD,2362,"Ł71,790.00",Information technology related costs
MoJ,MoJ HQ,05/01/24,EXP - PURCHASE OF GOODS/SERVICES - ACCOMMODATION & BLDNG MANAGEMENT - OFFICE CLEANING,Consolidated FFM invoice,OCS GROUP UK LTD,5000541821,"Ł337,846.60",Property related charges
MoJ,MoJ HQ,05/01/24,EXP - PURCHASE OF GOODS/SERVICES - ACCOMMODATION & BLDNG MANAGEMENT - OFFICE CLEANING,Consolidated FFM invoice,OCS GROUP UK LTD,5000541822,"Ł91,188.94",Property related charges
MoJ,MoJ HQ,22/01/24,EXP - PURCHASE OF GOODS/SERVICES - ACCOMMODATION & BLDNG MANAGEMENT - OFFICE CLEANING,Consolidated FFM invoice,OCS GROUP UK LTD,5000545057,"Ł1,985,035.28",Property related charges
MoJ,MoJ HQ,22/01/24,EXP - PURCHASE OF GOODS/SERVICES -ACCOMM & BLDNG MGMT - MAINTENANCE & REPAIRS,FFM Home Office - Reactive,OCS GROUP UK LTD,5000545058,"Ł1,269,617.16",Property related charges
MoJ,MoJ HQ,15/01/24,EXP - PURCHASE OF GOODS/SERVICES - OTHER - Independent Expert Fees,Youth Justice Policy Admin,OFSTED,SINMSC2493,"Ł62,500.00",Professional services
MoJ,MoJ HQ,08/01/24,EXP - PURCHASE OF GOODS/SERVICES - OTHER - Intermediary Cost,Family Justice Reform,OPIA LTD,SI005360,"Ł300,000.00",Intermediary costs
MoJ,MoJ HQ,09/01/24,EXP - PURCHASE OF GOODS/SERVICES - OTHER - Intermediary Cost,Criminal and Family Justice Policy Admin,OPIA LTD,SI005359,"Ł42,690.60",Intermediary costs
MoJ,MoJ HQ,12/01/24,EXP - PURCHASE OF GOODS/SERVICES - OTHER PROFESSIONAL SERVICES - Research costs,Legal Aid,PA CONSULTING SERVICES LTD,0000028260,"Ł96,000.00",Professional services
MoJ,MoJ HQ,23/01/24,EXP - CURRENT GRANTS TO LOCAL GOVERNMENT,"Victim, Witness & CJS Delivery",PCC FOR HERTFORDSHIRE,P2A-23/24-GG-Herts,"Ł33,048.00",Grant payments to Police and Crime Commissioners
MoJ,MoJ HQ,04/01/24,EXP - PURCHASE OF GOODS/SERVICES - PERSONNEL RELATED - Staff Health and Safety,HR Services,PEOPLE ASSET MANAGEMENT T/A PAM OH SOLUTIONS,0000137384,"Ł29,787.60",Staff occupational health services
MoJ,MoJ HQ,03/01/24,EXP - PURCHASE OF GOODS/SERVICES - PERSONNEL RELATED - Recruitment costs,"Leadership, Talent & Capability",PEOPLESCOUT LTD,345851,"Ł121,461.16",Recruitment of staff
MoJ,MoJ HQ,12/01/24,"EXP - PURCHASE OF GOODS/SERVICES - MARKETING & MEDIA - Publicity, Advertising & Communications",Recruitment & Resourcing,PEOPLESCOUT LTD,345354,"Ł116,722.04",Recruitment advertising
MoJ,MoJ HQ,16/01/24,"EXP - PURCHASE OF GOODS/SERVICES - MARKETING & MEDIA - Publicity, Advertising & Communications",Recruitment & Resourcing,PEOPLESCOUT LTD,349243,"Ł30,300.00",Recruitment advertising
MoJ,MoJ HQ,16/01/24,"EXP - PURCHASE OF GOODS/SERVICES - MARKETING & MEDIA - Publicity, Advertising & Communications",Recruitment & Resourcing,PEOPLESCOUT LTD,346136,"Ł45,062.16",Recruitment advertising
MoJ,MoJ HQ,18/01/24,"EXP - PURCHASE OF GOODS/SERVICES - MARKETING & MEDIA - Publicity, Advertising & Communications",Recruitment & Resourcing,PEOPLESCOUT LTD,349242,"Ł104,038.08",Recruitment advertising
MoJ,MoJ HQ,19/01/24,"EXP - PURCHASE OF GOODS/SERVICES - MARKETING & MEDIA - Publicity, Advertising & Communications",Recruitment & Resourcing,PEOPLESCOUT LTD,349666,"Ł34,299.60",Recruitment advertising
MoJ,MoJ HQ,19/01/24,"EXP - PURCHASE OF GOODS/SERVICES - MARKETING & MEDIA - Publicity, Advertising & Communications",Recruitment & Resourcing,PEOPLESCOUT LTD,349665,"Ł207,555.00",Recruitment advertising
MoJ,MoJ HQ,04/01/24,EXP - PURCHASE OF GOODS/SERVICES - SUPPORT - APPLICATION MAINTENANCE AND SUPPORT,Prisons Digital,PHONEHUB IO LTD,00360035,"Ł54,189.00",Information technology related costs
MoJ,MoJ HQ,24/01/24,EXP - PURCHASE OF GOODS/SERVICES - SUPPORT - APPLICATION DEVELOPMENT,Judicial Office - Programme,PIVOTL LTD,INV-1004,"Ł41,220.00",Information technology related costs
MoJ,MoJ HQ,18/01/24,EXP - PURCHASE OF GOODS/SERVICES - OTHER PROFESSIONAL SERVICES - Research costs,Data and Analysis - Capital Project B - R&D Evaluation,PIVOTL LTD,INV-1002,"Ł56,400.00",Professional services
MoJ,MoJ HQ,31/01/24,EXP - PURCHASE OF GOODS/SERVICES - OTHER PROFESSIONAL SERVICES - Research costs,Data and Analysis - Capital Project B - R&D Evaluation,PIVOTL LTD,INV-1009,"Ł34,080.00",Professional services
MoJ,MoJ HQ,23/01/24,EXP - CURRENT GRANTS TO LOCAL GOVERNMENT,"Victim, Witness & CJS Delivery",POLICE & CRIME COMISSIONER FOR NORFOLK,P2A-23/24-GG-Norf,"Ł25,789.50",Grant payments to Police and Crime Commissioners
MoJ,MoJ HQ,22/01/24,EXP - CURRENT GRANTS TO LOCAL GOVERNMENT,"Victim, Witness & CJS Delivery",POLICE & CRIME COMM FOR HAMPSHIRE,P2-23/24-FB-HAMP,"Ł1,197,407.89",Grant payments to Police and Crime Commissioners
MoJ,MoJ HQ,23/01/24,EXP - CURRENT GRANTS TO LOCAL GOVERNMENT,"Victim, Witness & CJS Delivery",POLICE & CRIME COMM FOR HAMPSHIRE,P2-23/24-GG-SV-Hamp,"Ł363,311.10",Grant payments to Police and Crime Commissioners
MoJ,MoJ HQ,24/01/24,EXP - CURRENT GRANTS TO LOCAL GOVERNMENT,"Victim, Witness & CJS Delivery",POLICE & CRIME COMM FOR HAMPSHIRE,P2-23/24-GG-Hamp,"Ł922,169.35",Grant payments to Police and Crime Commissioners
MoJ,MoJ HQ,23/01/24,EXP - CURRENT GRANTS TO LOCAL GOVERNMENT,"Victim, Witness & CJS Delivery",POLICE AND CRIME COMMISSIONER FOR DORSET,P2-23/24-FB-Dor,"Ł464,761.14",Grant payments to Police and Crime Commissioners
MoJ,MoJ HQ,23/01/24,EXP - CURRENT GRANTS TO LOCAL GOVERNMENT,"Victim, Witness & CJS Delivery",POLICE AND CRIME COMMISSIONER FOR DORSET,P2-23/24-GG-Dor,"Ł272,490.62",Grant payments to Police and Crime Commissioners
MoJ,MoJ HQ,25/01/24,EXP - CURRENT GRANTS TO LOCAL GOVERNMENT,"Victim, Witness & CJS Delivery",POLICE AND CRIME COMMISSIONER FOR ESSEX,P2-23/24-FB-ESSEX,"Ł1,111,723.13",Grant payments to Police and Crime Commissioners
MoJ,MoJ HQ,29/01/24,EXP - CURRENT GRANTS TO LOCAL GOVERNMENT,"Victim, Witness & CJS Delivery",POLICE AND CRIME COMMISSIONER FOR ESSEX,P2-23/24-GG-Essex,"Ł847,903.70",Grant payments to Police and Crime Commissioners
MoJ,MoJ HQ,29/01/24,EXP - CURRENT GRANTS TO LOCAL GOVERNMENT,"Victim, Witness & CJS Delivery",POLICE AND CRIME COMMISSIONER FOR ESSEX,P2-23/24-GG-SV-Essex,"Ł333,979.79",Grant payments to Police and Crime Commissioners
MoJ,MoJ HQ,23/01/24,EXP - CURRENT GRANTS TO LOCAL GOVERNMENT,"Victim, Witness & CJS Delivery",POLICE AND CRIME COMMISSIONER FOR GLOUCESTERSHIRE,P2-23/24-FB-Glo,"Ł355,602.83",Grant payments to Police and Crime Commissioners
MoJ,MoJ HQ,23/01/24,EXP - CURRENT GRANTS TO LOCAL GOVERNMENT,"Victim, Witness & CJS Delivery",POLICE AND CRIME COMMISSIONER FOR GLOUCESTERSHIRE,P2-23/24-GG-Glo,"Ł301,713.76",Grant payments to Police and Crime Commissioners
MoJ,MoJ HQ,23/01/24,EXP - CURRENT GRANTS TO LOCAL GOVERNMENT,"Victim, Witness & CJS Delivery",POLICE AND CRIME COMMISSIONER NORTHUMBRIA,P2A-23/24-GG-Nthum,"Ł31,983.96",Grant payments to Police and Crime Commissioners
MoJ,MoJ HQ,11/01/24,EXP - PURCHASE OF GOODS/SERVICES - SUPPORT - APPLICATION MAINTENANCE AND SUPPORT,Engineering,Q-SOLUTION LTD,INV-0648,"Ł142,676.55",Information technology related costs
MoJ,MoJ HQ,12/01/24,EXP - PURCHASE OF GOODS/SERVICES - SUPPORT - APPLICATION MAINTENANCE AND SUPPORT,Engineering,Q-SOLUTION LTD,INV-0652,"Ł26,155.61",Information technology related costs
MoJ,MoJ HQ,04/01/24,EXP - PURCHASE OF GOODS/SERVICES - SUPPORT - OTHER,Infrastructure Services - NICTS,Q-SOLUTION LTD,INV-0654,"Ł98,424.00",Information technology related costs
MoJ,MoJ HQ,19/01/24,EXP - PURCHASE OF GOODS/SERVICES - SUPPORT - SECURITY,REDACTED,REDROCK CONSULTING LTD,11581,"Ł112,080.00",Information technology related costs
MoJ,MoJ HQ,19/01/24,EXP - PURCHASE OF GOODS/SERVICES - SUPPORT - SECURITY,REDACTED,REDROCK CONSULTING LTD,11560,"Ł117,420.00",Information technology related costs
MoJ,MoJ HQ,11/01/24,EXP - PURCHASE OF GOODS/SERVICES - OTHER - Storage services,Knowledge & Records,RESTORE RECORDS MANAGEMENT,1438566,"Ł30,994.42",Record storage costs
MoJ,MoJ HQ,11/01/24,EXP - PURCHASE OF GOODS/SERVICES - OTHER - Storage services,Knowledge & Records,RESTORE RECORDS MANAGEMENT,1438758,"Ł93,647.94",Record storage costs
MoJ,MoJ HQ,08/01/24,EXP - PURCHASE OF GOODS/SERVICES - OTHER - Grants to voluntary and community service organisations,Programme and Grants,REUNITE INTERNATIONAL,2023REUNITEQ3,"Ł30,500.00",Grants to voluntary public private and third sector organisations
MoJ,MoJ HQ,03/01/24,CA - OTHER RECEIVABLES - PURCHASING CARD CONTROL ACCOUNT,BALANCE SHEET,ROYAL BANK OF SCOTLAND,89790348-02-JAN-24,"Ł65,471.15",Settlement for purchases by Government Procurement Card (GPC)
MoJ,MoJ HQ,30/01/24,EXP - CURRENT GRANTS TO PRIVATE SECTOR - NON PROFIT INSTITUTIONS SERVING H'HOLD,"Victim, Witness & CJS Delivery",SAFELIVES LTD,P1-23/24-ISVA/IDVATFUND-SAFELIVES,"Ł214,968.00",Grants to voluntary public private and third sector organisations
MoJ,MoJ HQ,24/01/24,EXP - PURCHASE OF GOODS/SERVICES - OTHER - Grants to voluntary and community service organisations,Women & Health Policy  (Programme),SAFER WALES LTD,WCSCC20222025SAFERWALESLTD3,"Ł51,741.00",Grants to voluntary public private and third sector organisations
MoJ,MoJ HQ,12/01/24,EXP - PURCHASE OF GOODS/SERVICES - OTHER - Grants to voluntary and community service organisations,Women & Health Policy  (Programme),SAVE THE FAMILY,WCSCC20222025SAVETHEFAMILY3,"Ł32,921.50",Grants to voluntary public private and third sector organisations
MoJ,MoJ HQ,19/01/24,EXP - PURCHASE OF GOODS/SERVICES - OFFICE RELATED - Purchase of Machinery and Equipment (not capitalised),Facilities Management - SES,SENATOR INTERNATIONAL LTD,SILINV00297419,"Ł34,375.50",Equipment furniture fixtures and fittings
MoJ,MoJ HQ,02/01/24,EXP - PURCHASE OF GOODS/SERVICES - OTHER PROFESSIONAL SERVICES - Research costs,Criminal Justice Business Partnering Team (CJBPT),SHEFFIELD HALLAM UNIVERSITY,SSAI00853,"Ł26,995.80",Professional services
MoJ,MoJ HQ,08/01/24,EXP - PURCHASE OF GOODS/SERVICES - PERSONNEL RELATED - Reward and Recognition,HR Services,SME HCI LTD (TRADING AS VIVUP),149833,"Ł215,000.00",Staff reward and recognition payments
MoJ,MoJ HQ,22/01/24,EXP - PURCHASE OF GOODS/SERVICES - ACCOMMODATION & BLDNG MANAGEMENT - OFFICE CLEANING,Consolidated FFM invoice,SODEXO LTD,9900761679,"Ł90,228.40",Property related charges
MoJ,MoJ HQ,22/01/24,EXP - PURCHASE OF GOODS/SERVICES -ACCOMM & BLDNG MGMT - MAINTENANCE & REPAIRS,Consolidated FFM invoice,SODEXO LTD,9900761680,"Ł56,531.67",Property related charges
MoJ,MoJ HQ,26/01/24,EXP - PURCHASE OF GOODS/SERVICES - ACCOMMODATION & BLDNG MANAGEMENT - OFFICE CLEANING,Consolidated FFM invoice,SODEXO LTD,9900762043,"Ł2,082,137.49",Property related charges
MoJ,MoJ HQ,18/01/24,EXP - PURCHASE OF GOODS/SERVICES - SUPPORT - OTHER,Projects (Prisons) - In-Cell Technology,SOFTCAT PLC,INVUK1146759,"Ł1,327,728.00",Information technology related costs
MoJ,MoJ HQ,25/01/24,EXP - PURCHASE OF GOODS/SERVICES - NETWORKING - Networks WAN/LAN,Projects (Prisons) - In-Cell Technology,SOFTCAT PLC,INVUK1160512,"Ł32,370.34",Information technology related costs
MoJ,MoJ HQ,30/01/24,EXP - PURCHASE OF GOODS/SERVICES - NETWORKING - Networks WAN/LAN,Projects (Prisons) - In-Cell Technology,SOFTCAT PLC,CRNUK124835,"(Ł38,335.97)",Information technology related costs
MoJ,MoJ HQ,31/01/24,EXP - PURCHASE OF GOODS/SERVICES - NETWORKING - Networks WAN/LAN,Projects (Prisons) - In-Cell Technology,SOFTCAT PLC,INVUK1177756,"Ł55,338.10",Information technology related costs
MoJ,MoJ HQ,25/01/24,EXP - PURCHASE OF GOODS/SERVICES - NETWORKING - Networks WAN/LAN,Projects (Prisons) - In-Cell Technology,SOFTCAT PLC,INVUK1142751,"Ł1,162,728.00",Information technology related costs
MoJ,MoJ HQ,30/01/24,EXP - PURCHASE OF GOODS/SERVICES - NETWORKING - Networks WAN/LAN,Technology Services Tech Debt,SOFTCAT PLC,INVUK1140466,"Ł28,074.82",Information technology related costs
MoJ,MoJ HQ,11/01/24,EXP - PURCHASE OF GOODS/SERVICES - NETWORKING - Networks VVI,Infrastructure Services - Voice & Video,SPECIALIST COMPUTER CENTRES PLC SCC,OP/N499971,"Ł138,036.00",Information technology related costs
MoJ,MoJ HQ,18/01/24,EXP - PURCHASE OF GOODS/SERVICES - SUPPORT - OTHER,Portfolio & Controls,SPRINT REPLY LTD,3231000046,"Ł162,000.00",Information technology related costs
MoJ,MoJ HQ,19/01/24,EXP - PURCHASE OF GOODS/SERVICES - SHARED SERVICES OUTSOURCING,SSCL Programme,SSCL SHARED SERVICES CONNECTED LTD,100042437,"Ł79,703.78",Outsourced shared services
MoJ,MoJ HQ,19/01/24,EXP - PURCHASE OF GOODS/SERVICES - SHARED SERVICES OUTSOURCING,SSCL Programme,SSCL SHARED SERVICES CONNECTED LTD,100042656,"Ł100,000.00",Outsourced shared services
MoJ,MoJ HQ,19/01/24,EXP - PURCHASE OF GOODS/SERVICES - SHARED SERVICES OUTSOURCING,SSCL Programme,SSCL SHARED SERVICES CONNECTED LTD,100042655,"Ł180,020.66",Outsourced shared services
MoJ,MoJ HQ,19/01/24,EXP - PURCHASE OF GOODS/SERVICES - SHARED SERVICES OUTSOURCING,SSCL Programme,SSCL SHARED SERVICES CONNECTED LTD,100042272,"-Ł2,732,430.47",Outsourced shared services
MoJ,MoJ HQ,19/01/24,EXP - PURCHASE OF GOODS/SERVICES - SHARED SERVICES OUTSOURCING,SSCL Programme,SSCL SHARED SERVICES CONNECTED LTD,100042665,"Ł3,355,759.32",Outsourced shared services
MoJ,MoJ HQ,19/01/24,EXP - PURCHASE OF GOODS/SERVICES - SHARED SERVICES OUTSOURCING,SSCL Programme,SSCL SHARED SERVICES CONNECTED LTD,100042666,"Ł3,575,238.62",Outsourced shared services
MoJ,MoJ HQ,19/01/24,EXP - PURCHASE OF GOODS/SERVICES - SHARED SERVICES OUTSOURCING,MoJ Shared Services Programme Admin,SSCL SHARED SERVICES CONNECTED LTD,100042166,"Ł46,592.66",Outsourced shared services
MoJ,MoJ HQ,19/01/24,EXP - PURCHASE OF GOODS/SERVICES - SHARED SERVICES OUTSOURCING,Recruitment & Resourcing,SSCL SHARED SERVICES CONNECTED LTD,100042688,"Ł465,165.31",Outsourced shared services
MoJ,MoJ HQ,19/01/24,EXP - PURCHASE OF GOODS/SERVICES - SHARED SERVICES OUTSOURCING,Recruitment & Resourcing,SSCL SHARED SERVICES CONNECTED LTD,100042269,"Ł610,529.47",Outsourced shared services
MoJ,MoJ HQ,19/01/24,EXP - PURCHASE OF GOODS/SERVICES - SHARED SERVICES OUTSOURCING,Recruitment & Resourcing,SSCL SHARED SERVICES CONNECTED LTD,100042558,"Ł27,699.19",Outsourced shared services
MoJ,MoJ HQ,19/01/24,EXP - PURCHASE OF GOODS/SERVICES - SHARED SERVICES OUTSOURCING,Recruitment & Resourcing,SSCL SHARED SERVICES CONNECTED LTD,100042828,"Ł27,699.19",Outsourced shared services
MoJ,MoJ HQ,19/01/24,EXP - PURCHASE OF GOODS/SERVICES - SHARED SERVICES OUTSOURCING,Recruitment & Resourcing,SSCL SHARED SERVICES CONNECTED LTD,100042703,"Ł59,899.82",Outsourced shared services
MoJ,MoJ HQ,23/01/24,EXP - PURCHASE OF GOODS/SERVICES - SHARED SERVICES OUTSOURCING,SSCL Programme,SSCL SHARED SERVICES CONNECTED LTD,100042097,"Ł436,863.42",Outsourced shared services
MoJ,MoJ HQ,23/01/24,EXP - PURCHASE OF GOODS/SERVICES - SHARED SERVICES OUTSOURCING,SSCL Programme,SSCL SHARED SERVICES CONNECTED LTD,100042664,"Ł273,697.75",Outsourced shared services
MoJ,MoJ HQ,29/01/24,EXP - PURCHASE OF GOODS/SERVICES - SHARED SERVICES OUTSOURCING,Recruitment & Resourcing,SSCL SHARED SERVICES CONNECTED LTD,100042689,"Ł73,790.59",Outsourced shared services
MoJ,MoJ HQ,15/01/24,EXP - PURCHASE OF GOODS/SERVICES - NETWORKING - Networks VVI,Infrastructure Services - Voice & Video,TELAPPLIANT LTD,85259,"Ł63,518.20",Information technology related costs
MoJ,MoJ HQ,23/01/24,EXP - CURRENT GRANTS TO LOCAL GOVERNMENT,"Victim, Witness & CJS Delivery",THE CHIEF CONSTABLE OF STAFFORDSHIRE POLICE,P2A-23/24-GG-Staff,"Ł29,498.99",Grant payments to Police and Crime Commissioners
MoJ,MoJ HQ,29/01/24,EXP - CURRENT GRANTS TO LOCAL GOVERNMENT,"Victim, Witness & CJS Delivery",THE CHIEF CONSTABLE OF STAFFORDSHIRE POLICE,P2-23/24-FB-Staff,"Ł682,600.94",Grant payments to Police and Crime Commissioners
MoJ,MoJ HQ,29/01/24,EXP - CURRENT GRANTS TO LOCAL GOVERNMENT,"Victim, Witness & CJS Delivery",THE CHIEF CONSTABLE OF STAFFORDSHIRE POLICE,P2-23/24-GG-Staff,"Ł402,936.97",Grant payments to Police and Crime Commissioners
MoJ,MoJ HQ,29/01/24,EXP - PURCHASE OF GOODS/SERVICES - SUPPORT - APPLICATION DEVELOPMENT,Probation Digital,THE DEXTROUS WEB T/A DXW,8570,"Ł89,580.00",Information technology related costs
MoJ,MoJ HQ,26/01/24,IA - SOFTWARE LICENCES - COST - ADDITIONS,Probation Digital,THE DEXTROUS WEB T/A DXW,CN-8575,"-Ł68,398.34",Information technology related costs
MoJ,MoJ HQ,26/01/24,IA - SOFTWARE LICENCES - COST - ADDITIONS,Probation Digital,THE DEXTROUS WEB T/A DXW,8032,"Ł68,398.34",Information technology related costs
MoJ,MoJ HQ,26/01/24,IA - SOFTWARE LICENCES - COST - ADDITIONS,Probation Digital,THE DEXTROUS WEB T/A DXW,8576,"Ł68,398.34",Information technology related costs
MoJ,MoJ HQ,29/01/24,EXP - PURCHASE OF GOODS/SERVICES - SUPPORT - APPLICATION DEVELOPMENT,Probation Digital,THE DEXTROUS WEB T/A DXW,8584,"Ł29,409.60",Information technology related costs
MoJ,MoJ HQ,29/01/24,EXP - PURCHASE OF GOODS/SERVICES - SUPPORT - APPLICATION DEVELOPMENT,Probation Digital,THE DEXTROUS WEB T/A DXW,8589,"Ł61,440.00",Information technology related costs
MoJ,MoJ HQ,09/01/24,EXP - PURCHASE OF GOODS/SERVICES - OTHER - Grants to voluntary and community service organisations,Women & Health Policy  (Programme),THE NELSON TRUST,WCSCC20222025NELSONTRUST3,"Ł150,000.00",Grants to voluntary public private and third sector organisations
MoJ,MoJ HQ,23/01/24,EXP - CURRENT GRANTS TO LOCAL GOVERNMENT,"Victim, Witness & CJS Delivery",THE POLICE & CRIME COMMISSIONER FOR SURREY,P2A-23/24-GG-Surrey,"Ł28,167.13",Grant payments to Police and Crime Commissioners
MoJ,MoJ HQ,23/01/24,EXP - CURRENT GRANTS TO LOCAL GOVERNMENT,"Victim, Witness & CJS Delivery",THE POLICE & CRIME COMMISSIONER FOR SURREY,P2-23/24-FB-Surrey,"Ł718,541.83",Grant payments to Police and Crime Commissioners
MoJ,MoJ HQ,23/01/24,EXP - CURRENT GRANTS TO LOCAL GOVERNMENT,"Victim, Witness & CJS Delivery",THE POLICE & CRIME COMMISSIONER FOR SURREY,P2-23/24-GG-Surrey,"Ł609,525.33",Grant payments to Police and Crime Commissioners
MoJ,MoJ HQ,22/01/24,EXP - CURRENT GRANTS TO LOCAL GOVERNMENT,"Victim, Witness & CJS Delivery",THE POLICE & CRIME COMMISSIONER FOR SUSSEX,P2-23/24-FB-SUSSEX,"Ł1,029,174.26",Grant payments to Police and Crime Commissioners
MoJ,MoJ HQ,22/01/24,EXP - CURRENT GRANTS TO LOCAL GOVERNMENT,"Victim, Witness & CJS Delivery",THE POLICE & CRIME COMMISSIONER FOR SUSSEX,P2-23/24-GG-SUSSEX,"Ł1,341,148.11",Grant payments to Police and Crime Commissioners
MoJ,MoJ HQ,29/01/24,EXP - CURRENT GRANTS TO LOCAL GOVERNMENT,"Victim, Witness & CJS Delivery",THE POLICE AND CRIME COMMISSIONER FOR NOTTINGHAMSHIRE,P2-23/24-FB-Notts,"Ł700,078.65",Grant payments to Police and Crime Commissioners
MoJ,MoJ HQ,29/01/24,EXP - CURRENT GRANTS TO LOCAL GOVERNMENT,"Victim, Witness & CJS Delivery",THE POLICE AND CRIME COMMISSIONER FOR NOTTINGHAMSHIRE,P2-23/24-GG-Notts,"Ł744,670.30",Grant payments to Police and Crime Commissioners
MoJ,MoJ HQ,29/01/24,EXP - CURRENT GRANTS TO LOCAL GOVERNMENT,"Victim, Witness & CJS Delivery",THE POLICE AND CRIME COMMISSIONER FOR NOTTINGHAMSHIRE,P2-23/24-GG-SV-Notts,"Ł216,362.51",Grant payments to Police and Crime Commissioners
MoJ,MoJ HQ,24/01/24,EXP - CURRENT GRANTS TO LOCAL GOVERNMENT,"Victim, Witness & CJS Delivery",THE POLICE AND CRIME COMMISSIONER FOR SOUTH YORKSHIRE,P2-23/24-FB-SYork,"Ł846,299.78",Grant payments to Police and Crime Commissioners
MoJ,MoJ HQ,24/01/24,EXP - CURRENT GRANTS TO LOCAL GOVERNMENT,"Victim, Witness & CJS Delivery",THE POLICE AND CRIME COMMISSIONER FOR SOUTH YORKSHIRE,P2-23/24-GG-SYork,"Ł861,610.95",Grant payments to Police and Crime Commissioners
MoJ,MoJ HQ,30/01/24,EXP - CURRENT GRANTS TO PRIVATE SECTOR - NON PROFIT INSTITUTIONS SERVING H'HOLD,"Victim, Witness & CJS Delivery",THE SURVIVORS TRUST,P1-23/24-ISVA/IDVATFUND-TST,"Ł128,693.00",Grants to voluntary public private and third sector organisations
MoJ,MoJ HQ,12/01/24,EXP - PURCHASE OF GOODS/SERVICES - OTHER - Grants to voluntary and community service organisations,Women & Health Policy  (Programme),THE WOMENS CENTRE CORNWALL LTD,WCSCC20222025WOMENSCENTRECORNWALL3,"Ł73,431.00",Grants to voluntary public private and third sector organisations
MoJ,MoJ HQ,04/01/24,"EXP - PURCHASE OF GOODS/SERVICES - OTHER - Judicial Books, Newspapers and Stationery",Judicial Office - Programme,THOMSON REUTERS,6158224358,"Ł32,955.00",Judicial publications
MoJ,MoJ HQ,04/01/24,"EXP - PURCHASE OF GOODS/SERVICES - OTHER - Judicial Books, Newspapers and Stationery",Judicial Office - Programme,THOMSON REUTERS,6158216010,"Ł47,159.04",Judicial publications
MoJ,MoJ HQ,04/01/24,EXP - PURCHASE OF GOODS/SERVICES - SUPPORT - OTHER,Technology Services Projects,THROUGH TECHNOLOGY LTD,TT-1000189,"Ł60,738.60",Information technology related costs
MoJ,MoJ HQ,18/01/24,EXP - PURCHASE OF GOODS/SERVICES - SUPPORT - SECURITY,LAA Digital,TISSKI LTD,SI1001552,"Ł46,440.00",Information technology related costs
MoJ,MoJ HQ,12/01/24,EXP - PURCHASE OF GOODS/SERVICES - IT MANAGEMENT AND CHANGE - Exit Management,Property Transformation Project (PTP),TRIAD GROUP PLC,998199,"Ł58,776.00",Information technology related costs
MoJ,MoJ HQ,24/01/24,EXP - PURCHASE OF GOODS/SERVICES - END USER SOFTWARE AND HARDWARE - Desktops,EUCS Improvements,TRUSTMARQUE SOLUTIONS LTD,2375310,"Ł721,816.73",Information technology related costs
MoJ,MoJ HQ,17/01/24,EXP - PURCHASE OF GOODS/SERVICES - HOSTING - Hosting,Technology Services Tech Debt,TRUSTMARQUE SOLUTIONS LTD,2375084,"Ł33,415.20",Information technology related costs
MoJ,MoJ HQ,05/01/24,EXP - PURCHASE OF GOODS/SERVICES - HOSTING - Hosting,Engineering,TRUSTMARQUE SOLUTIONS LTD,2376087,"Ł260,022.25",Information technology related costs
MoJ,MoJ HQ,16/01/24,EXP - PURCHASE OF GOODS/SERVICES - SUPPORT - OTHER,Infrastructure Services - EUCS,TRUSTMARQUE SOLUTIONS LTD,2015321,"(Ł37,940.54)",Information technology related costs
MoJ,MoJ HQ,19/01/24,EXP - PURCHASE OF GOODS/SERVICES - SUPPORT - APPLICATION MAINTENANCE AND SUPPORT,Infrastructure Services - NICTS,TRUSTMARQUE SOLUTIONS LTD,2376085,"Ł169,493.98",Information technology related costs
MoJ,MoJ HQ,12/01/24,EXP - PURCHASE OF GOODS/SERVICES - SUPPORT - LICENCES,Design102,TRUSTMARQUE SOLUTIONS LTD,2375792,"Ł45,520.56",Information technology related costs
MoJ,MoJ HQ,16/01/24,EXP - PURCHASE OF GOODS/SERVICES - SUPPORT - OTHER,Infrastructure Services - EUCS,TRUSTMARQUE SOLUTIONS LTD,2374290,"Ł37,450.26",Information technology related costs
MoJ,MoJ HQ,19/01/24,EXP - PURCHASE OF GOODS/SERVICES - SUPPORT - APPLICATION MAINTENANCE AND SUPPORT,Infrastructure Services - NICTS,TRUSTMARQUE SOLUTIONS LTD,2376084,"Ł212,090.46",Information technology related costs
MoJ,MoJ HQ,19/01/24,EXP - PURCHASE OF GOODS/SERVICES - SUPPORT - APPLICATION MAINTENANCE AND SUPPORT,Infrastructure Services - NICTS,TRUSTMARQUE SOLUTIONS LTD,2376035,"Ł836,090.27",Information technology related costs
MoJ,MoJ HQ,09/01/24,EXP - PURCHASE OF GOODS/SERVICES - OTHER PROFESSIONAL SERVICES - Research costs,HMI Probation Programme,UEA CONSULTING LTD,UCC1745634,"Ł69,378.00",Professional services
MoJ,MoJ HQ,09/01/24,EXP - PURCHASE OF GOODS/SERVICES - OTHER - OGD FUNDING CONTRIBUTIONS (OUTWARDS),UK Supreme Court funding,UK SUPREME COURT,001136,"Ł1,593,675.00",Funding for the Supreme Court
MoJ,MoJ HQ,16/01/24,EXP - PURCHASE OF GOODS/SERVICES - SUPPORT - APPLICATION DEVELOPMENT,Probation Digital,UNILINK SOFTWARE LTD,11301,"Ł276,016.50",Information technology related costs
MoJ,MoJ HQ,09/01/24,EXP - PURCHASE OF GOODS/SERVICES - OTHER - Resettlement,Prison Leavers Project,UNIVERSITY OF SWANSEA,905004237,"Ł45,373.49",Offender and probation related services
MoJ,MoJ HQ,09/01/24,EXP - PURCHASE OF GOODS/SERVICES - OTHER - Resettlement,Prison Leavers Project,UNIVERSITY OF SWANSEA,905004238,"Ł45,373.49",Offender and probation related services
MoJ,MoJ HQ,09/01/24,EXP - PURCHASE OF GOODS/SERVICES - OTHER - Resettlement,Prison Leavers Project,UNIVERSITY OF SWANSEA,905004364,"Ł45,373.49",Offender and probation related services
MoJ,MoJ HQ,22/01/24,EXP - PURCHASE OF GOODS/SERVICES - TRAINING & DEVELOPMENT,"Leadership, Talent & Capability",UNLOCKED GRADUATES,INV-0174,"Ł124,403.94",Staff training learning and development
MoJ,MoJ HQ,22/01/24,EXP - PURCHASE OF GOODS/SERVICES - TRAINING & DEVELOPMENT,"Leadership, Talent & Capability",UNLOCKED GRADUATES,INV-0173,"Ł360,447.11",Staff training learning and development
MoJ,MoJ HQ,23/01/24,EXP - PURCHASE OF GOODS/SERVICES - OTHER PROFESSIONAL SERVICES - Managed Accounting Service,"Financial Reporting, Transactions & Gov",VALUATION OFFICE AGENCY,25000055002023,"Ł50,400.00",Professional services
MoJ,MoJ HQ,23/01/24,EXP - PURCHASE OF GOODS/SERVICES - OTHER PROFESSIONAL SERVICES - Managed Accounting Service,"Financial Reporting, Transactions & Gov",VALUATION OFFICE AGENCY,25000054992023,"Ł87,600.00",Professional services
MoJ,MoJ HQ,04/01/24,EXP - PURCHASE OF GOODS/SERVICES - SUPPORT - OTHER,Prisons Digital,VERSION 1 SOLUTION LTD,INVSOL020295,"Ł240,270.00",Information technology related costs
MoJ,MoJ HQ,11/01/24,EXP - PURCHASE OF GOODS/SERVICES - SUPPORT - APPLICATION DEVELOPMENT,Probation Digital,VERSION 1 SOLUTION LTD,INVSOL019844,"Ł55,755.00",Information technology related costs
MoJ,MoJ HQ,11/01/24,EXP - PURCHASE OF GOODS/SERVICES - SUPPORT - APPLICATION DEVELOPMENT,Probation Digital,VERSION 1 SOLUTION LTD,INVSOL019845,"Ł28,005.00",Information technology related costs
MoJ,MoJ HQ,11/01/24,EXP - PURCHASE OF GOODS/SERVICES - SUPPORT - APPLICATION DEVELOPMENT,Probation Digital,VERSION 1 SOLUTION LTD,INVSOL020300,"Ł48,579.00",Information technology related costs
MoJ,MoJ HQ,03/01/24,EXP - PURCHASE OF GOODS/SERVICES - OTHER PROFESSIONAL SERVICES - other than legal,"Victim, Witness & CJS Delivery",VICTIM SUPPORT,3017096,"Ł527,100.00",Professional services
MoJ,MoJ HQ,03/01/24,EXP - PURCHASE OF GOODS/SERVICES - OTHER - Grants to voluntary and community service organisations,"Victim, Witness & CJS Delivery",VICTIM SUPPORT,P2MOJ-VICTIMSUPPORT-LC/MSS-2022-23,"Ł140,417.00",Grants to voluntary public private and third sector organisations
MoJ,MoJ HQ,05/01/24,EXP - PURCHASE OF GOODS/SERVICES - NETWORKING - Networks WAN/LAN,Technology Services Tech Debt,VODAFONE LIMITED,4038967,"Ł81,604.19",Information technology related costs
MoJ,MoJ HQ,05/01/24,EXP - PURCHASE OF GOODS/SERVICES - NETWORKING - Networks WAN/LAN,Infrastructure Services - Networks,VODAFONE LIMITED,4038912,"Ł79,472.95",Information technology related costs
MoJ,MoJ HQ,18/01/24,EXP - PURCHASE OF GOODS/SERVICES - NETWORKING - Networks WAN/LAN,Infrastructure Services - Networks,VODAFONE LIMITED,4037768,"Ł107,822.63",Information technology related costs
MoJ,MoJ HQ,19/01/24,EXP - PURCHASE OF GOODS/SERVICES - NETWORKING - Networks WAN/LAN,Infrastructure Services - Networks,VODAFONE LIMITED,4038964,"Ł31,874.52",Information technology related costs
MoJ,MoJ HQ,19/01/24,EXP - PURCHASE OF GOODS/SERVICES - NETWORKING - Networks WAN/LAN,Infrastructure Services - Networks,VODAFONE LIMITED,4038922,"Ł84,073.49",Information technology related costs
MoJ,MoJ HQ,22/01/24,EXP - PURCHASE OF GOODS/SERVICES - NETWORKING - Networks WAN/LAN,Infrastructure Services - Networks,VODAFONE LIMITED,4038920,"Ł132,740.34",Information technology related costs
MoJ,MoJ HQ,22/01/24,EXP - PURCHASE OF GOODS/SERVICES - NETWORKING - Networks WAN/LAN,Infrastructure Services - Networks,VODAFONE LIMITED,393080,"Ł162,296.08",Information technology related costs
MoJ,MoJ HQ,23/01/24,EXP - PURCHASE OF GOODS/SERVICES - NETWORKING - Networks WAN/LAN,Infrastructure Services - Networks,VODAFONE LIMITED,4038911,"Ł279,540.72",Information technology related costs
MoJ,MoJ HQ,24/01/24,EXP - PURCHASE OF GOODS/SERVICES - NETWORKING - Networks WAN/LAN,Infrastructure Services - Networks,VODAFONE LIMITED,4037820,"Ł25,647.40",Information technology related costs
MoJ,MoJ HQ,25/01/24,EXP - PURCHASE OF GOODS/SERVICES - NETWORKING - Networks WAN/LAN,Infrastructure Services - Networks,VODAFONE LIMITED,4038935,"Ł107,822.63",Information technology related costs
MoJ,MoJ HQ,25/01/24,EXP - PURCHASE OF GOODS/SERVICES - NETWORKING - Networks WAN/LAN,Infrastructure Services - Networks,VODAFONE LIMITED,4038923,"Ł25,647.40",Information technology related costs
MoJ,MoJ HQ,30/01/24,EXP - PURCHASE OF GOODS/SERVICES - NETWORKING - Networks WAN/LAN,Infrastructure Services - Networks,VODAFONE LIMITED,4038918,"Ł39,110.14",Information technology related costs
MoJ,MoJ HQ,15/01/24,EXP - PURCHASE OF GOODS/SERVICES - NETWORKING - Networks VVI,Infrastructure Services - Voice & Video,VODAFONE LIMITED,4038926,"Ł32,535.92",Information technology related costs
MoJ,MoJ HQ,15/01/24,EXP - PURCHASE OF GOODS/SERVICES - NETWORKING - Networks VVI,Infrastructure Services - Voice & Video,VODAFONE LIMITED,4039242,"Ł25,770.49",Information technology related costs
MoJ,MoJ HQ,16/01/24,EXP - PURCHASE OF GOODS/SERVICES - NETWORKING - Networks VVI,Infrastructure Services - Voice & Video,VODAFONE LIMITED,4039198,"Ł31,766.77",Information technology related costs
MoJ,MoJ HQ,05/01/24,EXP - PURCHASE OF GOODS/SERVICES - NETWORKING - Networks WAN/LAN,Infrasturcture Services - Networks,VODAFONE LIMITED,393077,"Ł845,804.76",Information technology related costs
MoJ,MoJ HQ,15/01/24,EXP - PURCHASE OF GOODS/SERVICES - NETWORKING - Networks VVI,Infrastructure Services - Voice & Video,VODAFONE LIMITED,4038927,"Ł82,911.60",Information technology related costs
MoJ,MoJ HQ,15/01/24,EXP - PURCHASE OF GOODS/SERVICES - NETWORKING - Networks VVI,Infrastructure Services - Voice & Video,VODAFONE LIMITED,393081,"Ł304,451.18",Information technology related costs
MoJ,MoJ HQ,15/01/24,EXP - PURCHASE OF GOODS/SERVICES - NETWORKING - Networks VVI,Infrastructure Services - Voice & Video,VODAFONE LIMITED,393082,"Ł382,296.44",Information technology related costs
MoJ,MoJ HQ,15/01/24,EXP - PURCHASE OF GOODS/SERVICES - NETWORKING - Networks VVI,Infrastructure Services - Voice & Video,VODAFONE LIMITED,4038933,"Ł39,907.44",Information technology related costs
MoJ,MoJ HQ,15/01/24,EXP - PURCHASE OF GOODS/SERVICES - NETWORKING - Networks VVI,Infrastructure Services - Voice & Video,VODAFONE LIMITED,393083,"Ł67,999.13",Information technology related costs
MoJ,MoJ HQ,15/01/24,EXP - PURCHASE OF GOODS/SERVICES - NETWORKING - Networks VVI,Infrastructure Services - Voice & Video,VODAFONE LIMITED,4038932,"Ł75,061.09",Information technology related costs
MoJ,MoJ HQ,15/01/24,EXP - PURCHASE OF GOODS/SERVICES - NETWORKING - Networks VVI,Infrastructure Services - Voice & Video,VODAFONE LIMITED,4038930,"Ł616,345.20",Information technology related costs
MoJ,MoJ HQ,15/01/24,EXP - PURCHASE OF GOODS/SERVICES - NETWORKING - Networks VVI,Infrastructure Services - Voice & Video,VODAFONE LIMITED,4038942,"Ł26,724.00",Information technology related costs
MoJ,MoJ HQ,15/01/24,EXP - PURCHASE OF GOODS/SERVICES - NETWORKING - Networks VVI,Infrastructure Services - Voice & Video,VODAFONE LIMITED,4038937,"Ł28,508.75",Information technology related costs
MoJ,MoJ HQ,15/01/24,EXP - PURCHASE OF GOODS/SERVICES - NETWORKING - Networks VVI,Infrastructure Services - Voice & Video,VODAFONE LIMITED,4038941,"Ł227,530.14",Information technology related costs
MoJ,MoJ HQ,19/01/24,EXP - PURCHASE OF GOODS/SERVICES - NETWORKING - Networks WAN/LAN,Infrasturcture Services - Networks,VODAFONE LIMITED,4038972,"Ł81,158.45",Information technology related costs
MoJ,MoJ HQ,19/01/24,EXP - PURCHASE OF GOODS/SERVICES - NETWORKING - Networks WAN/LAN,Infrasturcture Services - Networks,VODAFONE LIMITED,4037798,"Ł279,540.72",Information technology related costs
MoJ,MoJ HQ,22/01/24,EXP - PURCHASE OF GOODS/SERVICES - NETWORKING - Networks WAN/LAN,Infrasturcture Services - Networks,VODAFONE LIMITED,4038921,"Ł58,475.04",Information technology related costs
MoJ,MoJ HQ,22/01/24,EXP - PURCHASE OF GOODS/SERVICES - NETWORKING - Networks WAN/LAN,Infrasturcture Services - Networks,VODAFONE LIMITED,393079,"Ł508,601.10",Information technology related costs
MoJ,MoJ HQ,24/01/24,EXP - PURCHASE OF GOODS/SERVICES - NETWORKING - Networks WAN/LAN,Probation Reform Prog Support,VODAFONE LIMITED,4038962,"Ł49,976.36",Information technology related costs
MoJ,MoJ HQ,24/01/24,EXP - PURCHASE OF GOODS/SERVICES - NETWORKING - Networks VVI,Infrastructure Services - Voice & Video,VODAFONE LIMITED,4037930,"-Ł82,680.00",Information technology related costs
MoJ,MoJ HQ,24/01/24,EXP - PURCHASE OF GOODS/SERVICES - NETWORKING - Networks WAN/LAN,Infrasturcture Services - Networks,VODAFONE LIMITED,4036846,"Ł51,427.65",Information technology related costs
MoJ,MoJ HQ,29/01/24,EXP - CURRENT GRANTS TO LOCAL GOVERNMENT,"Victim, Witness & CJS Delivery",WARWICKSHIRE POLICE & CRIME COMMISSIONER,P2-23/24-FB-War,"Ł350,557.95",Grant payments to Police and Crime Commissioners
MoJ,MoJ HQ,29/01/24,EXP - CURRENT GRANTS TO LOCAL GOVERNMENT,"Victim, Witness & CJS Delivery",WARWICKSHIRE POLICE & CRIME COMMISSIONER,P2-23/24-GG-War,"Ł420,160.30",Grant payments to Police and Crime Commissioners
MoJ,MoJ HQ,30/01/24,EXP - CURRENT GRANTS TO LOCAL GOVERNMENT,"Victim, Witness & CJS Delivery",WEST MERCIA POLICE & CRIME COMMISSIONER,P2-23/24-FB-WMERC,"Ł775,768.37",Grant payments to Police and Crime Commissioners
MoJ,MoJ HQ,10/01/24,EXP - PURCHASE OF GOODS/SERVICES - OTHER PROFESSIONAL SERVICES - LEGAL SERVICES - THIRD PARTY LEGAL COSTS,MoJ Headquarters,WOMBLE BOND DICKINSON  UK LLP,2024/4781,"Ł110,000.00",Property related charges
MoJ,MoJ HQ,10/01/24,EXP - PURCHASE OF GOODS/SERVICES - OTHER PROFESSIONAL SERVICES - LEGAL SERVICES - THIRD PARTY LEGAL COSTS,MoJ Headquarters,WOMBLE BOND DICKINSON  UK LLP,2024/4782,"Ł230,000.00",Property related charges
MoJ,MoJ HQ,19/01/24,EXP - PURCHASE OF GOODS/SERVICES - OTHER - Counselling & Advisory costs,HR Services,WORKING ON WELLBEING LTD TA OPTIMA HEALTH,0071037842,"Ł57,848.00",Staff occupational health services
MoJ,MoJ HQ,19/01/24,EXP - PURCHASE OF GOODS/SERVICES - PERSONNEL RELATED - Staff Health and Safety,HR Services,WORKING ON WELLBEING LTD TA OPTIMA HEALTH,0071037751,"Ł60,277.50",Staff occupational health services
MoJ,MoJ HQ,19/01/24,EXP - PURCHASE OF GOODS/SERVICES - PERSONNEL RELATED - Staff Health and Safety,HR Services,WORKING ON WELLBEING LTD TA OPTIMA HEALTH,0061002656,"-Ł356,038.20",Staff occupational health services
MoJ,MoJ HQ,19/01/24,EXP - PURCHASE OF GOODS/SERVICES - PERSONNEL RELATED - Staff Health and Safety,HR Services,WORKING ON WELLBEING LTD TA OPTIMA HEALTH,0071037753,"Ł31,350.00",Staff occupational health services
MoJ,MoJ HQ,19/01/24,EXP - PURCHASE OF GOODS/SERVICES - PERSONNEL RELATED - Staff Health and Safety,HR Services,WORKING ON WELLBEING LTD TA OPTIMA HEALTH,0071037752,"Ł356,038.20",Staff occupational health services
MoJ,MoJ HQ,19/01/24,EXP - PURCHASE OF GOODS/SERVICES - PERSONNEL RELATED - Staff Health and Safety,HR Services,WORKING ON WELLBEING LTD TA OPTIMA HEALTH,0071037799,"Ł361,879.44",Staff occupational health services
MoJ,MoJ HQ,02/01/24,EXP - PURCHASE OF GOODS/SERVICES - SUPPORT - OTHER,Infrastructure Services - Print,XEROX U K LTD,900233105,"Ł190,819.48",Reprographics and printing services 
MoJ,MoJ HQ,12/01/24,EXP - PURCHASE OF GOODS/SERVICES - SUPPORT - OTHER,Infrastructure Services - Print,XEROX U K LTD,900233610,"Ł242,537.10",Reprographics and printing services 
MoJ,MoJ HQ,15/01/24,EXP - PURCHASE OF GOODS/SERVICES - SUPPORT - OTHER,Infrastructure Services - Print,XEROX U K LTD,900233645,"Ł56,351.80",Reprographics and printing services 
MoJ,MoJ HQ,16/01/24,EXP - PURCHASE OF GOODS/SERVICES - SUPPORT - OTHER,Infrastructure Services - Print,XEROX U K LTD,900233630,"Ł161,441.41",Reprographics and printing services 
MoJ,MoJ HQ,23/01/24,EXP - PURCHASE OF GOODS/SERVICES - SUPPORT - OTHER,Infrastructure Services - Print,XEROX U K LTD,900232904,"Ł504,596.82",Reprographics and printing services 
MoJ,MoJ HQ,11/01/24,EXP - PURCHASE OF GOODS/SERVICES - END USER SOFTWARE AND HARDWARE - Printing,Technology Support,XEROX U K LTD,90011196,"Ł85,654.80",Information technology related costs
MoJ,MoJ HQ,04/01/24,EXP - PURCHASE OF GOODS/SERVICES - OFFICE RELATED - Reprographics,Performance and Account - SES,XEROX U K LTD,900233497,"Ł57,245.46",Reprographics and printing services
MoJ,MoJ HQ,11/01/24,EXP - PURCHASE OF GOODS/SERVICES - END USER SOFTWARE AND HARDWARE - Printing,Technology Support,XEROX U K LTD,900233106,"Ł175,258.51",Information technology related costs
MoJ,MoJ HQ,23/01/24,EXP - PURCHASE OF GOODS/SERVICES - SUPPORT - OTHER,Infrastructure Services - Print,XEROX U K LTD,900233607,"Ł506,661.42",Reprographics and printing services
MoJ,MoJ HQ,04/01/24,EXP - PURCHASE OF GOODS/SERVICES - OTHER PROFESSIONAL SERVICES - Pension advice & administration,Financial Reporting & Control,XPS ADMINISTRATION LTD,A18711,"Ł94,999.99",Outsourced shared services
MoJ,MoJ HQ,08/01/24,EXP - PURCHASE OF GOODS/SERVICES - OTHER PROFESSIONAL SERVICES - Pension advice & administration,Judicial Pension Scheme Programme,XPS ADMINISTRATION LTD,A18715,"Ł274,580.64",Outsourced shared services
MoJ,MoJ HQ,29/01/24,EXP - PURCHASE OF GOODS/SERVICES - OTHER PROFESSIONAL SERVICES - Pension advice & administration,Judicial Pension Scheme Programme,XPS ADMINISTRATION LTD,A19167,"Ł60,420.79",Outsourced shared services
MoJ,MoJ HQ,29/01/24,EXP - PURCHASE OF GOODS/SERVICES - OTHER PROFESSIONAL SERVICES - Pension advice & administration,Judicial Pension Scheme Programme,XPS ADMINISTRATION LTD,A18714,"Ł95,667.95",Outsourced shared services
MoJ,MoJ HQ,30/01/24,EXP - PURCHASE OF GOODS/SERVICES - OTHER PROFESSIONAL SERVICES - Pension advice & administration,Judicial Pension Scheme Programme,XPS ADMINISTRATION LTD,A19166,"Ł33,005.65",Outsourced shared services
MoJ,MoJ HQ,30/01/24,EXP - PURCHASE OF GOODS/SERVICES - OTHER PROFESSIONAL SERVICES - Pension advice & administration,Judicial Pension Scheme Programme,XPS ADMINISTRATION LTD,A18713,"Ł33,989.56",Outsourced shared services
,,,,,,407,"Ł101,861,653.75",
