Payment Date,Description,Gross Amount,Supplier Name
 02-Feb-23,Outsourced Contractors,"£2,030,019.10",GMCA (PCC for Greater Manchester)
 23-Feb-23,Capital Asset Clearing A/c Building,"£1,183,706.60",ISG Construction Ltd
 02-Feb-23,Capital Asset Clearing A/C Plant & Equipment,"£482,396.54",Softcat Ltd
 23-Feb-23,Capital Asset Clearing A/C Plant & Equipment,"£251,304.03",Softcat Ltd
 23-Feb-23,Building Programmed Maintenance,"£195,793.20",Mace Limited
 02-Feb-23,Service Charges,"£180,000.00",Merseyside Fire & Civil Defence Auth.
09-Feb-23,Consultants Fees,"£141,645.23",Mitie Care and Custody Ltd
 16-Feb-23,Services and Legal Expenses,"£120,000.00",JMU Services Ltd
 16-Feb-23,General Subscriptions,"£119,000.00",Redacted
 23-Feb-23,Telecommunications,"£113,744.36",Home Office Shared Service Centre
 23-Feb-23,Telecommunications,"£113,744.36",Home Office Shared Service Centre
 22-Feb-23,AirWave Communications,"£108,966.24",Airwave ASL
 23-Feb-23,Comp. Operations,"£92,691.70",Softcat Ltd
 16-Feb-23,Miscellaneous Expenses,"£82,952.81",Agiito Ltd
09-Feb-23,Payments to Other Police Authorities,"£77,766.55",Police and Crime Commissioner For Cumbria
 02-Feb-23,Forensic Fees - General,"£74,934.00",Redacted
 16-Feb-23,Water & Sewerage Rates,"£74,456.20",Redacted
 02-Feb-23,Rates,"£71,680.00",Liverpool City Council1
 23-Feb-23,Payments to Other Police Authorities,"£70,321.77",Police and Crime Commissioner For Cheshire
09-Feb-23,Support Staff-Temporary Staff Wages,"£69,722.57",Adecco UK Limited
 16-Feb-23,Miscellaneous Expenses,"£64,240.84",Agiito Ltd
09-Feb-23,H/W Purchases,"£62,578.32",Motorola Ltd
 16-Feb-23,Payment for Services,"£62,500.00",University of Huddersfield
 23-Feb-23,Capital Asset Clearing A/C Plant & Equipment,"£60,309.77",Softcat Ltd
09-Feb-23,Support Staff-Temporary Staff Wages,"£59,849.48",Adecco UK Limited
 02-Feb-23,Payments to Other Police Authorities,"£58,225.41",Police and Crime Commissioner For Cheshire
09-Feb-23,Support Staff-Temporary Staff Wages,"£57,682.21",Adecco UK Limited
09-Feb-23,Support Staff-Temporary Staff Wages,"£57,209.03",Adecco UK Limited
 02-Feb-23,Rates,"£54,857.00",Liverpool City Council1
09-Feb-23,S/W Licences,"£54,000.00",Redacted
 02-Feb-23,Services and Legal Expenses,"£52,109.00",Merseyside Youth Association Ltd
 16-Feb-23,Services and Legal Expenses,"£51,675.00",Redacted
 23-Feb-23,Consultants Fees,"£48,960.00",HKS IT Consultants Ltd
09-Feb-23,Support Staff-Temporary Staff Wages,"£47,038.06",Adecco UK Limited
 23-Feb-23,Building Programmed Maintenance,"£46,607.08",Greenmount Projects Limited
 16-Feb-23,Capital Asset Clearing A/c Vehicles,"£46,558.75",Redacted
09-Feb-23,Removal of Police Vehicles,"£44,862.50",Automobile Association Developments Limited
 16-Feb-23,Payments to Other Police Authorities,"£43,864.97",Redacted
 02-Feb-23,Payment for Services,"£41,890.00",Activate Body & Mind
 02-Feb-23,Payments to Other Police Authorities,"£41,656.58",GMCA (PCC for Greater Manchester)
 23-Feb-23,Comp. Operations,"£41,409.08",Softcat Ltd
23-Feb-23,Forensic Fees - General,"£37,920.00", Redacted 
09-Feb-23,Payments to Other Police Authorities,"£36,457.58",Mayor`s Office for Policing and Crime (MOPC)
 16-Feb-23,Services and Legal Expenses,"£35,120.45",Redacted
 23-Feb-23,Building Programmed Maintenance,"£34,659.66",Mace Limited
 16-Feb-23,Comp. Operations,"£33,996.98",Softcat Ltd
 02-Feb-23,Services and Legal Expenses,"£33,551.47",Merseyside Youth Association Ltd
 23-Feb-23,Payments to Other Police Authorities,"£32,734.00",Police and Crime Commissioner For Cheshire
09-Feb-23,Forensic Fees - General,"£31,920.00",Redacted
 16-Feb-23,Payments to Local Authorities,"£31,000.00",Knowsley MBC
 23-Feb-23,Outsourced Contractors,"£30,971.40",Softcat Ltd
 16-Feb-23,Services and Legal Expenses,"£30,887.40",Redacted
 16-Feb-23,Operational Equipment,"£29,994.30",Redacted
 23-Feb-23,Forensic Fees - General,"£28,325.52",Redacted
09-Feb-23,Forensic Fees - General,"£27,993.60",Redacted
 16-Feb-23,General Subscriptions,"£27,860.00",PS Administration Ltd (T/A XPS Administration)
23-Feb-23,Building Reactive Maintenance,"£26,857.39", Graham Asset Management Ltd 
 02-Feb-23,Interpreters Fees,"£25,336.44",Language Line TI Limited
09-Feb-23,Forensic Fees - General,"£25,055.28",Redacted
 02-Feb-23,Services and Legal Expenses,"£25,000.00",Merseyside Youth Association Ltd
09-Feb-23,Uniform and Clothing,"£23,949.60",Michael Lupton Associates Limited
09-Feb-23,S/W Licences,"£23,835.73",Oracle Corporation Uk Ltd
 16-Feb-23,Payments to Other Police Authorities,"£23,711.72",Police & Crime Commissioner For Northumbria
 02-Feb-23,Payment for Services,"£23,689.23",Redacted
09-Feb-23,Training Course Fees,"£23,640.00",Redacted
 23-Feb-23,Training Course Fees,"£23,286.60",College of Policing Limited
 23-Feb-23,Forensic Fees - General,"£23,279.94",Redacted
 02-Feb-23,Miscellaneous Contributions,"£23,067.36",The Chief Constable of Staffordshire Police
09-Feb-23,Mobile Data Costs,"£22,541.55",EE Ltd (Airtime)
 23-Feb-23,Mobile Data Costs,"£22,387.25",EE Ltd (Airtime)
 02-Feb-23,Rates,"£22,309.00",Liverpool City Council1
 02-Feb-23,Payment for Services,"£22,157.31",Redacted
09-Feb-23,Services and Legal Expenses,"£21,600.00",Ariel Trust
 16-Feb-23,Support Staff-Temporary Staff Wages,"£21,507.12",Police and Crime Commissioner For Cheshire
16-Feb-23,Uniform and Clothing,"£21,336.84", Redacted 
 02-Feb-23,Interpreters Fees,"£21,202.00",Language Line TI Limited
 23-Feb-23,Services and Legal Expenses,"£20,870.71",Redacted
 23-Feb-23,S/W Licences,"£20,528.64",Sepura Limited
 16-Feb-23,Forensic Fees - General,"£20,440.80",Redacted
09-Feb-23,Capital Asset Clearing A/C Plant & Equipment,"£20,299.20",Softcat Ltd
 02-Feb-23,Payment for Services,"£20,284.66",Redacted
 16-Feb-23,Payment for Services,"£20,016.61",Causeway Charitable Services
 16-Feb-23,Payment for Services,"£19,913.49",Redacted
23-Feb-23,Comp. Operations,"£18,969.32",Redacted
 02-Feb-23,Rentals & Maintenance,"£18,950.95",Cohort Software Ltd
 08-Feb-23,Direct Transport Costs,"£18,682.35",Allstar
 15-Feb-23,Direct Transport Costs,"£18,576.53",Allstar
 21-Feb-23,Training Course Fees,"£18,000.00",Redacted
 23-Feb-23,Technical Equipment,"£17,904.00",Redacted
 02-Feb-23,Comp. Operations,"£17,869.52",Redacted
09-Feb-23,Outsourced Contractors,"£17,666.81",Softcat Ltd
09-Feb-23,Outsourced Contractors,"£17,666.81",Softcat Ltd
 23-Feb-23,Outsourced Contractors,"£17,665.03",Softcat Ltd
 22-Feb-23,Direct Transport Costs,"£17,224.91",Allstar
09-Feb-23, Training Course Fees ,"£16,279.20",Redacted
 01-Feb-23,Services and Legal Expenses,"£16,271.27",Allstar
09-Feb-23,Consultants Fees,"£15,825.17",Mace Limited
 16-Feb-23,Firearms,"£15,504.00",Redacted
09-Feb-23,ISDN2 Rentals,"£15,195.97",Motorola Ltd
09-Feb-23,Forensic Fees - General,"£15,188.89",Redacted
 16-Feb-23,Diesel,"£14,717.08",Standard Fuel Oils Limited
09-Feb-23,Consultants Fees,"£14,490.00",HKS IT Consultants Ltd
09-Feb-23,Technical Equipment,"£14,418.00",Redacted
23-Feb-23,Comp. Operations,"£14,089.90",Redacted
 16-Feb-23,Forensic Fees - General,"£13,943.52",Redacted
 02-Feb-23,Forensic Fees - General,"£13,783.92",Redacted
 02-Feb-23,Forensic Fees - General,"£13,418.76",Redacted
 02-Feb-23,Capital Asset Clearing A/C Plant & Equipment,"£13,400.88",Dell Corporation Ltd
09-Feb-23,Technical Equipment,"£13,350.00",Redacted
23-Feb-23,Diesel,"£12,824.46", Standard Fuel Oils Limited 
 16-Feb-23,Services and Legal Expenses,"£12,518.84",Healthy Stadia CIC
09-Feb-23,Payment for Services,"£12,477.83",GMCA-GMP
09-Feb-23,Consultants Fees,"£12,420.00",Solus Management Limited
23-Feb-23,Diesel,"£12,416.64", Standard Fuel Oils Limited 
 23-Feb-23,Equipment Purchases,"£12,388.83",Tuskerdirect limited
09-Feb-23,Support Staff-Temporary Staff Wages,"£12,124.25",Adecco UK Limited
 02-Feb-23,Diesel,"£12,109.44",Standard Fuel Oils Limited
09-Feb-23,Forensic Fees - General,"£11,969.40",Redacted
 02-Feb-23,Miscellaneous Contributions,"£11,762.00",PCC for South Wales
 16-Feb-23,Forensic Fees - General,"£11,655.60",Redacted
 23-Feb-23,Technical Equipment,"£11,550.00",Redacted
 02-Feb-23,Diesel,"£11,540.44",Standard Fuel Oils Limited
09-Feb-23,Support Staff-Temporary Staff Wages,"£11,400.00",Redacted
 23-Feb-23,Training Course Fees,"£11,400.00",University of Cambridge
 23-Feb-23,Training Course Fees,"£11,400.00",University of Cambridge
 23-Feb-23,Waste Disposal,"£11,323.99",Suez Recycling and Recovery UK Ltd
23-Feb-23,Diesel,"£10,835.03", Standard Fuel Oils Limited 
 16-Feb-23,Services and Legal Expenses,"£10,622.00",HM Courts & Tribunals Service
09-Feb-23,Window Cleaning,"£10,598.83",Orbis Property Protection Ltd
16-Feb-23,Comp. Operations,"£10,560.00",Redacted
 23-Feb-23,Telecommunications,"£10,512.00",BT Global Services Solutions
 23-Feb-23,Training Course Fees,"£10,380.00",Redacted
 02-Feb-23,Vehicle Repairs,"£10,271.64",Rybrook Cars Ltd ( Chester)
09-Feb-23,Comp. Consumeables,"£10,248.00",Redacted
 23-Feb-23,Capital Asset Clearing A/c Building,"£10,235.77",Mace Limited
 23-Feb-23,Comp. Consumeables,"£10,230.00",Survey Supplies Ltd T/A korec Group
 16-Feb-23,Services and Legal Expenses,"£10,140.00",Redacted
 02-Feb-23,Payments to Local Authorities,"£10,000.00",Sefton M B C (General Payments) 93226632
09-Feb-23,Services and Legal Expenses,"£10,000.00",Tim Parry Jonathan Ball Peace Foundation
 23-Feb-23,Building Reactive Maintenance,"£9,920.44",Graham Asset Management Ltd
09-Feb-23,Diesel,"£9,843.46",Standard Fuel Oils Limited
15-Feb-23,Miscellaneous Expenses,"£9,728.62", Redacted 
09-Feb-23,H/W Purchases,"£9,380.62",Dell Corporation Ltd
23-Feb-23,Diesel,"£9,310.93", Standard Fuel Oils Limited 
 02-Feb-23,General Subscriptions,"£9,180.00",Redacted
 02-Feb-23,Diesel,"£9,082.08",Standard Fuel Oils Limited
 16-Feb-23,Catering Service,"£9,055.20",Liverpool Coffee Roasters Ltd
09-Feb-23,Training Course Fees,"£9,000.00",Redacted
23-Feb-23, Forensic Fees - General ,"£8,958.60",Redacted
 23-Feb-23,Training Course Fees,"£8,808.00",Redacted
 02-Feb-23,Uniform and Clothing,"£8,746.12",Cooneen Defence Limited
09-Feb-23,Forensic Fees - General,"£8,650.50",Redacted
09-Feb-23,Rentals & Maintenance,"£8,595.00",North PB Limited
 16-Feb-23,Services and Legal Expenses,"£8,588.00",HM Courts & Tribunals Service
 23-Feb-23,Vehicle Crash Repairs,"£8,452.52",R2U Limited (Accident Repair Centre)
 23-Feb-23,Uniform and Clothing,"£8,325.60",Redacted
 02-Feb-23,Forensic Fees - General,"£8,277.12",Redacted
 16-Feb-23,Forensic Fees - General,"£8,177.69",Redacted
 23-Feb-23,Forensic Fees - General,"£8,152.80",Redacted
 02-Feb-23,Interpreters Fees,"£8,094.61",Language Line TI Limited
 02-Feb-23,Payment for Services,"£8,000.00",Liverpool City Council
 02-Feb-23,Payment for Services,"£8,000.00",Liverpool City Council
 16-Feb-23,Payment for Services,"£8,000.00",Liverpool City Council
 23-Feb-23,Consultants Fees,"£7,937.03",Experian Ltd
09-Feb-23,Forensic Fees - General,"£7,761.60",Redacted
23-Feb-23,Diesel,"£7,760.40", Standard Fuel Oils Limited 
 23-Feb-23,Training Course Fees,"£7,700.60",Redacted
09-Feb-23,Diesel,"£7,642.48",Standard Fuel Oils Limited
 02-Feb-23,Support Staff Recruitment Advertisements,"£7,597.20",Bloom Procurement Services Limited
 02-Feb-23,Diesel,"£7,568.40",Standard Fuel Oils Limited
 23-Feb-23,Mobile Data Costs,"£7,441.70",EE Ltd (Airtime)
 16-Feb-23,Training Course Fees,"£7,182.00",Armada Training Solutions Ltd
 23-Feb-23,Training Course Fees,"£7,152.00",Smart Training Solutions (UK) Ltd
09-Feb-23,H/W Purchases,"£7,003.43",Dell Corporation Ltd
09-Feb-23,Payment for Services,"£7,000.00",Everton in the Community
 16-Feb-23,Payment for Services,"£7,000.00",Parenting 2000
 16-Feb-23,Training Course Fees,"£6,912.00",Thatcham Research
 23-Feb-23,Electrical Reactive Maintenance,"£6,883.80",BAM FM Ltd
 16-Feb-23,Training Course Fees,"£6,840.00",Profile Aware Limited
09-Feb-23,Services and Legal Expenses,"£6,799.45",Redacted
 23-Feb-23,H/W Purchases,"£6,700.44",Dell Corporation Ltd
 02-Feb-23,Forensic Fees - General,"£6,568.80",Redacted
23-Feb-23,S/W Licences,"£6,486.00", Redacted 
 23-Feb-23,Vehicle Parts,"£6,483.00",LVW Group Ltd T/A Moparts
09-Feb-23,Comp. Operations,"£6,399.60",Redacted
 02-Feb-23,Services and Legal Expenses,"£6,366.60",Redacted
09-Feb-23,Purchase of Horses,"£6,310.80",Premier Equine International Limited
 02-Feb-23,Service Charges,"£6,300.00",Merseyside Fire & Civil Defence Auth.
 23-Feb-23,Services and Legal Expenses,"£6,250.00",Redacted
09-Feb-23,Diesel,"£6,116.72",Standard Fuel Oils Limited
09-Feb-23,Diesel,"£6,113.68",Standard Fuel Oils Limited
09-Feb-23,Capital Asset Clearing A/C Plant & Equipment,"£6,030.40",Dell Corporation Ltd
 02-Feb-23,Training Course Fees,"£6,000.00",Modality Systems Limited
09-Feb-23,Training Course Fees,"£6,000.00",The Knowledge Academy
 23-Feb-23,Services and Legal Expenses,"£6,000.00",KYM Knowsley Youth Mutual
 02-Feb-23, Vehicle Repairs ,"£5,950.00",Redacted
 23-Feb-23,Training Course Fees,"£5,949.00",College of Policing Limited
 02-Feb-23,Outsourced Contractors,"£5,948.48",Wirral MBC
 02-Feb-23,Diesel,"£5,903.35",Standard Fuel Oils Limited
 16-Feb-23,Operational Equipment,"£5,841.60",Redacted
 23-Feb-23,Forensic Fees - General,"£5,784.00",Redacted
 16-Feb-23,Vehicle Crash Repairs,"£5,783.96",BMC Mechanical LTD
09-Feb-23,Brokerage Fees,"£5,753.42",Tradition UK Ltd
 02-Feb-23,Vehicle Repairs,"£5,693.14",Halliwell Jones Ltd
 23-Feb-23,Forensic Fees - General,"£5,573.04",Redacted
 16-Feb-23,Services and Legal Expenses,"£5,450.00",The Foundation Years Trust
 16-Feb-23,S/W Licences,"£5,342.38",Oracle Corporation Uk Ltd
 16-Feb-23,Breathalyzers,"£5,306.40",Redacted
09-Feb-23,Support Staff-Temporary Staff Wages,"£5,304.00",Redacted
23-Feb-23,Data Network,"£5,247.82", North PB Limited 
 16-Feb-23,Services and Legal Expenses,"£5,200.00",Redacted
 16-Feb-23,Forensic Fees - General,"£5,184.00",Redacted
 02-Feb-23,Postages,"£5,089.64",Royal Mail
 16-Feb-23,S/W Licences,"£5,055.79",Redacted
 16-Feb-23,Services and Legal Expenses,"£5,018.00",Granby Toxteth Develp Trust Ltd (GTDT Ltd)
 02-Feb-23,Services and Legal Expenses,"£5,000.00",Redacted
 02-Feb-23,Services and Legal Expenses,"£5,000.00",Redacted
09-Feb-23,Payment for Services,"£5,000.00",Alley Angels
09-Feb-23,Services and Legal Expenses,"£5,000.00",Redacted
 16-Feb-23,Services and Legal Expenses,"£5,000.00",Redacted
 16-Feb-23,Services and Legal Expenses,"£5,000.00",ExtravaDance Community Group
 23-Feb-23,Services and Legal Expenses,"£5,000.00",Redacted
 23-Feb-23,Services and Legal Expenses,"£5,000.00",Redacted
09-Feb-23,Support Staff-Temporary Staff Wages,"£4,992.00",Redacted
 23-Feb-23,Uniform and Clothing,"£4,824.68",J & S Accessories Ltd
 23-Feb-23,S/W Licences,"£4,800.85",Oracle Corporation Uk Ltd
 16-Feb-23,Electrical Reactive Maintenance,"£4,757.60",Redacted
09-Feb-23,Vehicle Repairs,"£4,735.24",Redacted
 16-Feb-23,Mechanical Reactive Maintenance,"£4,694.00",BAM FM Ltd
 23-Feb-23,H/W Purchases,"£4,668.95",Dell Corporation Ltd
09-Feb-23,Vehicle Licenses,"£4,565.00",Redacted
09-Feb-23,Capital Asset Clearing A/C Plant & Equipment,"£4,512.60",Redacted
 16-Feb-23,Training Course Fees,"£4,500.00",Liverpool John Moores University
 10-Feb-23,Services and Legal Expenses,"£4,500.00",MerseyTravel
 16-Feb-23,Training Course Fees,"£4,490.60",College of Policing Limited
 16-Feb-23,S/W Licences,"£4,451.65",Oracle Corporation Uk Ltd
16-Feb-23, S/W Licences ,"£4,429.58",Redacted
 02-Feb-23,Services and Legal Expenses,"£4,353.72",Redacted
 16-Feb-23,Services and Legal Expenses,"£4,340.00",Alder Hey Childrens NHS Trust
 02-Feb-23,Diesel,"£4,336.69",Standard Fuel Oils Limited
09-Feb-23,Catering Service,"£4,320.00",Liverpool Coffee Roasters Ltd
 23-Feb-23,Forensic Fees - General,"£4,320.00",Redacted
 23-Feb-23,Vehicle Repairs,"£4,299.24",Halliwell Jones Ltd
23-Feb-23,Rents,"£4,290.00", St Helens MBC 
 16-Feb-23,Capital Asset Clearing A/C Plant & Equipment,"£4,284.61",Softcat Ltd
09-Feb-23,Postages,"£4,244.95",Royal Mail
 02-Feb-23,Forensic Fees - General,"£4,194.00",Redacted
 16-Feb-23,Services and Legal Expenses,"£4,150.00",Redacted
09-Feb-23,Services and Legal Expenses,"£4,135.20",Redacted
 02-Feb-23,Uniform and Clothing,"£4,074.34",Cooneen Defence Limited
 23-Feb-23,Forensic Fees - General,"£4,012.80",Redacted
 16-Feb-23,Purchase of Police Dogs,"£4,000.00",Redacted
 16-Feb-23,S/W Licences,"£3,970.12",Oracle Corporation Uk Ltd
 28-Feb-23,Services and Legal Expenses,"£3,953.55",Commercial Card
 16-Feb-23,S/W Licences,"£3,878.62",Oracle Corporation Uk Ltd
 13-Feb-23,Services and Legal Expenses,"£3,870.08",Bank Charges
 02-Feb-23,Vehicle Repairs,"£3,848.09",Halliwell Jones Ltd
 23-Feb-23,Payment for Services,"£3,840.00",Redacted
23-Feb-23, Capital Asset Clearing A/C Plant & Equipment ,"£3,836.98",Stone Computers Ltd
 02-Feb-23,Call Charges,"£3,718.62",Gamma Telecom Ltd
09-Feb-23,Vehicle Repairs,"£3,715.58",Halliwell Jones Ltd
 02-Feb-23,Mechanical Reactive Maintenance,"£3,706.43",BAM FM Ltd
23-Feb-23,Postages,"£3,703.15", Royal Mail 
 16-Feb-23,Technical Equipment,"£3,671.86",Redacted
09-Feb-23,Forensic Fees - General,"£3,652.80",Redacted
09-Feb-23,Building Reactive Maintenance,"£3,637.20",J.G. Eckersall
 02-Feb-23,Consultants Fees,"£3,630.96",Redacted
 02-Feb-23,Forensic Fees - General,"£3,624.00",Redacted
 16-Feb-23,Vehicle Modifications,"£3,622.94",Redacted
 23-Feb-23,Payments to Other Police Authorities,"£3,599.57",Redacted
 23-Feb-23,Data Network,"£3,591.55",Vodafone Ltd 70649252 (Formerly Cable & Wireless)
09-Feb-23,Vehicle Repairs,"£3,568.54",Halliwell Jones Ltd
 23-Feb-23,Building Reactive Maintenance,"£3,559.86",Graham Asset Management Ltd
 23-Feb-23,Consultants Fees,"£3,528.32",Redacted
09-Feb-23,H/W Purchases,"£3,501.71",Redacted
16-Feb-23, Payment for Services ,"£3,500.00",Liverpool City Council
 16-Feb-23,Payment for Services,"£3,500.00",Liverpool City Council
 16-Feb-23,Payment for Services,"£3,487.50",Planning Express Limited
 02-Feb-23,Tyres & Tubes,"£3,462.67",ATS Euromaster Ltd
 16-Feb-23,Service Charges,"£3,450.00",Boing Rapid Secure Ltd
09-Feb-23,Vehicle Repairs,"£3,433.76",Halliwell Jones Ltd
 16-Feb-23,S/W Licences,"£3,418.28",Oracle Corporation Uk Ltd
 23-Feb-23,General Subscriptions,"£3,412.46",Police Federation of England & Wales
 16-Feb-23,Mechanical Reactive Maintenance,"£3,411.65",BAM FM Ltd
09-Feb-23,Medical Equipment,"£3,388.80",Kays Medical Limited
 23-Feb-23,Building Reactive Maintenance,"£3,365.28",Graham Asset Management Ltd
 16-Feb-23,Vehicle Repairs,"£3,356.38",Halliwell Jones Ltd
 02-Feb-23,Uniform and Clothing,"£3,346.65",Michael Lupton Associates Limited
 16-Feb-23,Training Course Fees,"£3,321.38",College of Policing Limited
 16-Feb-23,S/W Licences,"£3,304.62",Oracle Corporation Uk Ltd
 02-Feb-23,Services and Legal Expenses,"£3,300.00",Redacted
 16-Feb-23,Services and Legal Expenses,"£3,272.00",HM Courts & Tribunals Service
 16-Feb-23,Payments to Local Authorities,"£3,265.19",Cooneen At Work Limited
 23-Feb-23,Payment for Services,"£3,240.00",GB Group Plc
 16-Feb-23,Technical Equipment,"£3,235.50",Redacted
 02-Feb-23,Uniform and Clothing,"£3,192.60",Yaffy Protective Clothing (Part of Mi Hub Ltd)
 23-Feb-23,Services and Legal Expenses,"£3,166.67",Collaborate Digital Ltd
23-Feb-23,Payments to Other Police Authorities,"£3,156.34", Redacted 
 23-Feb-23,Tyres & Tubes,"£3,148.08",ATS Euromaster Ltd
 23-Feb-23,Waste Disposal,"£3,137.76",Suez Recycling and Recovery UK Ltd
 16-Feb-23,Electrical Reactive Maintenance,"£3,137.52",BAM FM Ltd
09-Feb-23,Services and Legal Expenses,"£3,100.00",Redacted
09-Feb-23,Forensic Fees - General,"£3,072.00",Redacted
09-Feb-23,Comp. Operations,"£3,042.68",Redacted
09-Feb-23,Comp. Operations,"£3,025.80",Redacted
 23-Feb-23,H/W Purchases,"£3,024.06",Dell Corporation Ltd
 23-Feb-23,H/W Purchases,"£3,024.06",Dell Corporation Ltd
09-Feb-23,Training Course Fees,"£3,018.00",College of Policing Limited
23-Feb-23,Building Reactive Maintenance,"£3,006.18", Graham Asset Management Ltd 
09-Feb-23,Postages,"£3,003.01",Royal Mail
 16-Feb-23,Payment for Services,"£3,000.00",Kaalmo Youth Development Limited
 23-Feb-23,Services and Legal Expenses,"£3,000.00",Tiber Community Building
 02-Feb-23,Diesel,"£2,998.60",Standard Fuel Oils Limited
 02-Feb-23,Services and Legal Expenses,"£2,980.80",Redacted
09-Feb-23,Forensic Fees - General,"£2,966.40",Redacted
 16-Feb-23,Postages,"£2,949.35",Royal Mail
 23-Feb-23,Vehicle Repairs,"£2,904.00",Halliwell Jones Ltd
 02-Feb-23,Forensic Fees - General,"£2,902.80",Redacted
09-Feb-23,Training Course Fees,"£2,890.90",College of Policing Limited
 02-Feb-23,Training Course Fees,"£2,880.00",Redacted
 23-Feb-23,Training Course Fees,"£2,872.80",The Knowledge Academy
23-Feb-23,Building Customer Spend,"£2,870.99", Graham Asset Management Ltd 
 23-Feb-23,Training Course Fees,"£2,856.00",Hills Salvage & Recycling Ltd
 23-Feb-23,Medical Counselling,"£2,850.00",Redacted
09-Feb-23,Payment for Services,"£2,825.54",Redacted
 16-Feb-23,Uniform and Clothing,"£2,808.24",Michael Lupton Associates Limited
 23-Feb-23,Forensic Fees - General,"£2,798.40",Redacted
 16-Feb-23,Uniform and Clothing,"£2,772.36",Redacted
 02-Feb-23,Consumables,"£2,751.50",Colourtone Limited
09-Feb-23, Consumables ,"£2,736.00",Standard Fuel Oils Limited
 23-Feb-23,Mobiles-rental,"£2,736.00",Redacted
 23-Feb-23,Call Charges,"£2,726.40",Vodafone Ltd 70649252 (Formerly Cable & Wireless)
 23-Feb-23,Technical Equipment,"£2,700.00",Redacted
09-Feb-23,H/W Purchases,"£2,680.18",Dell Corporation Ltd
02-Feb-23,Diesel,"£2,665.60", Standard Fuel Oils Limited 
 02-Feb-23,Maintenance of Dogs,"£2,638.25",Crown Pet Foods
09-Feb-23,Forensic Fees - General,"£2,622.66",Redacted
 02-Feb-23,Support Staff-Temporary Staff Wages,"£2,610.72",Reed Specialist Recruitment Ltd
 02-Feb-23, Support Staff-Temporary Staff Wages ,"£2,610.72",Reed Specialist Recruitment Ltd
09-Feb-23,Mechanical Reactive Maintenance,"£2,602.80",Graham Asset Management Ltd
09-Feb-23,Consultants Fees,"£2,579.40",Softcat Ltd
09-Feb-23,Training Course Fees,"£2,573.34",The Investigator
 02-Feb-23,Support Staff-Temporary Staff Wages,"£2,572.32",Redacted
 02-Feb-23,Support Staff-Temporary Staff Wages,"£2,572.32",Redacted
 02-Feb-23,Support Staff-Temporary Staff Wages,"£2,572.32",Reed Specialist Recruitment Ltd
 02-Feb-23,Support Staff-Temporary Staff Wages,"£2,572.32",Reed Specialist Recruitment Ltd
 02-Feb-23,Support Staff-Temporary Staff Wages,"£2,572.32",Reed Specialist Recruitment Ltd
 02-Feb-23,Support Staff-Temporary Staff Wages,"£2,572.32",Redacted
 02-Feb-23,Support Staff-Temporary Staff Wages,"£2,572.32",Reed Specialist Recruitment Ltd
 02-Feb-23,Support Staff-Temporary Staff Wages,"£2,572.32",Reed Specialist Recruitment Ltd
 16-Feb-23,Support Staff-Temporary Staff Wages,"£2,572.32",Reed Specialist Recruitment Ltd
23-Feb-23,Support Staff-Temporary Staff Wages,"£2,572.32", Reed Specialist Recruitment Ltd 
 02-Feb-23,Support Staff-Temporary Staff Wages,"£2,558.52",Reed Specialist Recruitment Ltd
 16-Feb-23,Uniform and Clothing,"£2,538.10",Redacted
 02-Feb-23,Uniform and Clothing,"£2,529.60",Bennett Safetywear Limited
09-Feb-23,Forensic Fees - General,"£2,525.71",Redacted
 16-Feb-23,Payments to Local Authorities,"£2,520.73",Cooneen At Work Limited
 02-Feb-23,Training Course Fees,"£2,520.00",Redacted
 02-Feb-23,Miscellaneous Contributions,"£2,500.00",Care Of Police Survivors
 02-Feb-23,Training Course Fees,"£2,500.00",PCC for Norfolk
09-Feb-23,Services and Legal Expenses,"£2,500.00",Redacted
 16-Feb-23,Training Course Fees,"£2,500.00",Liverpool John Moores University
 02-Feb-23,Forensic Fees - General,"£2,473.60",Redacted
 16-Feb-23,Forensic Fees - General,"£2,452.32",Redacted
 02-Feb-23,Printing Stationery & Office Exps.,"£2,451.60",PSL Print Management Ltd
 02-Feb-23,Services and Legal Expenses,"£2,400.00",Redacted
09-Feb-23,Purchase of Police Dogs,"£2,400.00",GMCA (PCC for Greater Manchester)
 16-Feb-23,Comp. Operations,"£2,400.00",Redacted
 16-Feb-23,Services and Legal Expenses,"£2,398.80",Leasowe Play Youth and Community Association
 16-Feb-23,Vehicle Parts,"£2,397.08",Hyundai Motor UK Ltd
 23-Feb-23,Vehicle Police Equipment,"£2,394.18",Liverpool Power Boats Limited
 02-Feb-23,Capital Asset Clearing A/c Building,"£2,394.00",Redacted
 02-Feb-23,Support Staff Training,"£2,364.00",Jaama Ltd
 02-Feb-23,Training Course Fees,"£2,348.40",College of Policing Limited
 16-Feb-23,Capital Asset Clearing A/C Plant & Equipment,"£2,340.90",Scan Computers International
 16-Feb-23,Uniform and Clothing,"£2,334.32",Redacted
 02-Feb-23,Vehicle Crash Repairs,"£2,328.50",BMC Mechanical LTD
09-Feb-23,Services and Legal Expenses,"£2,300.00",Redacted
23-Feb-23,Building Reactive Maintenance,"£2,298.44", Graham Asset Management Ltd 
 02-Feb-23,Services and Legal Expenses,"£2,289.60",Redacted
 16-Feb-23,Mechanical Reactive Maintenance,"£2,272.52",BAM FM Ltd
09-Feb-23,Services and Legal Expenses,"£2,260.80",Redacted
09-Feb-23,Tyres & Tubes,"£2,222.99",Michelin Tyre PLC
 16-Feb-23,Services and Legal Expenses,"£2,171.00",HM Courts & Tribunals Service
 23-Feb-23,Telecommunications,"£2,160.00",Redacted
23-Feb-23,Specialist Advice,"£2,160.00", Redacted 
 16-Feb-23,Mechanical Reactive Maintenance,"£2,147.38",BAM FM Ltd
09-Feb-23,Forensic Fees - General,"£2,100.00",Redacted
23-Feb-23,Building Reactive Maintenance,"£2,099.50", Graham Asset Management Ltd 
 23-Feb-23,Hospital/Dr Medical Stat,"£2,097.61",Redacted
 02-Feb-23,Support Staff-Temporary Staff Wages,"£2,088.57",Redacted
 02-Feb-23,Support Staff-Temporary Staff Wages,"£2,088.57",Reed Specialist Recruitment Ltd
 02-Feb-23,Uniform and Clothing,"£2,088.00",Michael Lupton Associates Limited
 16-Feb-23,Data Network,"£2,086.30",Redacted
 23-Feb-23,Pathologists Fees,"£2,080.23",Redacted
 23-Feb-23,Pathologists Fees,"£2,077.58",Redacted
 23-Feb-23,Pathologists Fees,"£2,077.58",Redacted
 23-Feb-23,Capital Asset Clearing A/C Plant & Equipment,"£2,070.00",Simpson Associates Information Services Ltd
23-Feb-23,Support Staff-Temporary Staff Wages,"£2,064.60", Reed Specialist Recruitment Ltd 
 02-Feb-23,Payment for Services,"£2,052.00",Redacted
 23-Feb-23,Training Course Fees,"£2,040.00",Lucion Environmental Ltd
 16-Feb-23,Rents,"£2,037.50",Wirral MBC
 23-Feb-23,H/W Purchases,"£2,010.13",Dell Corporation Ltd
 02-Feb-23,Services and Legal Expenses,"£2,000.00",Earlestown Athletic JFC
 02-Feb-23,Services and Legal Expenses,"£2,000.00", Think Fast Academy CIC 
 02-Feb-23,Services and Legal Expenses,"£2,000.00",People Empowered CIC
09-Feb-23,Services and Legal Expenses,"£2,000.00",Parr Sports and Community Centre
 16-Feb-23,Services and Legal Expenses,"£2,000.00",Lansbury Make It Happen (LMIH)
 16-Feb-23,Services and Legal Expenses,"£2,000.00",Redacted
 23-Feb-23,Services and Legal Expenses,"£2,000.00",Redacted
 23-Feb-23,Services and Legal Expenses,"£2,000.00",St Phillips Church Parr PCC
 23-Feb-23,Services and Legal Expenses,"£2,000.00",Redacted
14-Feb-23,Services and Legal Expenses,"£2,000.00", Newton Amateur Dramatic & Operative Society (NADOS) Nippers 
 14-Feb-23,Services and Legal Expenses,"£2,000.00",Rootin for Newton
 23-Feb-23,Vehicle Crash Repairs,"£1,997.57",R2U Limited (Accident Repair Centre)
 02-Feb-23,Services and Legal Expenses,"£1,980.00",Teardrops Supporting Your Community
 02-Feb-23, Tyres & Tubes ,"£1,965.53",Michelin Tyre PLC
 16-Feb-23,Building Reactive Maintenance,"£1,964.26",Graham Asset Management Ltd
09-Feb-23,Forensic Fees - General,"£1,958.40",Redacted
 02-Feb-23,Uniform and Clothing,"£1,956.48",Redacted
 02-Feb-23,Private Circuits General,"£1,953.16",British Telecom
 02-Feb-23, Operational Equipment ,"£1,949.40",Redacted
 23-Feb-23,Services and Legal Expenses,"£1,942.81",Redacted
 02-Feb-23,Forensic Fees - General,"£1,941.61",Redacted
 02-Feb-23,Building Programmed Maintenance,"£1,932.00",William Jones & Partners Limited
23-Feb-23,Building Customer Spend,"£1,930.50", Graham Asset Management Ltd 
 02-Feb-23,Miscellaneous Contributions,"£1,920.00",Police and Crime Commissioner For Avon & Somerset
09-Feb-23,Vehicle Parts,"£1,910.17",Halliwell Jones Ltd
 02-Feb-23,Additional Vehicle Recharge,"£1,908.00",Automobile Association Developments Limited
 16-Feb-23,Forensic Fees - General,"£1,908.00",Redacted
09-Feb-23,Services and Legal Expenses,"£1,900.00",Redacted
 16-Feb-23,Training Course Fees,"£1,900.00",Liverpool John Moores University
 23-Feb-23,Training Course Fees,"£1,900.00",Liverpool John Moores University
 02-Feb-23,Electrical Programmed Maintenance,"£1,891.66",J.G. Eckersall
 23-Feb-23,Consultants Fees,"£1,890.00",Social & Market Strategic Research Ltd
 22-Feb-23,Services and Legal Expenses,"£1,886.44",Allstar
 23-Feb-23,Hired Vehicle & Plant,"£1,879.20",Redacted
09-Feb-23,Forensic Fees - General,"£1,877.40",Redacted
09-Feb-23,Diesel,"£1,871.26",Standard Fuel Oils Limited
09-Feb-23,Training Course Fees,"£1,869.90",College of Policing Limited
 23-Feb-23,Printing Stationery & Office Exps.,"£1,860.00",CTech Europe T/A Rovert Equip Co
 16-Feb-23,Forensic Fees - General,"£1,830.00",Redacted
 02-Feb-23,Refreshments,"£1,825.64",BFS Group Limited t/a Bidvest Foodservice
09-Feb-23,Services and Legal Expenses,"£1,795.80",Redacted
09-Feb-23,Services and Legal Expenses,"£1,782.00",Redacted
 23-Feb-23,Firearms,"£1,782.00", Redacted 
 02-Feb-23,Uniform and Clothing,"£1,781.04",Peter Jones (ILG) Ltd
 23-Feb-23,Training Course Fees,"£1,772.50",Redacted
23-Feb-23,Promotional Advertising,"£1,758.23", Reach Publishing Services Ltd (Trinity Mirror) 
09-Feb-23,Protective Clothing,"£1,743.91",Elis UK
 02-Feb-23,Conveyance of Prisoners,"£1,737.54",Detainee Supplies Limited
 23-Feb-23,Vehicle Police Equipment,"£1,733.90",Woodway Engineering Ltd
 23-Feb-23,Training Course Fees,"£1,732.78",The Investigator
23-Feb-23,Building Reactive Maintenance,"£1,720.30", Graham Asset Management Ltd 
 02-Feb-23,Firearms,"£1,710.00", Redacted 
 02-Feb-23,Vehicle Repairs,"£1,706.72",Halliwell Jones Ltd
 02-Feb-23,Vehicle Parts,"£1,685.41",eStar Truck and Van Ltd
 16-Feb-23,Vehicle Parts,"£1,685.41",eStar Truck and Van Ltd
 02-Feb-23,Garage Equipment,"£1,680.00",BMW (UK) Ltd
 02-Feb-23,Consultants Fees,"£1,676.40",Redacted
09-Feb-23,Training Course Fees,"£1,663.90",College of Policing Limited
09-Feb-23,Training Course Fees,"£1,652.40",Redacted
 23-Feb-23,Building Reactive Maintenance,"£1,651.54",Graham Asset Management Ltd
 23-Feb-23,Stable Requirements,"£1,650.00",Redacted
 02-Feb-23,Vehicle Parts,"£1,643.77",eStar Truck and Van Ltd
 02-Feb-23,Forensic Fees - General,"£1,638.00",Redacted
09-Feb-23,Operational Equipment,"£1,638.00",Redacted
 16-Feb-23,Forensic Fees - General,"£1,634.88",Redacted
 02-Feb-23,Uniform and Clothing,"£1,632.00",Bennett Safetywear Limited
 02-Feb-23,Uniform and Clothing,"£1,632.00",Bennett Safetywear Limited
09-Feb-23,Catering Service,"£1,630.80",Liverpool Coffee Roasters Ltd
 16-Feb-23,Support Staff-Temporary Staff Wages,"£1,625.88",Hays Specialist Recruitment Ltd
 16-Feb-23,Support Staff-Temporary Staff Wages,"£1,625.88",Hays Specialist Recruitment Ltd
 23-Feb-23,Support Staff-Temporary Staff Wages,"£1,625.88",Hays Specialist Recruitment Ltd
 02-Feb-23,Medical Equipment,"£1,618.20",Healthmed Supplies
23-Feb-23,Uniform and Clothing,"£1,601.34", Try & Lilly Ltd 
 16-Feb-23,Prisoner Meals,"£1,592.80",BFS Group Limited t/a Bidvest Foodservice
 23-Feb-23,Comp. Consumeables,"£1,591.87",Redacted
 16-Feb-23,Cleaning and Domestic Supplies,"£1,586.88",Arrow County Supplies
 16-Feb-23,Forensic Fees - General,"£1,575.54",Redacted
23-Feb-23,Temp Staff Overtime,"£1,569.59", Reed Specialist Recruitment Ltd 
 02-Feb-23,Building Reactive Maintenance,"£1,566.02",Graham Asset Management Ltd
09-Feb-23,Support Staff-Temporary Staff Wages,"£1,560.00",Redacted
09-Feb-23,Support Staff-Temporary Staff Wages,"£1,560.00",Redacted
 16-Feb-23,Support Staff-Temporary Staff Wages,"£1,560.00",Redacted
 23-Feb-23,Support Staff-Temporary Staff Wages,"£1,560.00",Redacted
09-Feb-23,Vehicle Repairs,"£1,559.35",Redacted
 02-Feb-23,Payment for Services,"£1,551.00",Expert Witness Services Limited
 23-Feb-23,Technical Equipment,"£1,543.80",Redacted
23-Feb-23,Forensic Fees - General,"£1,526.82",Redacted
 02-Feb-23,Building Reactive Maintenance,"£1,523.87",Graham Asset Management Ltd
 23-Feb-23,H/W Purchases,"£1,521.00",Softcat Ltd
 23-Feb-23,Capital Asset Clearing A/C Plant & Equipment,"£1,521.00",Softcat Ltd
09-Feb-23,Lubricants,"£1,506.53",Liverpool TPS (108631)
 23-Feb-23,Cleaning and Domestic Supplies,"£1,505.81",Arrow County Supplies
09-Feb-23,Services and Legal Expenses,"£1,504.80",Redacted
 16-Feb-23,Services and Legal Expenses,"£1,500.00",Redacted
 16-Feb-23,Services and Legal Expenses,"£1,500.00",Liverpool City Council1
 23-Feb-23,Payment for Services,"£1,500.00",7th Fairfield Scout Group
 23-Feb-23,Services and Legal Expenses,"£1,500.00",D Street Media CIC
09-Feb-23,Cleaning and Domestic Supplies,"£1,499.95",Arrow County Supplies
23-Feb-23,Tyres & Tubes,"£1,496.26", Michelin Tyre PLC 
 16-Feb-23,Forensic Fees - General,"£1,490.40",Redacted
09-Feb-23,Services and Legal Expenses,"£1,485.00",Redacted
 16-Feb-23,Cleaning and Domestic Supplies,"£1,482.34",Arrow County Supplies
 23-Feb-23,Medical Equipment,"£1,468.80",Aero Healthcare Limited
 02-Feb-23,Refreshments,"£1,468.27",Redacted
 02-Feb-23,Support Staff-Temporary Staff Wages,"£1,454.15",Reed Specialist Recruitment Ltd
 16-Feb-23,S/W Licences,"£1,448.52",Redacted
 02-Feb-23,Vehicle Repairs,"£1,447.24",Rybrook Cars Ltd ( Chester)
 02-Feb-23,Uniform and Clothing,"£1,440.00",Solon Security Ltd
 23-Feb-23,Telecommunications,"£1,440.00",Redacted
09-Feb-23,Services and Legal Expenses,"£1,425.60",Redacted
 23-Feb-23,Training Course Fees,"£1,425.00",Liverpool John Moores University
 02-Feb-23,Services and Legal Expenses,"£1,422.60",Redacted
09-Feb-23, Vehicle Parts ,"£1,420.49",Liverpool TPS (108631)
 08-Feb-23,Direct Transport Costs,"£1,411.76",Allstar
09-Feb-23,Payment for Services,"£1,407.60",Redacted
 23-Feb-23,Medical Specialist,"£1,400.00",UrOnyx Ltd
 23-Feb-23,Mobiles-rental,"£1,400.00",Redacted
09-Feb-23,Vehicle Crash Repairs,"£1,398.64",Liverpool TPS (108631)
23-Feb-23,Vehicle Parts,"£1,397.92", Robins & Day Parts North West 
 02-Feb-23,Forensic Fees - General,"£1,397.74",Redacted
09-Feb-23,Forensic Fees - General,"£1,388.40",Redacted
 02-Feb-23,Services and Legal Expenses,"£1,386.00",Redacted
09-Feb-23,Forensic Fees - General,"£1,380.00",Redacted
 23-Feb-23,Capital Asset Clearing A/C Plant & Equipment,"£1,380.00",Simpson Associates Information Services Ltd
23-Feb-23,Building Reactive Maintenance,"£1,377.83", Graham Asset Management Ltd 
09-Feb-23,H/W Purchases,"£1,366.80",Redacted
 23-Feb-23,Tyres & Tubes,"£1,365.36",ATS Euromaster Ltd
09-Feb-23,H/W Purchases,"£1,363.20",Dell Corporation Ltd
 23-Feb-23,Locksmith Reactive Maintenance,"£1,359.94",J.G. Eckersall
 02-Feb-23,Hire of Premises,"£1,350.00",North West Police Benevolent Fund
 23-Feb-23,Event Costs,"£1,343.83",Jockey Club Racecourse Ltd
23-Feb-23,Support Staff-Temporary Staff Wages,"£1,341.88", Reed Specialist Recruitment Ltd 
 23-Feb-23,Fuel Pump Repairs,"£1,333.20",LCM Environmental Services Limited
 16-Feb-23,Support Staff-Temporary Staff Wages,"£1,328.88",Redacted
 15-Feb-23,Services and Legal Expenses,"£1,323.74",Allstar
 02-Feb-23,Support Staff-Temporary Staff Wages,"£1,323.20",Reed Specialist Recruitment Ltd
 16-Feb-23,Training Course Fees,"£1,308.27",Police and Crime Commissioner For Cheshire
09-Feb-23,Vehicle Repairs,"£1,307.60",Halliwell Jones Ltd
23-Feb-23,Temp Staff Overtime,"£1,306.70", Reed Specialist Recruitment Ltd 
 02-Feb-23,Building Reactive Maintenance,"£1,302.76",Graham Asset Management Ltd
 02-Feb-23,Support Staff-Temporary Staff Wages,"£1,300.70",Hays Specialist Recruitment Ltd
 23-Feb-23,Medical Specialist,"£1,296.00",Gel Ltd t/a Healthwork
 02-Feb-23,Vehicle Parts,"£1,291.00",Liverpool TPS (108631)
09-Feb-23,Services and Legal Expenses,"£1,288.80",Redacted
 23-Feb-23,Waste Disposal,"£1,285.92",Shred Station Ltd
 23-Feb-23,Building Reactive Maintenance,"£1,283.86",Graham Asset Management Ltd
23-Feb-23,Temp Staff Overtime,"£1,281.40", Reed Specialist Recruitment Ltd 
09-Feb-23,Building Reactive Maintenance,"£1,267.05",Portakabin Limited
09-Feb-23,Support Staff-Temporary Staff Wages,"£1,263.38",Reed Specialist Recruitment Ltd
 16-Feb-23,Comp. Consumeables,"£1,260.00",EE Ltd (Airtime)
 23-Feb-23,Comp. Consumeables,"£1,260.00",EE Ltd (Airtime)
 23-Feb-23,Training Course Fees,"£1,259.80",Redacted
 02-Feb-23,Vehicle Parts,"£1,258.03",Halliwell Jones Ltd
23-Feb-23,Building Reactive Maintenance,"£1,256.30", Graham Asset Management Ltd 
23-Feb-23,Temp Staff Overtime,"£1,249.99", Reed Specialist Recruitment Ltd 
 16-Feb-23,Locksmith Customer Spend,"£1,249.00",J.G. Eckersall
09-Feb-23,Support Staff-Temporary Staff Wages,"£1,248.00",Redacted
09-Feb-23,Support Staff-Temporary Staff Wages,"£1,248.00",Redacted
 16-Feb-23,Support Staff-Temporary Staff Wages,"£1,248.00",Redacted
 23-Feb-23,Capital Asset Clearing A/C Plant & Equipment,"£1,237.24",Redacted
 16-Feb-23,Temp Staff Overtime,"£1,234.25",Reed Specialist Recruitment Ltd
 02-Feb-23,Payment for Services,"£1,228.52",Go Outdoors Limited
 16-Feb-23,Mechanical Reactive Maintenance,"£1,226.24",Graham Asset Management Ltd
 02-Feb-23,Hired Vehicle & Plant,"£1,222.03",Arnold Clark Finance Ltd
 16-Feb-23,Hired Vehicle & Plant,"£1,222.03",Arnold Clark Finance Ltd
 16-Feb-23,Hired Vehicle & Plant,"£1,222.03",Arnold Clark Finance Ltd
 23-Feb-23,Hired Vehicle & Plant,"£1,222.03",Redacted
 23-Feb-23,Printing Stationery & Office Exps.,"£1,215.83",Adare SEC Limited t/a Kalamazoo Direct
09-Feb-23,Support Staff-Temporary Staff Wages,"£1,214.21",Reed Specialist Recruitment Ltd
 02-Feb-23,Support Staff-Temporary Staff Wages,"£1,196.49",Redacted
 02-Feb-23,Cleaning Equipment,"£1,191.36",Arrow County Supplies
 02-Feb-23,Cleaning and Domestic Supplies,"£1,185.90",Arrow County Supplies
 23-Feb-23,Vehicle Parts,"£1,181.11",Lookers Liverpool
23-Feb-23, Payment for Services ,"£1,178.82",Redacted
23-Feb-23,Support Staff-Temporary Staff Wages,"£1,177.13", Reed Specialist Recruitment Ltd 
 16-Feb-23,Technical Equipment,"£1,168.20",Redacted
09-Feb-23,H/W Purchases,"£1,167.24",Dell Corporation Ltd
09-Feb-23,H/W Purchases,"£1,167.24",Dell Corporation Ltd
09-Feb-23,H/W Purchases,"£1,167.24",Dell Corporation Ltd
09-Feb-23,H/W Purchases,"£1,167.24", Dell Corporation Ltd 
09-Feb-23,H/W Purchases,"£1,167.24",Dell Corporation Ltd
09-Feb-23,H/W Purchases,"£1,167.24",Dell Corporation Ltd
 16-Feb-23,H/W Purchases,"£1,167.24",Redacted
 16-Feb-23,H/W Purchases,"£1,167.24",Dell Corporation Ltd
 23-Feb-23,H/W Purchases,"£1,167.24",Dell Corporation Ltd
 23-Feb-23,H/W Purchases,"£1,167.24",Dell Corporation Ltd
 23-Feb-23,H/W Purchases,"£1,167.24",Dell Corporation Ltd
 23-Feb-23,H/W Purchases,"£1,167.24",Dell Corporation Ltd
 23-Feb-23,H/W Purchases,"£1,167.24",Dell Corporation Ltd
 23-Feb-23,H/W Purchases,"£1,167.24",Dell Corporation Ltd
 23-Feb-23,H/W Purchases,"£1,167.24",Dell Corporation Ltd
 23-Feb-23,H/W Purchases,"£1,167.24",Dell Corporation Ltd
 23-Feb-23,H/W Purchases,"£1,167.24",Dell Corporation Ltd
 23-Feb-23,H/W Purchases,"£1,167.24",Dell Corporation Ltd
 02-Feb-23,Fuel Pump Repairs,"£1,152.00",LCM Environmental Services Limited
 23-Feb-23,Training Course Fees,"£1,150.00",GMCA (PCC for Greater Manchester)
 02-Feb-23,Support Staff-Temporary Staff Wages,"£1,149.45",Reed Specialist Recruitment Ltd
 23-Feb-23,Forensic Fees - General,"£1,140.00",Redacted
16-Feb-23,S/W Licences,"£1,136.56", Oracle Corporation Uk Ltd 
 16-Feb-23,Mechanical Reactive Maintenance,"£1,125.74",BAM FM Ltd
 02-Feb-23,Forensic Fees - General,"£1,123.44",Redacted
16-Feb-23,Vehicle Parts,"£1,121.33", Robins & Day Parts North West 
 23-Feb-23,Electrical Reactive Maintenance,"£1,119.56",BAM FM Ltd
 23-Feb-23,Vehicle Parts,"£1,118.17",Lookers Liverpool
23-Feb-23,Building Reactive Maintenance,"£1,117.80", Graham Asset Management Ltd 
 16-Feb-23,Mechanical Reactive Maintenance,"£1,116.19",BAM FM Ltd
 02-Feb-23,Training Course Fees,"£1,113.00",Liverpool John Moores University
 02-Feb-23,Training Course Fees,"£1,113.00",Liverpool John Moores University
 16-Feb-23,Capital Asset Clearing A/C Plant & Equipment,"£1,111.24",RS Components
09-Feb-23,Support Staff-Temporary Staff Wages,"£1,106.77",Reed Specialist Recruitment Ltd
 16-Feb-23,Capital Asset Clearing A/C Plant & Equipment,"£1,104.00",Sudlows Enterprise Services Ltd
 23-Feb-23,Vehicle Repairs,"£1,104.00",Redacted
09-Feb-23,Support Staff-Temporary Staff Wages,"£1,099.03",Reed Specialist Recruitment Ltd
23-Feb-23,Building Reactive Maintenance,"£1,094.89", Graham Asset Management Ltd 
23-Feb-23,Support Staff-Temporary Staff Wages,"£1,094.27", Reed Specialist Recruitment Ltd 
23-Feb-23,Support Staff-Temporary Staff Wages,"£1,086.49", Reed Specialist Recruitment Ltd 
23-Feb-23,Support Staff-Temporary Staff Wages,"£1,086.49", Reed Specialist Recruitment Ltd 
 23-Feb-23,Technical Equipment,"£1,086.00",Redacted
 02-Feb-23,Vehicle Repairs,"£1,085.24",Swansway Garages Ltd t/a Swansway Chester Peugeot
 23-Feb-23,Ex Gratia Payments,"£1,083.70",Redacted
 16-Feb-23,Support Staff-Temporary Staff Wages,"£1,082.16",Reed Specialist Recruitment Ltd
 02-Feb-23,Domestic Services Equipment,"£1,080.00",Yorkshire Purchasing Organisation
09-Feb-23,Services and Legal Expenses,"£1,080.00",Intuitive Thinking Skills Ltd
 23-Feb-23,General Subscriptions,"£1,080.00",Buddi Limited
 23-Feb-23,Payment for Services,"£1,080.00",Buddi Limited
 23-Feb-23,Training Course Fees,"£1,080.00",Intellectual Property Office
09-Feb-23,Support Staff-Temporary Staff Wages,"£1,079.98",Reed Specialist Recruitment Ltd
09-Feb-23,Vehicle Repairs,"£1,078.80",BMC Mechanical LTD
23-Feb-23,Temp Staff Overtime,"£1,078.46", Reed Specialist Recruitment Ltd 
 02-Feb-23,H/W Purchases,"£1,068.00",One Source IT Ltd
09-Feb-23,Catering Service,"£1,056.00",Liverpool Coffee Roasters Ltd
 02-Feb-23,Support Staff-Temporary Staff Wages,"£1,048.88",Reed Specialist Recruitment Ltd
09-Feb-23,Support Staff-Temporary Staff Wages,"£1,046.41",Reed Specialist Recruitment Ltd
 02-Feb-23,Vehicle Repairs,"£1,045.30",Swansway Garages Ltd t/a Swansway Chester Peugeot
 01-Feb-23,Direct Transport Costs,"£1,041.47",Allstar
09-Feb-23,Support Staff-Temporary Staff Wages,"£1,035.99",Reed Specialist Recruitment Ltd
09-Feb-23,Services and Legal Expenses,"£1,035.11",Redacted
 16-Feb-23,Training Course Fees,"£1,032.00",The Heightec Group Ltd
 02-Feb-23,Telecommunications,"£1,031.82",Avoira (Rocom/Nimans)
 23-Feb-23,Comp. Consumeables,"£1,031.40",CBC Computer Systems Ltd
 16-Feb-23,Uniform and Clothing,"£1,018.44",Redacted
 16-Feb-23,Vehicle Repairs,"£1,017.71",A P Fleet Services Ltd
 16-Feb-23,Support Staff-Temporary Staff Wages,"£1,013.73",Reed Specialist Recruitment Ltd
09-Feb-23,Support Staff-Temporary Staff Wages,"£1,012.28",Reed Specialist Recruitment Ltd
 02-Feb-23,Payment for Services,"£1,008.00",Secure Risk Limited
 16-Feb-23,Medical Equipment,"£1,008.00",Redacted
09-Feb-23,Support Staff-Temporary Staff Wages,"£1,000.55",Redacted
 02-Feb-23,Payments to Local Authorities,"£1,000.00",Liverpool City Council
09-Feb-23,Services and Legal Expenses,"£1,000.00",Redacted
09-Feb-23,Medical Counselling,"£1,000.00",Redacted
 23-Feb-23,Services and Legal Expenses,"£1,000.00",Redacted
09-Feb-23,Support Staff-Temporary Staff Wages,£994.42,Reed Specialist Recruitment Ltd
 16-Feb-23,Medical Equipment,£993.51,Aero Healthcare Limited
 16-Feb-23,Cleaning and Domestic Supplies,£990.05,Arrow County Supplies
 02-Feb-23,Forensic Fees - General,£990.00,Redacted
09-Feb-23,Kennelling External Dogs,£988.80,The Dales Veterinary Practice
09-Feb-23,Support Staff-Temporary Staff Wages,£988.13,Reed Specialist Recruitment Ltd
09-Feb-23,Support Staff-Temporary Staff Wages,£984.00,Reed Specialist Recruitment Ltd
 02-Feb-23,Support Staff-Temporary Staff Wages,£975.53,Hays Specialist Recruitment Ltd
 23-Feb-23,Furniture Purchases,£973.72,Posturite (UK) Ltd
 23-Feb-23,Furniture Purchases,£973.72,Posturite (UK) Ltd
09-Feb-23,Hired Vehicle & Plant,£971.71,Arnold Clark Finance Ltd
09-Feb-23,Vehicle Parts,£969.77,Ford Motor Company T/A Ford Parts Plus
 16-Feb-23,Support Staff-Temporary Staff Wages,£967.36,Reed Specialist Recruitment Ltd
 23-Feb-23,Forensic Fees - General,£967.20,Redacted
23-Feb-23,Vehicle Repairs,£966.92, BMC Mechanical LTD 
 16-Feb-23,Forensic Fees - General,£964.80,Redacted
16-Feb-23,Support Staff-Temporary Staff Wages,£963.92, Redacted 
09-Feb-23,Payment for Services,£960.00,Redacted
09-Feb-23,Support Staff-Temporary Staff Wages,£952.04,Reed Specialist Recruitment Ltd
 16-Feb-23,Support Staff-Temporary Staff Wages,£951.93,Reed Specialist Recruitment Ltd
 23-Feb-23,Training Course Fees,£950.00,Redacted
 23-Feb-23,Training Course Fees,£950.00,Redacted
 02-Feb-23,Cleaning and Domestic Supplies,£949.68,Arrow County Supplies
 16-Feb-23,Capital Asset Clearing A/C Plant & Equipment,£948.00,Commercial Rigging Services Limited
 23-Feb-23,Furniture Purchases,£946.18,Posturite (UK) Ltd
 02-Feb-23,Support Staff Salaries Overtime,£941.68,Redacted
16-Feb-23,Support Staff-Temporary Staff Wages,£941.14, Redacted 
 16-Feb-23,Tyres & Tubes,£940.01,Michelin Tyre PLC
 02-Feb-23,Vehicle Repairs,£936.00,Top Gear Transmissions Liverpool Ltd
 02-Feb-23,Support Staff-Temporary Staff Wages,£935.10,Reed Specialist Recruitment Ltd
09-Feb-23,Support Staff-Temporary Staff Wages,£934.68,Reed Specialist Recruitment Ltd
 16-Feb-23,Vehicle Repairs,£931.63,Halliwell Jones Ltd
09-Feb-23,Payment for Services,£931.50,Redacted
 02-Feb-23,Building Reactive Maintenance,£930.98,Graham Asset Management Ltd
 02-Feb-23,Forensic Fees - General,£930.36,Redacted
 02-Feb-23,Operational Equipment,£930.00,Redacted
 16-Feb-23,Operational Equipment,£930.00,Redacted
09-Feb-23,Cleaning and Domestic Supplies,£928.16,Arrow County Supplies
 16-Feb-23,Support Staff-Temporary Staff Wages,£928.04,Redacted
23-Feb-23,Support Staff-Temporary Staff Wages,£928.04, Reed Specialist Recruitment Ltd 
 02-Feb-23,Training Course Fees,£927.50,Liverpool John Moores University
 23-Feb-23,Forensic Fees - General,£924.25,Redacted
23-Feb-23,Building Reactive Maintenance,£923.36, Redacted 
 16-Feb-23,Support Staff-Temporary Staff Wages,£918.85,Reed Specialist Recruitment Ltd
 16-Feb-23,Vehicle Repairs,£918.60,Halliwell Jones Ltd
 16-Feb-23,Forensic Fees - General,£918.00,Redacted
 23-Feb-23,Vehicle Parts,£913.13,Liverpool TPS (108631)
 02-Feb-23,Rates,£911.00,Liverpool City Council1
 16-Feb-23,Support Staff-Temporary Staff Wages,£906.09,Redacted
 23-Feb-23,Forensic Fees - General,£906.00,Redacted
09-Feb-23,Support Staff-Temporary Staff Wages,£901.44,Reed Specialist Recruitment Ltd
 02-Feb-23,Medical Specialist,£900.00,Dr Andrew H Lister (Lister MLC Ltd)
 02-Feb-23,Medical Specialist,£900.00,Dr Andrew H Lister (Lister MLC Ltd)
09-Feb-23,Forensic Fees - General,£900.00,Redacted
09-Feb-23,Services and Legal Expenses,£900.00,Redacted
09-Feb-23,Services and Legal Expenses,£896.28, Redacted 
23-Feb-23,Building Reactive Maintenance,£894.72, Graham Asset Management Ltd 
 16-Feb-23,Training Course Fees,£887.40,College of Policing Limited
 23-Feb-23,Vehicle Parts,£887.40,Lookers Liverpool
09-Feb-23,Medical Equipment,£885.60,Amplivox Ltd
 16-Feb-23,Training Course Fees,£885.50,College of Policing Limited
 16-Feb-23,Forensic Fees - General,£884.10,Redacted
 23-Feb-23,Data Line Rentals,£882.88,Virgin Media Business (80352128)
 23-Feb-23,Training Course Fees,£882.00,Skills For Justice Awards Ltd
 16-Feb-23,Support Staff-Temporary Staff Wages,£875.23,Reed Specialist Recruitment Ltd
 16-Feb-23,Technical Equipment,£874.20,Redacted
 23-Feb-23,Electrical Reactive Maintenance,£871.09,BAM FM Ltd
 23-Feb-23,Vehicle Repairs,£870.88,Halliwell Jones Ltd
 02-Feb-23,H/W Purchases,£868.32,Sepura Limited
 23-Feb-23,Technical Equipment,£868.32,Redacted
 16-Feb-23,Support Staff-Temporary Staff Wages,£863.36,Reed Specialist Recruitment Ltd
 02-Feb-23,Comp. Operations,£859.16,Redacted
 02-Feb-23,Support Staff-Temporary Staff Wages,£855.39,Redacted
 16-Feb-23,General Subscriptions,£852.00,Redacted
 16-Feb-23,Vehicle Parts,£851.29,eStar Truck and Van Ltd
 16-Feb-23,Training Course Fees,£846.97,Beers Timber & Building Supplies
 16-Feb-23,Forensic Fees - General,£845.75,Redacted
 23-Feb-23,Electrical Reactive Maintenance,£844.80,BAM FM Ltd
09-Feb-23,Catering Service,£843.49,BFS Group Limited t/a Bidvest Foodservice
 02-Feb-23,Payment for Services,£840.00,The Fleece Hotel (Richmond) Ltd
 16-Feb-23,Training Course Fees,£840.00,Merseyside Fire & Civil Defence Auth.
23-Feb-23,Forensic Fees - General,£840.00,Redacted
 02-Feb-23,Building Reactive Maintenance,£835.66,Graham Asset Management Ltd
 16-Feb-23,Tyres & Tubes,£833.21,Michelin Tyre PLC
09-Feb-23,Training Course Fees,£830.90,College of Policing Limited
 23-Feb-23,Hired Vehicle & Plant,£825.22,Redacted
 23-Feb-23,Hired Vehicle & Plant,£825.22,Redacted
09-Feb-23,H/W Purchases,£820.08,CBC Computer Systems Ltd
23-Feb-23,Building Reactive Maintenance,£818.10, Graham Asset Management Ltd 
 16-Feb-23,Vets Fees,£817.03,Redacted
 16-Feb-23,Support Staff-Temporary Staff Wages,£815.20,Reed Specialist Recruitment Ltd
23-Feb-23,Building Reactive Maintenance,£808.20, Graham Asset Management Ltd 
23-Feb-23,Support Staff-Temporary Staff Wages,£807.85, Reed Specialist Recruitment Ltd 
 02-Feb-23,Garage Equipment,£804.00,Lookers Liverpool
 16-Feb-23,H/W Purchases,£801.60,Dell Corporation Ltd
09-Feb-23,Uniform and Clothing,£800.76,Redacted
 23-Feb-23,Equipment Purchases,£800.00,Halfords Ltd
 02-Feb-23,Support Staff-Temporary Staff Wages,£799.44,Redacted
23-Feb-23,Building Reactive Maintenance,£796.67, Graham Asset Management Ltd 
09-Feb-23,Payment for Services,£795.00,Print Media Ltd
 23-Feb-23,Vehicle Parts,£792.36,Redacted
 16-Feb-23,Vehicle Parts,£791.50,Halliwell Jones Ltd
09-Feb-23,Forensic Fees - General,£789.24,Redacted
 16-Feb-23,Electrical Reactive Maintenance,£785.40,BAM FM Ltd
 16-Feb-23,Support Staff-Temporary Staff Wages,£783.82,Reed Specialist Recruitment Ltd
 02-Feb-23,Building Reactive Maintenance,£780.00,LCM Environmental Services Limited
09-Feb-23,Catering Service,£776.40,Liverpool Coffee Roasters Ltd
 23-Feb-23,Vehicle Parts,£774.68,Halliwell Jones Ltd
 16-Feb-23,Vehicle Parts,£770.82,Halliwell Jones Ltd
09-Feb-23,Support Staff-Temporary Staff Wages,£766.49,Reed Specialist Recruitment Ltd
 16-Feb-23,Technical Equipment,£766.20,Redacted
09-Feb-23,Payment for Services,£766.08,Warehouse Express Ltd t/a Wex Photographic
 16-Feb-23,Medical Counselling,£765.00,Redacted
 23-Feb-23,Vehicle Repairs,£762.00,Redacted
 16-Feb-23,Support Staff-Temporary Staff Wages,£761.71,Reed Specialist Recruitment Ltd
 22-Feb-23,Direct Transport Costs,£758.90,Allstar
 02-Feb-23, Support Staff-Temporary Staff Wages ,£757.61,Reed Specialist Recruitment Ltd
 16-Feb-23,Support Staff-Temporary Staff Wages,£757.61,Reed Specialist Recruitment Ltd
 16-Feb-23,Support Staff-Temporary Staff Wages,£757.61,Redacted
23-Feb-23,Support Staff-Temporary Staff Wages,£757.61, Reed Specialist Recruitment Ltd 
 23-Feb-23,Payment for Services,£754.27,Siemens Plc (Building Technologies)
09-Feb-23,Support Staff-Temporary Staff Wages,£743.08,Reed Specialist Recruitment Ltd
 02-Feb-23,Services and Legal Expenses,£739.20,Redacted
 16-Feb-23,Electrical Reactive Maintenance,£739.01,BAM FM Ltd
 16-Feb-23,Vehicle Parts,£738.50,Liverpool TPS (108631)
 23-Feb-23,Furniture Purchases,£737.46,Posturite (UK) Ltd
 02-Feb-23,Hired Vehicle & Plant,£737.18,Redacted
 23-Feb-23,Electrical Reactive Maintenance,£736.09,BAM FM Ltd
09-Feb-23,Vehicle Crash Repairs,£732.66,Premier Automotive Ltd (Kia)
 02-Feb-23,Payment for Services,£730.64,BFS Group Limited t/a Bidvest Foodservice
 16-Feb-23,Tyres & Tubes,£727.32,ATS Euromaster Ltd
 23-Feb-23,Forensic Fees - General,£727.20,Redacted
 23-Feb-23,Vehicle Parts,£726.54,Euro Car Parts Ltd - Liverpool
 23-Feb-23,Payment for Services,£723.23,M&J Distributors Ltd
 16-Feb-23,Support Staff-Temporary Staff Wages,£718.82,Reed Specialist Recruitment Ltd
 16-Feb-23,Support Staff-Temporary Staff Wages,£718.29,Redacted
 16-Feb-23,Support Staff-Temporary Staff Wages,£718.29,Reed Specialist Recruitment Ltd
 02-Feb-23,Cleaning Equipment,£717.36,Arrow County Supplies
 02-Feb-23,Cleaning and Domestic Supplies,£717.36,Arrow County Supplies
 16-Feb-23,Support Staff-Temporary Staff Wages,£713.63,Reed Specialist Recruitment Ltd
 02-Feb-23,Cleaning and Domestic Supplies,£713.46,Arrow County Supplies
 02-Feb-23,Cleaning and Domestic Supplies,£713.46,Redacted
 02-Feb-23,Cleaning and Domestic Supplies,£707.92,Nilfisk-Advance Ltd
 02-Feb-23,Vehicle Parts,£707.78,Premier Automotive Ltd (Kia)
23-Feb-23,Forensic Fees - General,£707.16,Redacted
09-Feb-23,Support Staff-Temporary Staff Wages,£703.47,Reed Specialist Recruitment Ltd
09-Feb-23,Data Network,£700.00,BT Global Services Solutions
 02-Feb-23,Support Staff-Temporary Staff Wages,£698.49,Redacted
 02-Feb-23,Intermediary Costs,£695.75,Redacted
 02-Feb-23,Support Staff-Temporary Staff Wages,£695.49,Reed Specialist Recruitment Ltd
 02-Feb-23,Support Staff-Temporary Staff Wages,£695.49,Reed Specialist Recruitment Ltd
 02-Feb-23,Support Staff-Temporary Staff Wages,£695.49,Reed Specialist Recruitment Ltd
 02-Feb-23,Support Staff-Temporary Staff Wages,£695.49,Reed Specialist Recruitment Ltd
 02-Feb-23,Support Staff-Temporary Staff Wages,£695.49,Reed Specialist Recruitment Ltd
 02-Feb-23,Support Staff-Temporary Staff Wages,£695.49,Reed Specialist Recruitment Ltd
 02-Feb-23,Support Staff-Temporary Staff Wages,£695.49,Reed Specialist Recruitment Ltd
 02-Feb-23,Support Staff-Temporary Staff Wages,£695.49,Reed Specialist Recruitment Ltd
 02-Feb-23,Support Staff-Temporary Staff Wages,£695.49,Reed Specialist Recruitment Ltd
 16-Feb-23,Forensic Fees - General,£694.84,Redacted
 23-Feb-23,Technical Equipment,£694.19,Redacted
 16-Feb-23,Catering Service,£693.77,BFS Group Limited t/a Bidvest Foodservice
09-Feb-23,Services and Legal Expenses,£693.00,Redacted
09-Feb-23,Telecommunications,£692.75,Gamma Telecom Ltd
23-Feb-23,Building Reactive Maintenance,£692.56, Graham Asset Management Ltd 
09-Feb-23,Vehicle Crash Repairs,£692.40,National Windscreens (J Huggins & Son Ltd)
09-Feb-23,Cleaning and Domestic Supplies,£692.30,Arrow County Supplies
09-Feb-23,Training Course Fees,£690.00,National Crime Agency (NCA)
09-Feb-23,Training Course Fees,£690.00,Redacted
 16-Feb-23,Training Course Fees,£690.00,National Crime Agency (NCA)
 16-Feb-23,Training Course Fees,£690.00,Helston Forensics
 16-Feb-23,Training Course Fees,£690.00,Helston Forensics
23-Feb-23,Support Staff-Temporary Staff Wages,£685.71, Reed Specialist Recruitment Ltd 
09-Feb-23,Payment for Services,£683.10,Redacted
16-Feb-23,Payment for Services,£680.52, Knowsley Chamber of Commerce 
 02-Feb-23,Medical Equipment,£680.45,Redacted
 02-Feb-23,Support Staff-Temporary Staff Wages,£678.94,Reed Specialist Recruitment Ltd
23-Feb-23,Building Reactive Maintenance,£677.77, Graham Asset Management Ltd 
 16-Feb-23,Consultants Fees,£677.12,Redacted
 23-Feb-23,Training Course Fees,£676.80,Vitalograph Ltd
09-Feb-23,Mechanical Reactive Maintenance,£676.54,Redacted
09-Feb-23,Consultants Fees,£675.60,Redacted
 23-Feb-23,Training Course Fees,£675.00,Redacted
 23-Feb-23,Building Reactive Maintenance,£675.00,Graham Asset Management Ltd
 02-Feb-23,Forensic Fees - General,£673.38,Redacted
09-Feb-23,Services and Legal Expenses,£673.20,Redacted
09-Feb-23,H/W Purchases,£670.04,Dell Corporation Ltd
09-Feb-23,H/W Purchases,£670.04, Dell Corporation Ltd 
09-Feb-23,H/W Purchases,£670.04,Dell Corporation Ltd
 16-Feb-23,H/W Purchases,£670.04,Dell Corporation Ltd
 23-Feb-23,H/W Purchases,£670.04,Dell Corporation Ltd
 23-Feb-23,H/W Purchases,£670.04,Dell Corporation Ltd
 23-Feb-23,H/W Purchases,£670.04,Dell Corporation Ltd
 02-Feb-23,Catering Service,£669.14,BFS Group Limited t/a Bidvest Foodservice
 16-Feb-23,Support Staff-Temporary Staff Wages,£668.30,Hays Specialist Recruitment Ltd
09-Feb-23,Services and Legal Expenses,£666.60,Redacted
 16-Feb-23,Consultants Fees,£664.62,Experian Ltd
 16-Feb-23,Consultants Fees,£664.62,Experian Ltd
 16-Feb-23,Consultants Fees,£664.62,Experian Ltd
 16-Feb-23,Consultants Fees,£664.62,Experian Ltd
 16-Feb-23,Consultants Fees,£664.62,Experian Ltd
 23-Feb-23,Consultants Fees,£664.62,Experian Ltd
09-Feb-23,Vehicle Parts,£660.85,Liverpool TPS (108631)
09-Feb-23, Consultants Fees ,£660.00,Emotionally Wealthy People Freyja Theaker
 16-Feb-23,Mechanical Reactive Maintenance,£660.00,BAM FM Ltd
 16-Feb-23,Electrical Reactive Maintenance,£660.00,Redacted
23-Feb-23,Support Staff-Temporary Staff Wages,£652.73, Reed Specialist Recruitment Ltd 
 23-Feb-23,Catering Service,£652.16,BFS Group Limited t/a Bidvest Foodservice
 02-Feb-23,Call Charges,£649.99,Redacted
23-Feb-23,Support Staff-Temporary Staff Wages,£649.07, Hays Specialist Recruitment Ltd 
 02-Feb-23,Medical Specialist,£648.00,Gel Ltd t/a Healthwork
 16-Feb-23,Payment for Services,£648.00,Excel Outdoors Limited
 23-Feb-23,Medical Equipment,£646.69,UK Tactical
 02-Feb-23,Hired Vehicle & Plant,£646.13,Arnold Clark Finance Ltd
 16-Feb-23,Hired Vehicle & Plant,£646.13,Arnold Clark Finance Ltd
02-Feb-23, Building Reactive Maintenance ,£643.52,Graham Asset Management Ltd
09-Feb-23,Vehicle Crash Repairs,£642.79,Halliwell Jones Ltd
09-Feb-23,Operational Equipment,£640.80,Redacted
 02-Feb-23,Support Staff-Temporary Staff Wages,£639.63,Reed Specialist Recruitment Ltd
 02-Feb-23,Technical Equipment,£638.40,Redacted
 16-Feb-23,Electrical Reactive Maintenance,£635.35,Redacted
 02-Feb-23, Medical Equipment ,£633.12,Aero Healthcare Limited
09-Feb-23,Mechanical Reactive Maintenance,£631.26,Redacted
09-Feb-23,Training Course Fees,£630.00,Inn Confidence Ltd
 16-Feb-23,Services and Legal Expenses,£630.00,Redacted
 16-Feb-23,Electrical Reactive Maintenance,£626.24,Redacted
 02-Feb-23,Uniform and Clothing,£625.85,Wm Sugden & Sons Ltd
 02-Feb-23,Tyres & Tubes,£623.14,ATS Euromaster Ltd
 02-Feb-23,Cleaning and Domestic Supplies,£622.38,Arrow County Supplies
 02-Feb-23,Vehicle Parts,£620.81,Ford Motor Company T/A Ford Parts Plus
 02-Feb-23, Vehicle Crash Repairs ,£620.40,National Windscreens (J Huggins & Son Ltd)
09-Feb-23,Hired Vehicle & Plant,£618.58,Arnold Clark Finance Ltd
 23-Feb-23,Hired Vehicle & Plant,£618.58,Redacted
 23-Feb-23,Hired Vehicle & Plant,£618.58,Redacted
 23-Feb-23,Locksmith Reactive Maintenance,£616.81,J.G. Eckersall
09-Feb-23,Forensic Fees - General,£616.68,Redacted
 16-Feb-23,H/W Purchases,£614.83,SCC Specialist Computer Centres PLC
 02-Feb-23,Building Reactive Maintenance,£612.96,Graham Asset Management Ltd
 01-Feb-23,Services and Legal Expenses,£612.12,Allstar
09-Feb-23,Medical Equipment,£612.00,Aero Healthcare Limited
 02-Feb-23,Vehicle Parts,£611.94,Lookers Liverpool
 23-Feb-23,Catering Service,£607.05,BFS Group Limited t/a Bidvest Foodservice
23-Feb-23,Vehicle Parts,£606.22, Robins & Day Parts North West 
 16-Feb-23,Temp Staff Overtime,£603.46,Reed Specialist Recruitment Ltd
 16-Feb-23,Temp Staff Overtime,£603.46,Reed Specialist Recruitment Ltd
 23-Feb-23,Payment for Services,£602.40,Redacted
23-Feb-23, Payment for Services ,£602.40,Countrywide Grounds Maintenance Ltd
 02-Feb-23,Outsourced Contractors,£600.00,PS Administration Ltd (T/A XPS Administration)
09-Feb-23,Operational Equipment,£600.00,Redacted
09-Feb-23,Operational Equipment,£600.00,Redacted
 16-Feb-23,Mechanical Reactive Maintenance,£598.97,BAM FM Ltd
09-Feb-23,Forensic Fees - General,£598.44,Redacted
 16-Feb-23,Electrical Reactive Maintenance,£598.08,BAM FM Ltd
09-Feb-23,Training Course Fees,£597.60,Redacted
09-Feb-23,Support Staff-Temporary Staff Wages,£595.58,Reed Specialist Recruitment Ltd
 02-Feb-23,Locksmith Reactive Maintenance,£594.00,J.G. Eckersall
 02-Feb-23,H/W Purchases,£593.22,Softcat Ltd
09-Feb-23,Support Staff-Temporary Staff Wages,£592.73,Reed Specialist Recruitment Ltd
 23-Feb-23,Vehicle Parts,£591.55,Redacted
 23-Feb-23,Comp. Operations,£591.44,Softcat Ltd
23-Feb-23,Firearms,£590.10, Redacted 
 02-Feb-23,Support Staff-Temporary Staff Wages,£589.70,Hays Specialist Recruitment Ltd
09-Feb-23,Vehicle Repairs,£589.32,Redacted
 02-Feb-23,Support Staff-Temporary Staff Wages,£588.16,Reed Specialist Recruitment Ltd
09-Feb-23,Services and Legal Expenses,£587.40,Redacted
09-Feb-23,Support Staff-Temporary Staff Wages,£587.10,Reed Specialist Recruitment Ltd
09-Feb-23,Support Staff-Temporary Staff Wages,£587.10,Reed Specialist Recruitment Ltd
09-Feb-23,Support Staff-Temporary Staff Wages,£587.10,Reed Specialist Recruitment Ltd
09-Feb-23,Support Staff-Temporary Staff Wages,£587.10,Reed Specialist Recruitment Ltd
09-Feb-23,Support Staff-Temporary Staff Wages,£587.10,Reed Specialist Recruitment Ltd
 16-Feb-23,Forensic Fees - General,£587.04,Redacted
09-Feb-23,Vehicle Parts,£585.06,eStar Truck and Van Ltd
09-Feb-23,Medical Counselling,£585.00,Redacted
 16-Feb-23,Comp. Consumeables,£584.52,Redacted
23-Feb-23,Vehicle Crash Repairs,£583.58, National Windscreens (J Huggins & Son Ltd) 
 03-Feb-23,Printing and Stationery,£583.00,HM Courts & Tribunals Service
 02-Feb-23, Support Staff-Temporary Staff Wages ,£582.12,Reed Specialist Recruitment Ltd
 23-Feb-23,Electrical Reactive Maintenance,£581.76,BAM FM Ltd
 16-Feb-23,Vehicle Crash Repairs,£580.79,National Windscreens (J Huggins & Son Ltd)
 16-Feb-23,Vehicle Crash Repairs,£580.79,National Windscreens (J Huggins & Son Ltd)
23-Feb-23,Support Staff-Temporary Staff Wages,£580.64, Reed Specialist Recruitment Ltd 
 23-Feb-23,Training Course Fees,£580.00,Redacted
 02-Feb-23,Vehicle Parts,£578.45,Euro Car Parts Ltd - Liverpool
 23-Feb-23,Electrical Reactive Maintenance,£577.84,BAM FM Ltd
 23-Feb-23,Technical Equipment,£577.50,Redacted
 02-Feb-23,Building Reactive Maintenance,£576.08,Graham Asset Management Ltd
 16-Feb-23,Vehicle Modifications,£576.00,Redacted
 02-Feb-23,Maintenance of Dogs,£575.40,Robinson Gale-Tash UK Limited
09-Feb-23,Training Course Fees,£575.00,Durham Constabulary
 02-Feb-23,Services and Legal Expenses,£574.20,Redacted
 02-Feb-23,Support Staff-Temporary Staff Wages,£573.98,Reed Specialist Recruitment Ltd
 16-Feb-23,Vehicle Police Equipment,£572.74,Standby RSG UK Ltd
 02-Feb-23,Support Staff-Temporary Staff Wages,£571.70,Reed Specialist Recruitment Ltd
 02-Feb-23,Hired Vehicle & Plant,£568.22,Arnold Clark Finance Ltd
 02-Feb-23,Support Staff-Temporary Staff Wages,£566.26,Reed Specialist Recruitment Ltd
 02-Feb-23,Support Staff-Temporary Staff Wages,£566.18,Reed Specialist Recruitment Ltd
 02-Feb-23,Support Staff-Temporary Staff Wages,£565.16,Reed Specialist Recruitment Ltd
 23-Feb-23,Cleaning and Domestic Supplies,£562.75,Arrow County Supplies
 16-Feb-23,Support Staff-Temporary Staff Wages,£560.87,Hays Specialist Recruitment Ltd
 02-Feb-23,Internet,£559.20,Infrasys Ltd
 02-Feb-23,Operational Equipment,£558.60,Redacted
 16-Feb-23,Support Staff-Temporary Staff Wages,£557.58,Reed Specialist Recruitment Ltd
 16-Feb-23,Support Staff-Temporary Staff Wages,£556.20,Reed Specialist Recruitment Ltd
 23-Feb-23,Uniform and Clothing,£556.20,Redacted
 23-Feb-23,Forensic Fees - General,£555.00,Redacted
 23-Feb-23,Prisoner Meals,£554.94,Bunzl Catering Supplies
23-Feb-23,Training Course Fees,£553.50, Redacted 
 16-Feb-23,Electrical Reactive Maintenance,£551.63,BAM FM Ltd
 23-Feb-23,Vehicle Parts,£549.43,Lookers Liverpool
09-Feb-23,Medical Equipment,£549.00,Healthmed Supplies
 02-Feb-23,Support Staff-Temporary Staff Wages,£548.22,Redacted
 02-Feb-23,Support Staff-Temporary Staff Wages,£546.88,Reed Specialist Recruitment Ltd
 16-Feb-23,Uniform and Clothing,£546.72,Redacted
09-Feb-23,Tyres & Tubes,£546.59,Michelin Tyre PLC
 08-Feb-23,Direct Transport Costs,£544.07,Allstar
 23-Feb-23,Locksmith Customer Spend,£544.01,J.G. Eckersall
23-Feb-23,Building Reactive Maintenance,£542.70, Graham Asset Management Ltd 
 23-Feb-23,Building Reactive Maintenance,£538.20,Redacted
 23-Feb-23,Payment for Services,£537.60,Transoft Solutions (UK) Ltd
 23-Feb-23,Vehicle Parts,£536.27,Halliwell Jones Ltd
23-Feb-23,Building Reactive Maintenance,£534.60, Graham Asset Management Ltd 
09-Feb-23,Vehicle Crash Repairs,£533.84,Redacted
 23-Feb-23,Firearms,£529.44, Redacted 
09-Feb-23,Printing Stationery & Office Exps.,£528.00,Redacted
 02-Feb-23,Electrical Reactive Maintenance,£527.28,BAM FM Ltd
09-Feb-23,Vehicle Parts,£525.64,eStar Truck and Van Ltd
09-Feb-23,Vehicle Parts,£525.64,eStar Truck and Van Ltd
 16-Feb-23,Vehicle Parts,£525.64,eStar Truck and Van Ltd
 23-Feb-23,Training Course Fees,£525.50,Redacted
23-Feb-23,Technical Equipment,£525.46,Redacted
09-Feb-23,Stable Requirements,£525.00,North West Farrier Services Ltd
23-Feb-23,Support Staff-Temporary Staff Wages,£522.67, Reed Specialist Recruitment Ltd 
 16-Feb-23,Electrical Reactive Maintenance,£522.47,BAM FM Ltd
 02-Feb-23,Support Staff-Temporary Staff Wages,£522.15,Reed Specialist Recruitment Ltd
 23-Feb-23,Training Course Fees,£522.00,Redacted
 08-Feb-23,Services and Legal Expenses,£520.66,Allstar
 02-Feb-23,Miscellaneous Contributions,£520.02,Police & Crime Commissioner for Suffolk
09-Feb-23,Payment for Services,£517.50,Redacted
09-Feb-23,Payment for Services,£517.50,Redacted
09-Feb-23,Comp. Operations,£516.00,Redacted
 23-Feb-23,Training Course Fees,£515.00,Redacted
 23-Feb-23,Training Course Fees,£515.00,Redacted
 23-Feb-23,Mechanical Reactive Maintenance,£514.80,BAM FM Ltd
 23-Feb-23,Mechanical Reactive Maintenance,£514.80,Redacted
09-Feb-23,Forensic Fees - General,£513.36,Redacted
 02-Feb-23,Vehicle Repairs,£513.18,A P Fleet Services Ltd
09-Feb-23,Vehicle Parts,£513.16,Ford Motor Company T/A Ford Parts Plus
 02-Feb-23,Mechanical Reactive Maintenance,£512.86,BAM FM Ltd
 16-Feb-23,Vehicle Parts,£511.93,Lookers Liverpool
09-Feb-23,Catering Service,£511.72,BFS Group Limited t/a Bidvest Foodservice
23-Feb-23,Building Reactive Maintenance,£511.25, Graham Asset Management Ltd 
 02-Feb-23,Building Reactive Maintenance,£511.18,Graham Asset Management Ltd
 02-Feb-23,Building Reactive Maintenance,£510.65,Graham Asset Management Ltd
 16-Feb-23,Event Costs,£508.50,Creative Photography
 16-Feb-23,Electrical Reactive Maintenance,£507.43,Redacted
 02-Feb-23,Hired Vehicle & Plant,£506.69,Arnold Clark Finance Ltd
 02-Feb-23,Hired Vehicle & Plant,£506.69,Arnold Clark Finance Ltd
 02-Feb-23,Hired Vehicle & Plant,£506.69,Arnold Clark Finance Ltd
 02-Feb-23,Hired Vehicle & Plant,£506.69,Arnold Clark Finance Ltd
 02-Feb-23,Hired Vehicle & Plant,£506.69,Arnold Clark Finance Ltd
 02-Feb-23,Hired Vehicle & Plant,£506.69,Arnold Clark Finance Ltd
 02-Feb-23, Hired Vehicle & Plant ,£506.69,Arnold Clark Finance Ltd
 02-Feb-23,Hired Vehicle & Plant,£506.69,Arnold Clark Finance Ltd
 02-Feb-23,Hired Vehicle & Plant,£506.69,Arnold Clark Finance Ltd
 02-Feb-23,Hired Vehicle & Plant,£506.69,Arnold Clark Finance Ltd
 02-Feb-23,Hired Vehicle & Plant,£506.69,Arnold Clark Finance Ltd
 02-Feb-23,Hired Vehicle & Plant,£506.69,Arnold Clark Finance Ltd
 02-Feb-23,Hired Vehicle & Plant,£506.69,Arnold Clark Finance Ltd
 02-Feb-23,Hired Vehicle & Plant,£506.69,Arnold Clark Finance Ltd
 02-Feb-23,Hired Vehicle & Plant,£506.69,Arnold Clark Finance Ltd
 02-Feb-23,Hired Vehicle & Plant,£506.69,Arnold Clark Finance Ltd
 02-Feb-23,Hired Vehicle & Plant,£506.69,Arnold Clark Finance Ltd
 02-Feb-23,Hired Vehicle & Plant,£506.69,Arnold Clark Finance Ltd
 02-Feb-23,Hired Vehicle & Plant,£506.69,Arnold Clark Finance Ltd
 02-Feb-23,Hired Vehicle & Plant,£506.69,Arnold Clark Finance Ltd
 02-Feb-23,Hired Vehicle & Plant,£506.69,Arnold Clark Finance Ltd
 02-Feb-23,Hired Vehicle & Plant,£506.69,Arnold Clark Finance Ltd
 02-Feb-23,Hired Vehicle & Plant,£506.69,Arnold Clark Finance Ltd
 02-Feb-23,Hired Vehicle & Plant,£506.69,Arnold Clark Finance Ltd
 02-Feb-23,Hired Vehicle & Plant,£506.69,Arnold Clark Finance Ltd
 02-Feb-23,Hired Vehicle & Plant,£506.69,Arnold Clark Finance Ltd
 02-Feb-23,Hired Vehicle & Plant,£506.69, Arnold Clark Finance Ltd 
 02-Feb-23,Hired Vehicle & Plant,£506.69,Arnold Clark Finance Ltd
 02-Feb-23,Hired Vehicle & Plant,£506.69,Arnold Clark Finance Ltd
 02-Feb-23,Hired Vehicle & Plant,£506.69,Arnold Clark Finance Ltd
 02-Feb-23,Hired Vehicle & Plant,£506.69,Arnold Clark Finance Ltd
 02-Feb-23,Hired Vehicle & Plant,£506.69,Arnold Clark Finance Ltd
09-Feb-23,Hired Vehicle & Plant,£506.69,Arnold Clark Finance Ltd
09-Feb-23,Hired Vehicle & Plant,£506.69,Arnold Clark Finance Ltd
 16-Feb-23,Hired Vehicle & Plant,£506.69,Arnold Clark Finance Ltd
 16-Feb-23,Hired Vehicle & Plant,£506.69,Arnold Clark Finance Ltd
 16-Feb-23,Hired Vehicle & Plant,£506.69,Arnold Clark Finance Ltd
 16-Feb-23,Hired Vehicle & Plant,£506.69,Arnold Clark Finance Ltd
 16-Feb-23,Hired Vehicle & Plant,£506.69,Arnold Clark Finance Ltd
 16-Feb-23,Hired Vehicle & Plant,£506.69,Arnold Clark Finance Ltd
 16-Feb-23,Hired Vehicle & Plant,£506.69,Arnold Clark Finance Ltd
 23-Feb-23,Hired Vehicle & Plant,£506.69,Arnold Clark Finance Ltd
 23-Feb-23,Hired Vehicle & Plant,£506.69,Arnold Clark Finance Ltd
 23-Feb-23,Hired Vehicle & Plant,£506.69,Arnold Clark Finance Ltd
 23-Feb-23,Hired Vehicle & Plant,£506.69,Arnold Clark Finance Ltd
 23-Feb-23,Hired Vehicle & Plant,£506.69,Arnold Clark Finance Ltd
23-Feb-23,Building Reactive Maintenance,£506.26, Graham Asset Management Ltd 
 02-Feb-23,Building Reactive Maintenance,£505.72,Graham Asset Management Ltd
 16-Feb-23,Mechanical Reactive Maintenance,£504.07,BAM FM Ltd
09-Feb-23,Services and Legal Expenses,£504.00,Redacted
09-Feb-23,Tyres & Tubes,£503.52,ATS Euromaster Ltd
 23-Feb-23,Maintenance of Dogs,£502.80,Redacted
 16-Feb-23,Furniture Purchases,£502.75,Manutan
 23-Feb-23,Payment for Services,£502.00,Redacted
 02-Feb-23,Uniforms,£500.00,The Hearing Lab Store
