 ,,,,,
Detail Spend Analysis by Account ,,,,,
 ,,,,,
,,,,,
"
Transaction
Date","

Merchant Category Name","

Merchant","
Transaction
Amount","187,616.99","187,616.99"
22/11/2024,PREMIER INN,PREMIER INN,498.97,,
02/10/2024,MISCELLANEOUS GENERAL MERCHANDISE,WWW.AMAZON.  TA3QB1S04,335.71,,
10/10/2024,COMPUTER SOFTWARE STORES,SP NEON FILTER,287.92,,
18/10/2024,DEPARTMENT STORES,WWW.ARGOS.CO.UK,268.00,,
18/10/2024,DEPARTMENT STORES,WWW.ARGOS.CO.UK,539.95,,
23/10/2024,"DOCTORS, (NOT ELSEWHERE CLASSIFIED)",GHOSH MEDICAL LTD,310.00,,
25/10/2024,"BOOKS,PERIODICALS AND NEWSPAPERS",AB  ABEBOOKS.UK KKX2O7,71.36,,
25/10/2024,BOWLING ALLEYS,TENPIN.CO.UK,108.45,,
27/10/2024,MISCELLANEOUS GENERAL MERCHANDISE,WWW.AMAZON.  TL8FT5WS4,229.99,,
28/10/2024,"EQUIP, FURNITURE, HOME FURNSHNGS STRS (EXCPT APPL)",Dunelm SoftFurnishings,-16.00,,
28/10/2024,"EQUIP, FURNITURE, HOME FURNSHNGS STRS (EXCPT APPL)",Dunelm SoftFurnishings,263.20,,
30/10/2024,BUSINESS SERVICES-NOT ELSEWHERE CLASSIFIED,WWW.PLANNINGPORTAL.CO.,328.00,,
31/10/2024,MISCELLANEOUS AND SPECIALTY RETAIL STORES,AMZNMktplace TR4M088O4,420.00,,
31/10/2024,"COMPUTERS, COMPUTER PERIPHERAL EQUIPMENT, SOFTWARE",DELL PRODUCTS,549.00,,
20/11/2024,MISCELLANEOUS GENERAL MERCHANDISE,AMAZON  TE9ZL4L34,138.65,,
20/11/2024,WOMEN'S READY TO WEAR STORES,Debenhams - DBZ,380.27,,
21/11/2024,DEPARTMENT STORES,WWW.ARGOS.CO.UK,-520.00,,
02/12/2024,"COMMERCIAL ART, GRAPHICS, PHOTOGRAPHY",SHUTTERSTOCK IRELAND L,166.80,,
03/12/2024,BUSINESS SERVICES-NOT ELSEWHERE CLASSIFIED,Vistaprint,213.06,,
06/12/2024,"UTLTS-ELCTRC, GAS, HEATING OIL, SANITARY, WATER",OVO Energy Ltd,250.00,,
06/12/2024,"UTLTS-ELCTRC, GAS, HEATING OIL, SANITARY, WATER",So Energy,250.00,,
15/12/2024,MISCELLANEOUS GENERAL MERCHANDISE,WWW.AMAZON.  6O22O5IY5,500.00,,
15/12/2024,MISCELLANEOUS GENERAL MERCHANDISE,WWW.AMAZON.  LW40M5345,500.00,,
15/12/2024,MISCELLANEOUS GENERAL MERCHANDISE,WWW.AMAZON.  GO5R44D35,500.00,,
17/12/2024,MISCELLANEOUS GENERAL MERCHANDISE,WWW.AMAZON.  LY7969UI5,400.00,,
27/10/2024,DIRECT MARKETING-COMBINATION CATALOG/RETAIL MERCH.,JOHN WILEY & SONS LTD,90.00,,
04/12/2024,DIRECT MARKETING-OTHER DIRECT MARKETERS/NOT ELSEW.,Amazon.co.uk 9G8AG7EZ5,259.00,,
14/10/2024,TRAVELODGE,TRAVELODGE,48.94,,
11/10/2024,FAST FOOD RESTAURANTS,Just Eat,-5.00,,
11/10/2024,FAST FOOD RESTAURANTS,Just Eat,44.14,,
01/10/2024,MISCELLANEOUS AND SPECIALTY RETAIL STORES,AMZNMktplace TA91866V4,12.99,,
09/10/2024,MISCELLANEOUS AND SPECIALTY RETAIL STORES,AMZNMktplace TQ3RF2LQ4,46.97,,
11/10/2024,"COMMERCIAL ART, GRAPHICS, PHOTOGRAPHY",Canva  04301-25301734,10.99,,
15/10/2024,MISCELLANEOUS AND SPECIALTY RETAIL STORES,AMZNMktplace T371P14J4,36.54,,
18/10/2024,"ORGANIZATIONS, CHARITABLE AND SOCIAL SERVICES",FACT LIVERPOOL,21.00,,
18/10/2024,MISCELLANEOUS AND SPECIALTY RETAIL STORES,AMZNMktplace T36X12HA4,8.99,,
22/10/2024,MISCELLANEOUS AND SPECIALTY RETAIL STORES,AMZNMktplace TL2WP4JC4,18.99,,
22/10/2024,MISCELLANEOUS AND SPECIALTY RETAIL STORES,AMZNMktplace TL2J39LR4,9.99,,
06/11/2024,MISCELLANEOUS GENERAL MERCHANDISE,AMAZON  TX85U2SY4,12.98,,
11/11/2024,"COMMERCIAL ART, GRAPHICS, PHOTOGRAPHY",Canva  04332-25552103,10.99,,
14/11/2024,MISCELLANEOUS AND SPECIALTY RETAIL STORES,AMZNMktplace T96PB0C54,33.89,,
26/11/2024,"GAME, TOY, AND HOBBY SHOPS",WWW.LIBERTYGAMES.CO.UK,679.00,,
27/11/2024,MISCELLANEOUS AND SPECIALTY RETAIL STORES,AMZNMktplace TP0TD5HV4,10.61,,
28/11/2024,MISCELLANEOUS AND SPECIALTY RETAIL STORES,AMZNMktplace TP5HS1754,11.19,,
05/12/2024,MISCELLANEOUS GENERAL MERCHANDISE,AMAZON  357725855,569.90,,
05/12/2024,MISCELLANEOUS AND SPECIALTY RETAIL STORES,AMZNMktplace ME9OY5UD5,499.98,,
05/12/2024,MISCELLANEOUS GENERAL MERCHANDISE,AMAZON  I30SV6645,73.50,,
06/12/2024,MISCELLANEOUS GENERAL MERCHANDISE,AMAZON  DP1UT8ZP5,430.00,,
09/12/2024,HARDWARE STORES,Tony Almond Home and,31.94,,
11/12/2024,MISCELLANEOUS AND SPECIALTY RETAIL STORES,AMZNMktplace YB8OX8E85,109.98,,
11/12/2024,"COMMERCIAL ART, GRAPHICS, PHOTOGRAPHY",Canva  04362-27782076,10.99,,
12/12/2024,ELECTRICAL PARTS AND EQUIPMENT,CEX LTD,82.95,,
10/10/2024,DIRECT MARKETING-CONTINUITY/SUBSCRIPTION MERCHANTS,Amazon Prime TQ1OC3NB4,8.99,,
10/11/2024,DIRECT MARKETING-CONTINUITY/SUBSCRIPTION MERCHANTS,Amazon Prime T13R22314,8.99,,
10/12/2024,DIRECT MARKETING-CONTINUITY/SUBSCRIPTION MERCHANTS,Amazon Prime JA7ZG2NI5,8.99,,
17/10/2024,TRAVEL AGENCIES AND TOUR OPERATORS,BOOKING.COM,513.24,,
21/10/2024,TRAVEL AGENCIES AND TOUR OPERATORS,BOOKING.COM,215.00,,
22/10/2024,TRAVEL AGENCIES AND TOUR OPERATORS,BOOKING.COM,683.30,,
22/10/2024,"TRANSPRTN-SUBRBN & LOCAL COMTR PSNGR, INCL FERRIES",MERSEY TRAVEL,74.50,,
24/10/2024,"TRANSPRTN-SUBRBN & LOCAL COMTR PSNGR, INCL FERRIES",MERSEY TRAVEL,74.50,,
11/11/2024,"TRANSPRTN-SUBRBN & LOCAL COMTR PSNGR, INCL FERRIES",MERSEY TRAVEL,74.50,,
11/11/2024,TRANSPORTATION SERVICES NOT ELSEWHERE CLASSIFIED,ORMSKIRK  O #5389,264.00,,
11/11/2024,"TRANSPRTN-SUBRBN & LOCAL COMTR PSNGR, INCL FERRIES",MERSEY TRAVEL,74.50,,
22/11/2024,"TRANSPRTN-SUBRBN & LOCAL COMTR PSNGR, INCL FERRIES",MERSEY TRAVEL,74.50,,
22/11/2024,"TRANSPRTN-SUBRBN & LOCAL COMTR PSNGR, INCL FERRIES",MERSEY TRAVEL,135.10,,
22/11/2024,"TRANSPRTN-SUBRBN & LOCAL COMTR PSNGR, INCL FERRIES",MERSEY TRAVEL,135.10,,
22/11/2024,"TRANSPRTN-SUBRBN & LOCAL COMTR PSNGR, INCL FERRIES",MERSEY TRAVEL,111.80,,
26/11/2024,"TRANSPRTN-SUBRBN & LOCAL COMTR PSNGR, INCL FERRIES",MERSEY TRAVEL,67.55,,
27/11/2024,"TRANSPRTN-SUBRBN & LOCAL COMTR PSNGR, INCL FERRIES",MERSEY TRAVEL,74.50,,
29/11/2024,"TRANSPRTN-SUBRBN & LOCAL COMTR PSNGR, INCL FERRIES",MERSEY TRAVEL,74.50,,
29/11/2024,"TRANSPRTN-SUBRBN & LOCAL COMTR PSNGR, INCL FERRIES",MERSEY TRAVEL,74.50,,
29/11/2024,"TRANSPRTN-SUBRBN & LOCAL COMTR PSNGR, INCL FERRIES",MERSEY TRAVEL,74.50,,
29/11/2024,"TRANSPRTN-SUBRBN & LOCAL COMTR PSNGR, INCL FERRIES",MERSEY TRAVEL,74.50,,
17/12/2024,"TRANSPRTN-SUBRBN & LOCAL COMTR PSNGR, INCL FERRIES",MERSEY TRAVEL,111.80,,
18/12/2024,"TRANSPRTN-SUBRBN & LOCAL COMTR PSNGR, INCL FERRIES",MERSEY TRAVEL,67.55,,
15/10/2024,"CLUBS-CNTRY,MBRSHIP(ATHLET,REC,SPRTS,PRIVATE GOLF",TEAM SPORT KARTING,67.95,,
15/10/2024,MISCELLANEOUS GENERAL MERCHANDISE,AMAZON  T35DV2C14,114.40,,
15/10/2024,"EQUIP, FURNITURE, HOME FURNSHNGS STRS (EXCPT APPL)",bedfactorydirect.co.uk,227.00,,
16/10/2024,MISCELLANEOUS GENERAL MERCHANDISE,AMAZON  T349S2A24,59.94,,
16/10/2024,GENERAL CONTRACTORS/RESIDENTIAL BUILDINGS,Campbell and McGovern,500.00,,
16/10/2024,MISCELLANEOUS GENERAL MERCHANDISE,AMAZON  T388C4LR4,140.97,,
17/10/2024,SCHOOLS & EDUCATIONAL SVC-NOT ELSEWHERE CLASSIFIED,LANCASHIRE CC WEBSITE,38.50,,
18/10/2024,MISCELLANEOUS GENERAL MERCHANDISE,AMAZON  T32NG6HZ4,37.96,,
21/10/2024,"EQUIP, FURNITURE, HOME FURNSHNGS STRS (EXCPT APPL)",bedfactorydirect.co.uk,405.60,,
22/10/2024,MISCELLANEOUS GENERAL MERCHANDISE,AMAZON  TL28C7FK4,299.99,,
24/10/2024,TELECOM INCL PREPAID/RECURRING PHONE SVCS,VIRGIN MEDIA PYMTS,124.16,,
27/10/2024,MISCELLANEOUS GENERAL MERCHANDISE,WWW.AMAZON.  TL06Z4W94,22.66,,
07/11/2024,DEPARTMENT STORES,WWW.ARGOS.CO.UK,199.00,,
13/11/2024,FLORISTS,Stems Florist,35.00,,
15/11/2024,GENERAL CONTRACTORS/RESIDENTIAL BUILDINGS,Campbell and McGovern,603.00,,
18/11/2024,SCHOOLS & EDUCATIONAL SVC-NOT ELSEWHERE CLASSIFIED,LANCASHIRE CC WEBSITE,12.50,,
19/11/2024,GOVERNMENT SERVICES-NOT ELSEWHERE CLASSIFIED,HMCTS CHILD ORDER,255.00,,
19/11/2024,GOVERNMENT SERVICES-NOT ELSEWHERE CLASSIFIED,DRIVING LICENCE WEB,34.00,,
20/11/2024,MISCELLANEOUS AND SPECIALTY RETAIL STORES,AMZNMktplace TE2C45F84,14.98,,
20/11/2024,MISCELLANEOUS GENERAL MERCHANDISE,AMAZON  T95HL8YN4,109.99,,
21/11/2024,MISCELLANEOUS GENERAL MERCHANDISE,AMAZON  TE6AW1Z54,79.98,,
21/11/2024,MISCELLANEOUS AND SPECIALTY RETAIL STORES,AMZNMktplace TE7GH6354,38.95,,
25/11/2024,MISCELLANEOUS GENERAL MERCHANDISE,AMAZON  TE6AW1Z54,-79.98,,
28/11/2024,MISCELLANEOUS GENERAL MERCHANDISE,AMAZON  TP3MF4I14,95.98,,
29/11/2024,DEPARTMENT STORES,Argos,21.00,,
29/11/2024,DEPARTMENT STORES,Argos,454.95,,
02/12/2024,DEPARTMENT STORES,WWW.ARGOS.CO.UK,424.00,,
05/12/2024,GOVERNMENT SERVICES-NOT ELSEWHERE CLASSIFIED,GEN REGISTER OFFICE,-12.50,,
05/12/2024,GOVERNMENT SERVICES-NOT ELSEWHERE CLASSIFIED,GEN REGISTER OFFICE,16.00,,
05/12/2024,DEPARTMENT STORES,WWW.ARGOS.CO.UK,93.95,,
10/12/2024,"EQUIPMENT RENTAL&LEASING SVS, FURNTURE/TOOL RENTAL",BARRY S SKIP HIRE,265.20,,
11/12/2024,DEPARTMENT STORES,WWW.ARGOS.CO.UK,190.00,,
12/12/2024,GOVERNMENT SERVICES-NOT ELSEWHERE CLASSIFIED,GEN REGISTER OFFICE,77.00,,
12/12/2024,DEPARTMENT STORES,WWW.ARGOS.CO.UK,63.00,,
13/12/2024,DEPARTMENT STORES,WWW.ARGOS.CO.UK,235.95,,
13/12/2024,GOVERNMENT SERVICES-NOT ELSEWHERE CLASSIFIED,GEN REGISTER OFFICE,28.50,,
13/12/2024,TELECOM INCL PREPAID/RECURRING PHONE SVCS,VIRGIN MEDIA PYMTS,124.16,,
18/12/2024,TELECOM INCL PREPAID/RECURRING PHONE SVCS,VIRGIN MEDIA PYMTS,131.66,,
18/12/2024,MISCELLANEOUS AND SPECIALTY RETAIL STORES,The Windmill Special N,762.60,,
29/11/2024,"AUTOMOTIVE PARTS, ACCESSORIES STORES",HALFORDS E.COMM,168.00,,
06/11/2024,DIRECT MARKETING-OTHER DIRECT MARKETERS/NOT ELSEW.,Amazon.co.uk TX7TN36X4,39.98,,
02/10/2024,PASSENGER RAILWAYS,WWW.MERSEYRAIL.ORG,6.20,,
15/10/2024,PASSENGER RAILWAYS,WWW.MERSEYRAIL.ORG,6.20,,
24/10/2024,PASSENGER RAILWAYS,WWW.MERSEYRAIL.ORG,6.20,,
24/10/2024,PASSENGER RAILWAYS,WWW.MERSEYRAIL.ORG,6.20,,
06/11/2024,PASSENGER RAILWAYS,WWW.MERSEYRAIL.ORG,6.20,,
02/10/2024,"LODGING-HOTELS,MOTELS,RESORTS-NOT CLASSIFIED",THE PICTURE HOUSE APAR,150.00,,
04/10/2024,"LODGING-HOTELS,MOTELS,RESORTS-NOT CLASSIFIED",THE PICTURE HOUSE APAR,900.00,,
15/10/2024,TRAVELODGE,TRAVELODGE,246.77,,
20/11/2024,PREMIER INN,PREMIER INN,696.00,,
25/11/2024,PREMIER INN,PREMIER INN,102.00,,
26/11/2024,TRAVELODGE,TRAVELODGE,241.66,,
26/11/2024,"LODGING-HOTELS,MOTELS,RESORTS-NOT CLASSIFIED",Waterfront S Waterfron,684.70,,
26/11/2024,"LODGING-HOTELS,MOTELS,RESORTS-NOT CLASSIFIED",Waterfront S Waterfron,666.70,,
27/11/2024,PREMIER INN,PREMIER INN,571.00,,
06/12/2024,TRAVELODGE,TRAVELODGE,194.78,,
09/12/2024,TRAVELODGE,TRAVELODGE,76.48,,
09/12/2024,TRAVELODGE,TRAVELODGE,95.84,,
09/12/2024,TRAVELODGE,TRAVELODGE,35.68,,
09/12/2024,TRAVELODGE,TRAVELODGE,813.75,,
30/12/2024,TRAVELODGE,TRAVELODGE,170.29,,
12/11/2024,TRAVEL AGENCIES AND TOUR OPERATORS,HOTELSONE9009448513722,226.51,,
25/11/2024,TRAVEL AGENCIES AND TOUR OPERATORS,HOTELSONE9009448513722,-226.51,,
12/11/2024,FLORISTS,SUTTON FLORIST,45.00,,
12/11/2024,FLORISTS,SUTTON FLORIST,40.00,,
13/11/2024,LAWN AND GARDEN SUPPLY STORES,JA JONES,17.40,,
27/11/2024,MISCELLANEOUS AND SPECIALTY RETAIL STORES,AMZNMktplace TP1W62BE4,10.95,,
27/11/2024,ELECTRICAL PARTS AND EQUIPMENT,FARNELL,189.36,,
27/11/2024,MISCELLANEOUS AND SPECIALTY RETAIL STORES,AMZNMktplace TP4V24B24,28.78,,
28/11/2024,MISCELLANEOUS AND SPECIALTY RETAIL STORES,AMZNMktplace TP1ZK7IK4,28.37,,
29/11/2024,MISCELLANEOUS AND SPECIALTY RETAIL STORES,Picrights Europe GmbH,375.00,,
16/12/2024,MISCELLANEOUS AND SPECIALTY RETAIL STORES,AMZNMktplace ND6CZ9EJ5,63.60,,
27/12/2024,"GIFT, CARD, NOVELTY AND SOUVENIR SHOPS",WWW.THEGLOWCOMPANY.CO.,378.20,,
27/10/2024,DIRECT MARKETING-CONTINUITY/SUBSCRIPTION MERCHANTS,Amazon Prime TL8VN3W34,8.99,,
27/11/2024,DIRECT MARKETING-CONTINUITY/SUBSCRIPTION MERCHANTS,Amazon Prime TP9126BG4,8.99,,
27/12/2024,DIRECT MARKETING-CONTINUITY/SUBSCRIPTION MERCHANTS,Amazon Prime UL0IZ5NX5,8.99,,
08/11/2024,GOVERNMENT SERVICES-NOT ELSEWHERE CLASSIFIED,LIVERPOOL CITY COUNCIL,38.50,,
29/11/2024,GOVERNMENT SERVICES-NOT ELSEWHERE CLASSIFIED,LIVERPOOL CITY COUNCIL,38.50,,
29/11/2024,SCHOOLS & EDUCATIONAL SVC-NOT ELSEWHERE CLASSIFIED,LANCASHIRE CC WEBSITE,38.50,,
04/12/2024,GOVERNMENT SERVICES-NOT ELSEWHERE CLASSIFIED,LIVERPOOL CITY COUNCIL,-38.50,,
10/12/2024,SCHOOLS & EDUCATIONAL SVC-NOT ELSEWHERE CLASSIFIED,LANCASHIRE CC WEBSITE,38.50,,
17/12/2024,SCHOOLS & EDUCATIONAL SVC-NOT ELSEWHERE CLASSIFIED,LANCASHIRE CC WEBSITE,-38.50,,
17/12/2024,SCHOOLS & EDUCATIONAL SVC-NOT ELSEWHERE CLASSIFIED,LANCASHIRE CC WEBSITE,77.00,,
17/12/2024,SCHOOLS & EDUCATIONAL SVC-NOT ELSEWHERE CLASSIFIED,LANCASHIRE CC WEBSITE,38.50,,
18/12/2024,TAX PAYMENTS,HTTPS://WWW.DUDLEY.GOV,38.50,,
24/10/2024,GOVERNMENT SERVICES-NOT ELSEWHERE CLASSIFIED,LIVERPOOL CITY COUNCIL,38.50,,
07/11/2024,GOVERNMENT SERVICES-NOT ELSEWHERE CLASSIFIED,LIVERPOOL CITY COUNCIL,38.50,,
12/12/2024,"COMMERCIAL ART, GRAPHICS, PHOTOGRAPHY",Canva  04362-48574472,399.39,,
19/12/2024,GOVERNMENT SERVICES-NOT ELSEWHERE CLASSIFIED,LIVERPOOL CITY COUNCIL,12.50,,
23/10/2024,"AUTOMOTIVE PARTS, ACCESSORIES STORES",HALFORDS E.COMM,235.00,,
24/10/2024,"AUTOMOTIVE PARTS, ACCESSORIES STORES",HALFORDS E.COMM,235.00,,
28/12/2024,TRAVELODGE,TRAVELODGE,238.12,,
29/12/2024,TRAVELODGE,TRAVELODGE,77.49,,
01/10/2024,MISCELLANEOUS GENERAL MERCHANDISE,WWW.AMAZON.  TA9XX46D4,15.57,,
08/10/2024,"GROCERY STORES, SUPERMARKETS",TESCO STORES 5301,4.98,,
09/10/2024,"GROCERY STORES, SUPERMARKETS",ALDI 4 778,11.92,,
10/10/2024,"GROCERY STORES, SUPERMARKETS",TESCO STORES 5301,7.68,,
10/10/2024,"GROCERY STORES, SUPERMARKETS",TESCO STORES 5301,3.44,,
15/10/2024,"GROCERY STORES, SUPERMARKETS",TESCO STORES 5301,4.54,,
16/10/2024,"GROCERY STORES, SUPERMARKETS",TESCO STORES 5301,7.68,,
20/10/2024,MISCELLANEOUS GENERAL MERCHANDISE,AMAZON  T331K0U64,23.97,,
21/10/2024,"GROCERY STORES, SUPERMARKETS",TESCO STORES 5301,4.24,,
22/10/2024,"GROCERY STORES, SUPERMARKETS",TESCO STORES 5301,14.25,,
23/10/2024,MISCELLANEOUS GENERAL MERCHANDISE,AMAZON  TL2B15PM4,10.99,,
25/10/2024,"ASSOCIATIONS-CIVIC, SOCIAL, AND FRATERNAL",Education Ecom,650.00,,
27/10/2024,RECORD SHOPS,APPLE.COM/BILL,0.99,,
31/10/2024,"GROCERY STORES, SUPERMARKETS",ASDA STORES,13.23,,
05/11/2024,"GROCERY STORES, SUPERMARKETS",TESCO STORES 5301,11.75,,
10/11/2024,MISCELLANEOUS AND SPECIALTY RETAIL STORES,AMZNMktplace T13SZ0EY4,7.99,,
11/11/2024,"GROCERY STORES, SUPERMARKETS",TESCO STORES 5301,4.24,,
12/11/2024,"GROCERY STORES, SUPERMARKETS",TESCO STORES 5301,9.60,,
17/11/2024,MISCELLANEOUS AND SPECIALTY RETAIL STORES,AMZNMktplace T99X16574,144.97,,
21/11/2024,"GROCERY STORES, SUPERMARKETS",TESCO STORES 5301,7.68,,
25/11/2024,"GROCERY STORES, SUPERMARKETS",ALDI 37 773,12.51,,
02/12/2024,"GROCERY STORES, SUPERMARKETS",ALDI 9 778,14.50,,
02/12/2024,"COMMERCIAL ART, GRAPHICS, PHOTOGRAPHY",Canva  04352-28330980,99.99,,
03/12/2024,MISCELLANEOUS AND SPECIALTY RETAIL STORES,AMZNMktplace I10VM7K45,39.99,,
03/12/2024,"GROCERY STORES, SUPERMARKETS",LIDL GB MAGHULL,23.77,,
03/12/2024,MISCELLANEOUS AND SPECIALTY RETAIL STORES,AMZNMktplace DH5L07DN5,12.98,,
09/12/2024,"GROCERY STORES, SUPERMARKETS",ALDI 80 778,13.57,,
16/12/2024,MISCELLANEOUS GENERAL MERCHANDISE,HOME BARGAINS FORMBY,18.26,,
21/12/2024,MISCELLANEOUS AND SPECIALTY RETAIL STORES,AMZNMktplace O27IZ1FN5,41.65,,
04/11/2024,DIRECT MARKETING-OTHER DIRECT MARKETERS/NOT ELSEW.,Amazon.co.uk TX09G20D4,39.00,,
27/11/2024,DIGITAL GOODS MULTI CATEGORY,APPLE.COM/BILL,0.99,,
27/12/2024,DIGITAL GOODS MULTI CATEGORY,APPLE.COM/BILL,0.99,,
22/10/2024,PROFESSIONAL SERVICES-NOT ELSEWHERE CLASSIFIED,FIND A WILL,1.50,,
29/10/2024,PASSENGER RAILWAYS,TRAINLINE,80.38,,
09/10/2024,PROFESSIONAL SERVICES-NOT ELSEWHERE CLASSIFIED,BLOOMSBURYPROFESSIONAL,85.00,,
09/10/2024,BUSINESS SERVICES-NOT ELSEWHERE CLASSIFIED,FEE2PAYONLINE,1.50,,
18/10/2024,AUTOMOBILE PARKING LOTS AND GARAGES,Q PARK ONLINE SALES UK,3.90,,
28/12/2024,"LODGING-HOTELS,MOTELS,RESORTS-NOT CLASSIFIED",Hotel at Booking.com,84.00,,
16/11/2024,"PUBLIC WAREHOUSING-FARM, REFRIG GOODS, HHG STORAGE",WWW.SMART-STORAGE.CO.U,-45.01,,
14/10/2024,PASSENGER RAILWAYS,WWW.MERSEYRAIL.ORG,6.20,,
25/10/2024,PASSENGER RAILWAYS,WWW.MERSEYRAIL.ORG,6.20,,
08/11/2024,PASSENGER RAILWAYS,WWW.MERSEYRAIL.ORG,6.20,,
14/11/2024,PASSENGER RAILWAYS,WWW.MERSEYRAIL.ORG,6.20,,
14/11/2024,PASSENGER RAILWAYS,WWW.MERSEYRAIL.ORG,6.20,,
14/11/2024,PASSENGER RAILWAYS,WWW.MERSEYRAIL.ORG,6.20,,
14/11/2024,PASSENGER RAILWAYS,WWW.MERSEYRAIL.ORG,6.20,,
14/10/2024,TRAVELODGE,TRAVELODGE,69.33,,
14/10/2024,TRAVELODGE,TRAVELODGE,189.68,,
16/10/2024,TRAVELODGE,TRAVELODGE,202.92,,
05/11/2024,TRAVELODGE,TRAVELODGE,284.51,,
14/11/2024,TRAVELODGE,TRAVELODGE,37.72,,
14/11/2024,TRAVELODGE,TRAVELODGE,31.60,,
18/11/2024,TRAVELODGE,TRAVELODGE,62.19,,
21/11/2024,TRAVELODGE,TRAVELODGE,685.35,,
02/12/2024,TRAVELODGE,TRAVELODGE,36.70,,
15/10/2024,PROFESSIONAL SERVICES-NOT ELSEWHERE CLASSIFIED,FIND A WILL,1.50,,
29/10/2024,PROFESSIONAL SERVICES-NOT ELSEWHERE CLASSIFIED,FIND A WILL,1.50,,
29/10/2024,PROFESSIONAL SERVICES-NOT ELSEWHERE CLASSIFIED,FIND A WILL,1.50,,
06/10/2024,"CONSULTING, MANAGEMENT, AND PUBLIC RELATIONS SVCS",INSTANTCHAPTERS,7.09,,
15/10/2024,ADVERTISING SERVICES,LinkedIn JOB 997229801,474.70,,
17/10/2024,"COMMERCIAL ART, GRAPHICS, PHOTOGRAPHY",SHUTTERSTOCK IRELAND L,"2,520.00",,
18/10/2024,BUSINESS SERVICES-NOT ELSEWHERE CLASSIFIED,SITEGROUND HOSTING,503.86,,
19/10/2024,BUSINESS SERVICES-NOT ELSEWHERE CLASSIFIED,SITEGROUND HOSTING,17.99,,
20/10/2024,ADVERTISING SERVICES,LinkedIn JOB 998389965,491.06,,
23/10/2024,BUSINESS SERVICES-NOT ELSEWHERE CLASSIFIED,WWW.PLANNINGPORTAL.CO.,190.00,,
28/10/2024,"COMMERCIAL ART, GRAPHICS, PHOTOGRAPHY",Canva  04318-47099033,28.96,,
01/11/2024,COMPUTER SOFTWARE STORES,DNH SUCURI WEBSITE SEC,923.53,,
06/11/2024,"CONSULTING, MANAGEMENT, AND PUBLIC RELATIONS SVCS",INSTANTCHAPTERS,7.17,,
07/11/2024,ADVERTISING SERVICES,LinkedIn JOB 100231957,468.24,,
11/11/2024,"TYPESETTING, PLATE MAKING & RELATED SERVICES",signomatic.co.uk,45.08,,
24/11/2024,ADVERTISING SERVICES,LinkedIn JOB 100558932,516.00,,
28/11/2024,"COMMERCIAL ART, GRAPHICS, PHOTOGRAPHY",Canva  04349-42130740,28.96,,
30/11/2024,TELECOM INCL PREPAID/RECURRING PHONE SVCS,ZOOM.US 888-799-9666,129.90,,
02/12/2024,"COMMERCIAL ART, GRAPHICS, PHOTOGRAPHY",Canva  04353-30543504,10.89,,
04/12/2024,MISCELLANEOUS GENERAL MERCHANDISE,WWW.AMAZON.  B46BI5PZ5,12.39,,
06/12/2024,"CONSULTING, MANAGEMENT, AND PUBLIC RELATIONS SVCS",INSTANTCHAPTERS,7.31,,
11/12/2024,ADVERTISING SERVICES,LinkedIn JOB 100862433,504.13,,
17/12/2024,"COMMERCIAL ART, GRAPHICS, PHOTOGRAPHY",Canva  04368-38146212,"1,440.00",,
28/12/2024,"COMMERCIAL ART, GRAPHICS, PHOTOGRAPHY",Canva  04379-28893621,28.96,,
28/10/2024,TRAVEL AGENCIES AND TOUR OPERATORS,BOOKING.COM,167.15,,
24/12/2024,TRAVEL AGENCIES AND TOUR OPERATORS,BOOKING.COM,108.94,,
27/12/2024,TRAVEL AGENCIES AND TOUR OPERATORS,BOOKING.COM,138.70,,
04/10/2024,"LODGING-HOTELS,MOTELS,RESORTS-NOT CLASSIFIED",THE STABLES INN,244.00,,
15/10/2024,TRAVELODGE,TRAVELODGE,74.44,,
17/10/2024,TRAVELODGE,TRAVELODGE,41.80,,
22/11/2024,PREMIER INN,PREMIER INN,289.00,,
05/12/2024,TRAVELODGE,TRAVELODGE,49.96,,
30/12/2024,TRAVELODGE,TRAVELODGE,33.64,,
05/10/2024,FAST FOOD RESTAURANTS,Just Eat,25.93,,
16/10/2024,FAST FOOD RESTAURANTS,Just Eat,40.59,,
06/12/2024,FAST FOOD RESTAURANTS,Just Eat,49.38,,
26/12/2024,"UTLTS-ELCTRC, GAS, HEATING OIL, SANITARY, WATER",UTILITA ENERGY LIMITED,25.00,,
31/10/2024,ELECTRONIC SALES,REMARKABLE,2.99,,
27/11/2024,BUSINESS SERVICES-NOT ELSEWHERE CLASSIFIED,EB  ORGANISATIONAL DEV,163.20,,
30/11/2024,ELECTRONIC SALES,REMARKABLE,2.99,,
12/12/2024,COMPUTER SOFTWARE STORES,LOVO INC,379.02,,
31/12/2024,ELECTRONIC SALES,REMARKABLE,2.99,,
15/10/2024,"BUILDING MATERIALS, LUMBER STORES",WWW.ASPLI.COM,547.80,,
15/10/2024,MISCELLANEOUS GENERAL MERCHANDISE,WWW.AMAZON.  T30XJ3CP4,27.94,,
04/11/2024,"BUILDING MATERIALS, LUMBER STORES",SCREWFIX DIRECT,26.49,,
15/11/2024,MISCELLANEOUS GENERAL MERCHANDISE,AMAZON  T985V03G4,30.99,,
02/12/2024,MISCELLANEOUS GENERAL MERCHANDISE,B&M 435 - HS SWITCH IS,980.61,,
02/12/2024,MISCELLANEOUS GENERAL MERCHANDISE,B&M 435 - HS SWITCH IS,946.43,,
02/12/2024,MISCELLANEOUS GENERAL MERCHANDISE,B&M 435 - HS SWITCH IS,638.00,,
19/12/2024,HARDWARE STORES,Tony Almond Home and,"1,000.00",,
19/12/2024,HARDWARE STORES,Tony Almond Home and,"1,000.00",,
15/10/2024,DIRECT MARKETING-OTHER DIRECT MARKETERS/NOT ELSEW.,Amazon.co.uk T319A3OR4,91.80,,
03/10/2024,HOME SUPPLY WAREHOUSE STORES,WICKES AINTREE,64.00,,
04/10/2024,HOME SUPPLY WAREHOUSE STORES,B & Q 1132,25.00,,
04/10/2024,"BUILDING MATERIALS, LUMBER STORES",TOOLSTATION LTD,4.38,,
07/10/2024,"BUILDING MATERIALS, LUMBER STORES",TRAVIS PERKINS TRADING,45.84,,
08/10/2024,"BUILDING MATERIALS, LUMBER STORES",TRAVIS PERKINS TRADING,53.09,,
10/10/2024,"BUILDING MATERIALS, LUMBER STORES",TRAVIS PERKINS TRADING,62.82,,
10/10/2024,"BUILDING MATERIALS, LUMBER STORES",TOOLSTATION LTD,8.92,,
14/10/2024,HOME SUPPLY WAREHOUSE STORES,WICKES AINTREE,6.00,,
15/10/2024,"BUILDING MATERIALS, LUMBER STORES",TRAVIS PERKINS TRADING,236.41,,
17/10/2024,"BUILDING MATERIALS, LUMBER STORES",TRAVIS PERKINS TRADING,45.12,,
17/10/2024,"BUILDING MATERIALS, LUMBER STORES",TOOLSTATION LTD,16.53,,
21/10/2024,HOME SUPPLY WAREHOUSE STORES,WICKES AINTREE,11.00,,
22/10/2024,HOME SUPPLY WAREHOUSE STORES,B & Q 1132,11.56,,
24/10/2024,"BUILDING MATERIALS, LUMBER STORES",TOOLSTATION LTD,10.78,,
25/10/2024,"BUILDING MATERIALS, LUMBER STORES",TRAVIS PERKINS TRADING,87.36,,
28/10/2024,"BUILDING MATERIALS, LUMBER STORES",TRAVIS PERKINS TRADING,69.12,,
28/10/2024,"BUILDING MATERIALS, LUMBER STORES",TOOLSTATION LTD,4.49,,
29/10/2024,"BUILDING MATERIALS, LUMBER STORES",TRAVIS PERKINS TRADING,213.36,,
30/10/2024,HARDWARE EQUIPMENT AND SUPPLIES,JOSEPH PARR LTD,51.11,,
30/10/2024,"BUILDING MATERIALS, LUMBER STORES",TOOLSTATION LTD,33.77,,
31/10/2024,"BUILDING MATERIALS, LUMBER STORES",TRAVIS PERKINS TRADING,20.88,,
04/11/2024,HARDWARE EQUIPMENT AND SUPPLIES,JOSEPH PARR LTD,18.65,,
04/11/2024,"BUILDING MATERIALS, LUMBER STORES",TRAVIS PERKINS TRADING,22.56,,
05/11/2024,HARDWARE EQUIPMENT AND SUPPLIES,JOSEPH PARR LTD,72.65,,
05/11/2024,HOME SUPPLY WAREHOUSE STORES,B & Q 1132,29.94,,
05/11/2024,"BUILDING MATERIALS, LUMBER STORES",TOOLSTATION LTD,7.37,,
05/11/2024,"BUILDING MATERIALS, LUMBER STORES",SCREWFIX DIR LTD,124.99,,
07/11/2024,"BUILDING MATERIALS, LUMBER STORES",TRAVIS PERKINS TRADING,11.28,,
08/11/2024,HARDWARE EQUIPMENT AND SUPPLIES,JOSEPH PARR LTD,18.65,,
11/11/2024,"BUILDING MATERIALS, LUMBER STORES",TRAVIS PERKINS TRADING,185.28,,
11/11/2024,HARDWARE EQUIPMENT AND SUPPLIES,JOSEPH PARR LTD,37.30,,
12/11/2024,"BUILDING MATERIALS, LUMBER STORES",TRAVIS PERKINS TRADING,23.04,,
12/11/2024,HARDWARE EQUIPMENT AND SUPPLIES,JOSEPH PARR LTD,37.30,,
12/11/2024,HARDWARE EQUIPMENT AND SUPPLIES,JOSEPH PARR LTD,18.65,,
12/11/2024,"BUILDING MATERIALS, LUMBER STORES",TOOLSTATION LTD,5.49,,
13/11/2024,"BUILDING MATERIALS, LUMBER STORES",TRAVIS PERKINS TRADING,106.06,,
15/11/2024,HOME SUPPLY WAREHOUSE STORES,B & Q 1132,19.96,,
19/11/2024,HARDWARE EQUIPMENT AND SUPPLIES,JOSEPH PARR LTD,18.65,,
20/11/2024,HARDWARE EQUIPMENT AND SUPPLIES,JOSEPH PARR LTD,27.97,,
20/11/2024,HOME SUPPLY WAREHOUSE STORES,WICKES AINTREE,64.00,,
21/11/2024,"BUILDING MATERIALS, LUMBER STORES",SCREWFIX DIR LTD,175.03,,
22/11/2024,"BUILDING MATERIALS, LUMBER STORES",TRAVIS PERKINS TRADING,227.04,,
26/11/2024,HOME SUPPLY WAREHOUSE STORES,B & Q 1132,12.00,,
27/11/2024,"BUILDING MATERIALS, LUMBER STORES",TRAVIS PERKINS TRADING,7.99,,
27/11/2024,HARDWARE EQUIPMENT AND SUPPLIES,JOSEPH PARR LTD,4.79,,
02/12/2024,"BUILDING MATERIALS, LUMBER STORES",TRAVIS PERKINS TRADING,62.64,,
02/12/2024,"BUILDING MATERIALS, LUMBER STORES",TOOLSTATION LTD,12.47,,
06/12/2024,"BUILDING MATERIALS, LUMBER STORES",SCREWFIX DIR LTD,99.98,,
12/12/2024,HARDWARE EQUIPMENT AND SUPPLIES,JOSEPH PARR LTD,11.88,,
17/12/2024,"BUILDING MATERIALS, LUMBER STORES",TRAVIS PERKINS TRADING,23.28,,
18/12/2024,"BUILDING MATERIALS, LUMBER STORES",TOOLSTATION LTD,4.98,,
19/12/2024,"BUILDING MATERIALS, LUMBER STORES",TRAVIS PERKINS TRADING,190.80,,
20/12/2024,"HAT CLEANING SHOPS, SHOE REPAIR SHOPS, SHOE SHINE",TIMPSON LIMITED,24.00,,
20/12/2024,"BUILDING MATERIALS, LUMBER STORES",SCREWFIX DIR LTD,81.94,,
04/12/2024,PARK PLAZA HOTEL,PARK PLAZA HOTEL,501.50,,
04/12/2024,"LODGING-HOTELS,MOTELS,RESORTS-NOT CLASSIFIED",Park Plaza Hospitality,27.00,,
04/12/2024,"LODGING-HOTELS,MOTELS,RESORTS-NOT CLASSIFIED",Park Plaza Hospitality,27.00,,
04/12/2024,"LODGING-HOTELS,MOTELS,RESORTS-NOT CLASSIFIED",Park Plaza Hospitality,31.50,,
04/12/2024,"LODGING-HOTELS,MOTELS,RESORTS-NOT CLASSIFIED",Park Plaza Hospitality,9.00,,
05/12/2024,"LODGING-HOTELS,MOTELS,RESORTS-NOT CLASSIFIED",Park Plaza Hospitality,61.31,,
05/12/2024,"LODGING-HOTELS,MOTELS,RESORTS-NOT CLASSIFIED",Park Plaza Hospitality,24.75,,
05/12/2024,"LODGING-HOTELS,MOTELS,RESORTS-NOT CLASSIFIED",Park Plaza Hospitality,76.50,,
04/10/2024,GOVERNMENT SERVICES-NOT ELSEWHERE CLASSIFIED,LIVERPOOL CITY COUNCIL,38.50,,
07/10/2024,MISCELLANEOUS AND SPECIALTY RETAIL STORES,AMZNMktplace TO62A0HP4,14.98,,
11/10/2024,"INSURANCE SALES,UNDERWRITING,AND PREMIUMS",AXA INSURANCE UK P,177.73,,
15/10/2024,"HAT CLEANING SHOPS, SHOE REPAIR SHOPS, SHOE SHINE",TIMPSON LIMITED,415.00,,
16/10/2024,MISCELLANEOUS GENERAL MERCHANDISE,B&M 171 - BOOTLE,8.96,,
17/10/2024,MISCELLANEOUS GENERAL MERCHANDISE,AMAZON  T33788GI4,20.95,,
18/10/2024,"ORGANIZATIONS, MEMBERSHIP-NOT ELSEWHERE CLASSIFIED",CITIZENCARD,35.00,,
19/10/2024,"BUYING/SHOPPING CLUBS, SERVICES",Costco Wholesale #104,105.81,,
22/10/2024,"ORGANIZATIONS, MEMBERSHIP-NOT ELSEWHERE CLASSIFIED",unitetheunion.org,54.00,,
22/10/2024,MISCELLANEOUS AND SPECIALTY RETAIL STORES,SumUp   PartyZone,70.00,,
24/10/2024,"BUYING/SHOPPING CLUBS, SERVICES",Costco Wholesale #104,177.95,,
24/10/2024,"GROCERY STORES, SUPERMARKETS",ALDI 21 778,74.63,,
24/10/2024,"GROCERY STORES, SUPERMARKETS",ASDA  STORES 5849,9.50,,
25/10/2024,"GROCERY STORES, SUPERMARKETS",ALDI 21 778,53.93,,
25/10/2024,MISCELLANEOUS GENERAL MERCHANDISE,B&M 171 - BOOTLE,8.00,,
25/10/2024,"MISC FOOD STORE-CONVENIENCE,MRKT,SPLTY,VENDNG MACS",LONGTON HALL FARM LTD,90.00,,
30/10/2024,"GROCERY STORES, SUPERMARKETS",ASDA GEORGE COM LEEDS,75.00,,
01/11/2024,MISCELLANEOUS GENERAL MERCHANDISE,WWW.AMAZON.  TR61V52F4,30.00,,
01/11/2024,DEPARTMENT STORES,TJ HUGHES - BOOTLE,40.00,,
05/11/2024,MISCELLANEOUS GENERAL MERCHANDISE,HOME BARGAINS/STRAND,6.48,,
14/11/2024,MISCELLANEOUS GENERAL MERCHANDISE,HOME BARGAINS/STRAND,9.21,,
14/11/2024,DEPARTMENT STORES,TJ HUGHES - BOOTLE,11.00,,
14/11/2024,MISCELLANEOUS GENERAL MERCHANDISE,AMAZON  T12EQ1RX4,54.99,,
15/11/2024,DEPARTMENT STORES,TJ HUGHES - BOOTLE,-10.00,,
16/11/2024,"BUYING/SHOPPING CLUBS, SERVICES",Costco Wholesale #104,85.42,,
19/11/2024,"DEBT, MARRIAGE, PERSONAL-COUNSELING SERVICE",DEED POLL OFFICE,46.45,,
21/11/2024,MISCELLANEOUS GENERAL MERCHANDISE,HOME BARGAINS/STRAND,70.22,,
21/11/2024,MISCELLANEOUS AND SPECIALTY RETAIL STORES,BARGAIN SAVER SOUTHPOR,33.74,,
21/11/2024,"HAT CLEANING SHOPS, SHOE REPAIR SHOPS, SHOE SHINE",Shoemaster Ltd,36.00,,
22/11/2024,MISCELLANEOUS GENERAL MERCHANDISE,AMAZON  TE0L37G94,64.30,,
27/11/2024,MISCELLANEOUS GENERAL MERCHANDISE,HOME BARGAINS/STRAND,8.76,,
29/11/2024,ELECTRONIC SALES,CURRYS ONLINE,224.00,,
02/12/2024,"BUYING/SHOPPING CLUBS, SERVICES",Costco Wholesale #104,63.76,,
03/12/2024,"HAT CLEANING SHOPS, SHOE REPAIR SHOPS, SHOE SHINE",Shoemaster Ltd,12.00,,
12/12/2024,MISCELLANEOUS GENERAL MERCHANDISE,B&M 171 - BOOTLE,70.00,,
12/12/2024,MISCELLANEOUS AND SPECIALTY RETAIL STORES,AMZNMktplace J94JG9Y35,20.97,,
15/12/2024,"BUYING/SHOPPING CLUBS, SERVICES",Costco Wholesale #104,77.52,,
16/12/2024,POSTAL SERVICES-GOVERNMENT ONLY,POST OFFICE COUNTER,25.00,,
16/12/2024,POSTAL SERVICES-GOVERNMENT ONLY,POST OFFICE COUNTER,250.00,,
16/12/2024,POSTAL SERVICES-GOVERNMENT ONLY,POST OFFICE COUNTER,225.00,,
17/12/2024,MISCELLANEOUS GENERAL MERCHANDISE,B&M 171 - BOOTLE,8.00,,
17/12/2024,POSTAL SERVICES-GOVERNMENT ONLY,POST OFFICE COUNTER,225.00,,
17/12/2024,POSTAL SERVICES-GOVERNMENT ONLY,POST OFFICE COUNTER,25.00,,
17/12/2024,MISCELLANEOUS GENERAL MERCHANDISE,B&M 171 - BOOTLE,35.00,,
18/12/2024,MISCELLANEOUS GENERAL MERCHANDISE,HOME BARGAINS/STRAND,22.48,,
18/12/2024,"EMPLOYMENT AGENCIES, TEMPORARY HELP SERVICES",WWW.RANSTADEDUCATION.C,53.01,,
24/11/2024,DIRECT MARKETING-OTHER DIRECT MARKETERS/NOT ELSEW.,Amazon.co.uk TE5G729F4,22.99,,
09/10/2024,MISCELLANEOUS AND SPECIALTY RETAIL STORES,AMZNMktplace TO6KU3YA4,87.90,,
17/10/2024,MISCELLANEOUS AND SPECIALTY RETAIL STORES,AMZNMktplace T34HW9EM4,83.97,,
22/10/2024,MISCELLANEOUS AND SPECIALTY RETAIL STORES,AMZNMktplace TL2J67ZV4,78.63,,
28/10/2024,"GROCERY STORES, SUPERMARKETS",TESCO STORES 5301,15.75,,
30/10/2024,FLORISTS,TRIANGLE NURSERY,179.94,,
11/11/2024,"GROCERY STORES, SUPERMARKETS",TESCO STORES 5301,4.50,,
11/11/2024,MISCELLANEOUS AND SPECIALTY RETAIL STORES,AMZNMktplace T10MI6MP4,102.52,,
12/11/2024,MISCELLANEOUS GENERAL MERCHANDISE,AMAZON  T17AJ8HM4,294.33,,
26/11/2024,MISCELLANEOUS AND SPECIALTY RETAIL STORES,AMZNMktplace TP8519XY4,302.13,,
27/11/2024,MISCELLANEOUS AND SPECIALTY RETAIL STORES,AMZNMktplace TP39B1BX4,31.00,,
28/11/2024,"GROCERY STORES, SUPERMARKETS",ALDI  STORES LTD,109.47,,
26/12/2024,DIRECT MARKETING-CONTINUITY/SUBSCRIPTION MERCHANTS,Amazon Prime CG1977LY5,8.99,,
01/10/2024,"GROCERY STORES, SUPERMARKETS",BOOKER LIMITED ECOM,326.53,,
03/10/2024,ADVERTISING SERVICES,FACEBK  8KR5W9U242,347.29,,
08/10/2024,"GROCERY STORES, SUPERMARKETS",BOOKER LIMITED ECOM,77.93,,
08/10/2024,"GROCERY STORES, SUPERMARKETS",BOOKER LIMITED ECOM,394.84,,
10/10/2024,"GROCERY STORES, SUPERMARKETS",BOOKER LIMITED ECOM,664.39,,
14/10/2024,"COMMERCIAL EQUIPMENT, NOT ELSEWHERE CLASSIFIED",SAFETY SIGNS 4 LESS,31.60,,
15/10/2024,"GROCERY STORES, SUPERMARKETS",BOOKER LIMITED ECOM,326.12,,
15/10/2024,MISCELLANEOUS AND SPECIALTY RETAIL STORES,AMZNMktplace T36C79LI4,38.97,,
18/10/2024,COMPUTER NETWORK/INFORMATION SERVICES,IONOS CLOUD LTD,51.97,,
21/10/2024,MISCELLANEOUS GENERAL MERCHANDISE,AMAZON  TL1VB6O14,31.49,,
21/10/2024,MISCELLANEOUS GENERAL MERCHANDISE,AMAZON  TL3YP9OG4,28.26,,
22/10/2024,"GROCERY STORES, SUPERMARKETS",BOOKER LIMITED ECOM,438.66,,
24/10/2024,"GROCERY STORES, SUPERMARKETS",BOOKER LIMITED ECOM,191.04,,
24/10/2024,MISCELLANEOUS GENERAL MERCHANDISE,AMAZON  TL9EU65M4,14.39,,
28/10/2024,MISCELLANEOUS GENERAL MERCHANDISE,WWW.AMAZON.  TR30X0304,26.06,,
29/10/2024,"GROCERY STORES, SUPERMARKETS",BOOKER LIMITED ECOM,502.42,,
29/10/2024,MISCELLANEOUS GENERAL MERCHANDISE,AMAZON  TR5VH91F4,29.98,,
31/10/2024,ADVERTISING SERVICES,FACEBK  NXLYDBQ242,257.22,,
31/10/2024,"GROCERY STORES, SUPERMARKETS",BOOKER LIMITED ECOM,340.70,,
01/11/2024,MISCELLANEOUS AND SPECIALTY RETAIL STORES,AMZNMktplace TR9XJ7KF4,9.44,,
01/11/2024,MISCELLANEOUS AND SPECIALTY RETAIL STORES,AMZNMktplace TR8ZV9SD4,12.74,,
04/11/2024,MISCELLANEOUS AND SPECIALTY RETAIL STORES,AMZNMktplace TX7P07JP4,26.40,,
05/11/2024,"BUILDING MATERIALS, LUMBER STORES",SCREWFIX DIRECT,14.99,,
06/11/2024,MISCELLANEOUS AND SPECIALTY RETAIL STORES,AMZNMktplace TX8H74Q44,7.99,,
06/11/2024,ELECTRONIC SALES,CLR www.jpleisure.co.,588.66,,
06/11/2024,MISCELLANEOUS AND SPECIALTY RETAIL STORES,AMZNMktplace TX0L01HS4,63.04,,
06/11/2024,MISCELLANEOUS AND SPECIALTY RETAIL STORES,AMZNMktplace TX3X135K4,111.16,,
07/11/2024,MISCELLANEOUS AND SPECIALTY RETAIL STORES,AMZNMktplace TX9G309J4,8.99,,
07/11/2024,"GROCERY STORES, SUPERMARKETS",BOOKER LIMITED ECOM,416.03,,
12/11/2024,"GROCERY STORES, SUPERMARKETS",BOOKER LIMITED ECOM,723.62,,
12/11/2024,"CABLE, SATELLITE, OTHER PAY TELEVISION, RADIO SVCS",Spotify Limited,16.99,,
12/11/2024,COMPUTER SOFTWARE STORES,"WHEN I WORK, INC.",23.23,,
12/11/2024,ELECTRICAL PARTS AND EQUIPMENT,PREMIER FARNELL,467.16,,
18/11/2024,COMPUTER NETWORK/INFORMATION SERVICES,IONOS CLOUD LTD,51.97,,
20/11/2024,MISCELLANEOUS AND SPECIALTY RETAIL STORES,AMZNMktplace TE6BX4O64,149.00,,
22/11/2024,ELECTRICAL PARTS AND EQUIPMENT,PREMIER FARNELL,393.90,,
22/11/2024,"MUSIC STORES-INSTRUMENTS, PIANOS, SHEET MUSIC",GEAR4MUSIC LIMITED,28.98,,
22/11/2024,MISCELLANEOUS AND SPECIALTY RETAIL STORES,AMZNMktplace TE7LS8X74,20.17,,
01/12/2024,ADVERTISING SERVICES,FACEBK  JD6PDDU242,616.86,,
01/12/2024,COMPUTER SOFTWARE STORES,"WHEN I WORK, INC.",23.57,,
02/12/2024,"GROCERY STORES, SUPERMARKETS",BOOKER LTD - 38558944,373.11,,
02/12/2024,VARIETY STORES,SP KIDS PARTY CRAFT,81.00,,
02/12/2024,ELECTRICAL PARTS AND EQUIPMENT,PREMIER FARNELL,105.84,,
03/12/2024,"MUSIC STORES-INSTRUMENTS, PIANOS, SHEET MUSIC",GEAR4MUSIC LIMITED,-24.99,,
05/12/2024,"GROCERY STORES, SUPERMARKETS",BOOKER LIMITED ECOM,192.23,,
10/12/2024,"GROCERY STORES, SUPERMARKETS",BOOKER LIMITED ECOM,110.87,,
10/12/2024,"GROCERY STORES, SUPERMARKETS",BOOKER LIMITED ECOM,291.34,,
12/12/2024,"CABLE, SATELLITE, OTHER PAY TELEVISION, RADIO SVCS",Spotify Limited,16.99,,
12/12/2024,"GROCERY STORES, SUPERMARKETS",BOOKER LIMITED ECOM,273.76,,
17/12/2024,"GROCERY STORES, SUPERMARKETS",BOOKER LIMITED ECOM,81.00,,
17/12/2024,"GROCERY STORES, SUPERMARKETS",BOOKER LIMITED ECOM,198.55,,
17/12/2024,"BUILDING MATERIALS, LUMBER STORES",SCREWFIX DIRECT,22.78,,
18/12/2024,COMPUTER NETWORK/INFORMATION SERVICES,IONOS CLOUD LTD,51.97,,
19/12/2024,"GROCERY STORES, SUPERMARKETS",BOOKER LTD - 38558944,999.99,,
20/12/2024,"GROCERY STORES, SUPERMARKETS",BOOKER LTD - 38558944,8.53,,
24/12/2024,"GROCERY STORES, SUPERMARKETS",BOOKER LIMITED ECOM,761.71,,
24/12/2024,"GROCERY STORES, SUPERMARKETS",BOOKER LIMITED ECOM,208.95,,
24/12/2024,"GROCERY STORES, SUPERMARKETS",BOOKER LIMITED ECOM,151.68,,
30/12/2024,"GROCERY STORES, SUPERMARKETS",BOOKER LTD - 38558944,371.63,,
31/12/2024,"GROCERY STORES, SUPERMARKETS",BOOKER LIMITED ECOM,471.32,,
06/10/2024,DIRECT MARKETING-CONTINUITY/SUBSCRIPTION MERCHANTS,Intuit Ltd Mailchimp,230.76,,
06/11/2024,DIRECT MARKETING-CONTINUITY/SUBSCRIPTION MERCHANTS,Intuit Ltd Mailchimp,233.17,,
15/11/2024,DIRECT MARKETING-OTHER DIRECT MARKETERS/NOT ELSEW.,Amazon.co.uk T939W4JD4,65.22,,
18/11/2024,DIRECT MARKETING-OTHER DIRECT MARKETERS/NOT ELSEW.,Amazon.co.uk T99X028S4,17.00,,
20/11/2024,DIRECT MARKETING-OTHER DIRECT MARKETERS/NOT ELSEW.,Amazon.co.uk TE5F15OK4,20.78,,
06/12/2024,DIRECT MARKETING-CONTINUITY/SUBSCRIPTION MERCHANTS,Intuit Ltd Mailchimp,237.61,,
14/11/2024,BUSINESS SERVICES-NOT ELSEWHERE CLASSIFIED,Vistaprint,310.99,,
12/12/2024,PASSENGER RAILWAYS,SWRAILWAYSELFSERVE,24.20,,
01/10/2024,ADVERTISING SERVICES,FACEBK  39NPK8CD92,295.98,,
31/10/2024,ADVERTISING SERVICES,FACEBK  HLU3LACD92,648.76,,
28/11/2024,MISCELLANEOUS GENERAL MERCHANDISE,CATERING24 LTD,287.11,,
30/11/2024,ADVERTISING SERVICES,FACEBK  4DCSYBCE92,598.92,,
17/12/2024,COMPUTER SOFTWARE STORES,QR-CODE-GENERATOR.COM,128.66,,
13/10/2024,DIRECT MARKETING-CONTINUITY/SUBSCRIPTION MERCHANTS,Intuit Ltd Mailchimp,593.50,,
13/11/2024,DIRECT MARKETING-CONTINUITY/SUBSCRIPTION MERCHANTS,Intuit Ltd Mailchimp,600.78,,
13/12/2024,DIRECT MARKETING-CONTINUITY/SUBSCRIPTION MERCHANTS,Intuit Ltd Mailchimp,611.13,,
02/10/2024,ADVERTISING SERVICES,FACEBK  MUKSCDU5J2,630.35,,
12/10/2024,COMPUTER NETWORK/INFORMATION SERVICES,123 REG LTD,105.53,,
15/10/2024,ADVERTISING SERVICES,FACEBK  EMBHXCQ5J2,305.13,,
15/10/2024,ADVERTISING SERVICES,FACEBK  SKN7DEU5J2,24.10,,
16/10/2024,COMPUTER NETWORK/INFORMATION SERVICES,DNH 123REG#3356540326,27.58,,
24/10/2024,COMPUTER NETWORK/INFORMATION SERVICES,DNH 123REG#3371860481,14.39,,
31/10/2024,ADVERTISING SERVICES,FACEBK,227.26,,
08/11/2024,COMPUTER NETWORK/INFORMATION SERVICES,DNH 123REG#3371252138,130.70,,
15/11/2024,ADVERTISING SERVICES,FACEBK,416.56,,
15/11/2024,ADVERTISING SERVICES,FACEBK,10.49,,
17/11/2024,COMPUTER NETWORK/INFORMATION SERVICES,DNH 123REG#3415444029,14.39,,
17/11/2024,COMPUTER NETWORK/INFORMATION SERVICES,DNH 123REG#3415551361,21.59,,
30/11/2024,ADVERTISING SERVICES,FACEBK  F5JH8H8NQ2,2.27,,
15/12/2024,ADVERTISING SERVICES,FACEBK  B8DWSGC5J2,334.23,,
15/12/2024,ADVERTISING SERVICES,FACEBK  7SKCGG46J2,9.76,,
17/10/2024,TRAVEL AGENCIES AND TOUR OPERATORS,AIRBNB   HMSA9AY8YB,415.14,,
23/10/2024,"TRANSPRTN-SUBRBN & LOCAL COMTR PSNGR, INCL FERRIES",MERSEY TRAVEL,263.60,,
25/11/2024,TRAVEL AGENCIES AND TOUR OPERATORS,Hotel at Booking.com,"1,274.75",,
17/12/2024,PASSENGER RAILWAYS,PROSECUTION RECEIPTS,54.75,,
08/11/2024,"LODGING-HOTELS,MOTELS,RESORTS-NOT CLASSIFIED",ROYAL LANCASTER LONDON,720.00,,
02/12/2024,TRAVELODGE,TRAVELODGE,356.42,,
20/12/2024,"LODGING-HOTELS,MOTELS,RESORTS-NOT CLASSIFIED",SYKES COTTAGES,372.00,,
01/10/2024,GOVERNMENT SERVICES-NOT ELSEWHERE CLASSIFIED,HM PASSPORT OFFICE,57.50,,
01/10/2024,GOVERNMENT SERVICES-NOT ELSEWHERE CLASSIFIED,LIVERPOOL CITY COUNCIL,115.50,,
02/10/2024,"EQUIP, FURNITURE, HOME FURNSHNGS STRS (EXCPT APPL)",IKEA LTD SHOP ONLINE,140.00,,
02/10/2024,MISCELLANEOUS GENERAL MERCHANDISE,AMAZON  TA76U47I4,499.00,,
02/10/2024,ELECTRONIC SALES,PARTSCENTRE,21.48,,
02/10/2024,"UTLTS-ELCTRC, GAS, HEATING OIL, SANITARY, WATER",BRITISH GAS ONLINE,20.00,,
02/10/2024,"UTLTS-ELCTRC, GAS, HEATING OIL, SANITARY, WATER",BRITISH GAS ONLINE,20.00,,
03/10/2024,MISCELLANEOUS GENERAL MERCHANDISE,AMAZON  TA8ZA0WT4,229.98,,
03/10/2024,GOVERNMENT SERVICES-NOT ELSEWHERE CLASSIFIED,HM PASSPORT OFFICE,57.50,,
03/10/2024,GOVERNMENT SERVICES-NOT ELSEWHERE CLASSIFIED,HM PASSPORT OFFICE,57.50,,
03/10/2024,GOVERNMENT SERVICES-NOT ELSEWHERE CLASSIFIED,GEN REGISTER OFFICE,16.00,,
03/10/2024,MISCELLANEOUS HOUSE FURNISHING SPECIALTY SHOPS,SP LUST HOME,665.95,,
03/10/2024,MEN'S AND WOMEN'S CLOTHING STORES,SP FRENCHIC PAINT,20.41,,
03/10/2024,"BUILDING MATERIALS, LUMBER STORES",B&Q MARKETPLACE,261.18,,
03/10/2024,"GROCERY STORES, SUPERMARKETS",ASDA GEORGE COM LEEDS,123.75,,
04/10/2024,"EQUIP, FURNITURE, HOME FURNSHNGS STRS (EXCPT APPL)",Dunelm SoftFurnishings,436.00,,
04/10/2024,MISCELLANEOUS GENERAL MERCHANDISE,AMAZON  TO9V144B4,89.00,,
04/10/2024,"EQUIP, FURNITURE, HOME FURNSHNGS STRS (EXCPT APPL)",Dunelm SoftFurnishings,469.00,,
04/10/2024,"EQUIP, FURNITURE, HOME FURNSHNGS STRS (EXCPT APPL)",Dunelm SoftFurnishings,100.00,,
04/10/2024,MISCELLANEOUS GENERAL MERCHANDISE,AMAZON  TO77G7FH4,268.85,,
06/10/2024,MISCELLANEOUS GENERAL MERCHANDISE,AMAZON  TO42Y1XR4,207.69,,
07/10/2024,GOVERNMENT SERVICES-NOT ELSEWHERE CLASSIFIED,2MAA048114377 TD E-PMT,82.00,,
07/10/2024,GOVERNMENT SERVICES-NOT ELSEWHERE CLASSIFIED,GEN REGISTER OFFICE,16.00,,
08/10/2024,GOVERNMENT SERVICES-NOT ELSEWHERE CLASSIFIED,LIVERPOOL CITY COUNCIL,-115.50,,
08/10/2024,GOVERNMENT SERVICES-NOT ELSEWHERE CLASSIFIED,LIVERPOOL CITY COUNCIL,12.50,,
09/10/2024,GOVERNMENT SERVICES-NOT ELSEWHERE CLASSIFIED,GEN REGISTER OFFICE,16.00,,
09/10/2024,MISCELLANEOUS AND SPECIALTY RETAIL STORES,The Windmill Special N,"1,210.95",,
10/10/2024,MISCELLANEOUS GENERAL MERCHANDISE,AMAZON  TQ50K2EO4,75.96,,
10/10/2024,"UTLTS-ELCTRC, GAS, HEATING OIL, SANITARY, WATER",SCOTTISH POWER,20.00,,
10/10/2024,"UTLTS-ELCTRC, GAS, HEATING OIL, SANITARY, WATER",SCOTTISH POWER,20.00,,
10/10/2024,DEPARTMENT STORES,WWW.ARGOS.CO.UK,320.00,,
10/10/2024,DISCOUNT STORES,WWW.THEWORKS.CO.UK,550.00,,
11/10/2024,SCHOOLS & EDUCATIONAL SVC-NOT ELSEWHERE CLASSIFIED,LANCASHIRE CC WEBSITE,37.50,,
11/10/2024,GOVERNMENT SERVICES-NOT ELSEWHERE CLASSIFIED,LIVERPOOL CITY COUNCIL,37.50,,
13/10/2024,MISCELLANEOUS GENERAL MERCHANDISE,WWW.AMAZON.  TQ6R62SA4,22.45,,
13/10/2024,MISCELLANEOUS AND SPECIALTY RETAIL STORES,AMZNMktplace TQ6OK42G4,154.99,,
14/10/2024,MISCELLANEOUS GENERAL MERCHANDISE,AMAZON  TQ0SM1RN4,112.95,,
15/10/2024,"UTLTS-ELCTRC, GAS, HEATING OIL, SANITARY, WATER",EDF UK CARD PAYMENTS,"3,723.21",,
15/10/2024,GOVERNMENT SERVICES-NOT ELSEWHERE CLASSIFIED,HM PASSPORT OFFICE,166.50,,
15/10/2024,DEPARTMENT STORES,WWW.ARGOS.CO.UK,14.50,,
15/10/2024,GOVERNMENT SERVICES-NOT ELSEWHERE CLASSIFIED,LIVERPOOL CITY COUNCIL,12.50,,
15/10/2024,"EQUIP, FURNITURE, HOME FURNSHNGS STRS (EXCPT APPL)",rocksaltprints.com,58.71,,
15/10/2024,MISCELLANEOUS GENERAL MERCHANDISE,AMAZON  T38D06494,111.24,,
15/10/2024,"EQUIP, FURNITURE, HOME FURNSHNGS STRS (EXCPT APPL)",WWW.QUATROPI.COM,"2,200.00",,
16/10/2024,ELECTRONIC SALES,CURRYS ONLINE,49.99,,
16/10/2024,MISCELLANEOUS GENERAL MERCHANDISE,AMAZON  T30VV3TP4,50.95,,
16/10/2024,"CONSULTING, MANAGEMENT, AND PUBLIC RELATIONS SVCS",TVLICENSING.CO.UK,169.50,,
17/10/2024,MISCELLANEOUS GENERAL MERCHANDISE,AMAZON  T36442054,329.00,,
18/10/2024,GOVERNMENT SERVICES-NOT ELSEWHERE CLASSIFIED,C2E905800503Z UKVI,239.00,,
18/10/2024,MISCELLANEOUS GENERAL MERCHANDISE,AMAZON  T31R55X24,468.99,,
20/10/2024,MISCELLANEOUS AND SPECIALTY RETAIL STORES,AMZNMktplace T30HE8S54,28.95,,
22/10/2024,GOVERNMENT SERVICES-NOT ELSEWHERE CLASSIFIED,HM PASSPORT OFFICE,88.50,,
22/10/2024,COMPUTER SOFTWARE STORES,UNILINK SOFTWARE LTD,30.00,,
22/10/2024,"SPORTS APPAREL, RIDING APPAREL STORES",JD Sports Fashion PLC,200.00,,
22/10/2024,"EQUIP, FURNITURE, HOME FURNSHNGS STRS (EXCPT APPL)",Dunelm SoftFurnishings,894.95,,
23/10/2024,"PUBLIC WAREHOUSING-FARM, REFRIG GOODS, HHG STORAGE",WWW.SMART-STORAGE.CO.U,-171.80,,
23/10/2024,ELECTRONIC SALES,BUY IT DIRECT,669.58,,
23/10/2024,GOVERNMENT SERVICES-NOT ELSEWHERE CLASSIFIED,ST HELENS M B C,721.52,,
23/10/2024,DEPARTMENT STORES,WWW.ARGOS.CO.UK,259.95,,
24/10/2024,MISCELLANEOUS GENERAL MERCHANDISE,AMAZON  TL31E4XV4,756.69,,
25/10/2024,GOVERNMENT SERVICES-NOT ELSEWHERE CLASSIFIED,GEN REGISTER OFFICE,57.00,,
25/10/2024,MISCELLANEOUS GENERAL MERCHANDISE,WWW.AMAZON.  TL9U04DK4,15.19,,
25/10/2024,"UTLTS-ELCTRC, GAS, HEATING OIL, SANITARY, WATER",SCOTTISH POWER,95.00,,
25/10/2024,"UTLTS-ELCTRC, GAS, HEATING OIL, SANITARY, WATER",SCOTTISH POWER,100.00,,
29/10/2024,GOVERNMENT SERVICES-NOT ELSEWHERE CLASSIFIED,DVSA,23.00,,
29/10/2024,"THEATRICAL PRODUCERS(EXCL MOTION PIX),TICKET AGNCY",Alton Towers,140.00,,
30/10/2024,MISCELLANEOUS GENERAL MERCHANDISE,WWW.AMAZON.  TR4GB45X4,12.38,,
01/11/2024,MISCELLANEOUS GENERAL MERCHANDISE,AMAZON  TR62B42D4,219.00,,
04/11/2024,MISCELLANEOUS GENERAL MERCHANDISE,DIRECT2FLORIST,62.15,,
04/11/2024,REAL ESTATE AGENTS AND MANAGERS-RENTALS,Allpay  MAGENTA LIVING,100.00,,
04/11/2024,DEPARTMENT STORES,WWW.ARGOS.CO.UK,22.95,,
05/11/2024,DEPARTMENT STORES,WWW.ARGOS.CO.UK,160.00,,
05/11/2024,ELECTRONIC SALES,CURRYS ONLINE,831.96,,
05/11/2024,DEPARTMENT STORES,eBay O 05-12288-58120,20.36,,
05/11/2024,MISCELLANEOUS GENERAL MERCHANDISE,CDS T/A WILKO.COM,244.98,,
05/11/2024,"EQUIP, FURNITURE, HOME FURNSHNGS STRS (EXCPT APPL)",THE RANGE,289.95,,
05/11/2024,"EQUIP, FURNITURE, HOME FURNSHNGS STRS (EXCPT APPL)",IKEA LTD SHOP ONLINE,358.00,,
05/11/2024,MISCELLANEOUS GENERAL MERCHANDISE,AMAZON  TX8ZG5XN4,56.99,,
05/11/2024,DEPARTMENT STORES,eBay O 19-12273-34856,165.58,,
06/11/2024,MISCELLANEOUS AND SPECIALTY RETAIL STORES,AMZNMktplace TX61A35S4,29.98,,
06/11/2024,GOVERNMENT SERVICES-NOT ELSEWHERE CLASSIFIED,HM PASSPORT OFFICE,88.50,,
06/11/2024,"SPORTS APPAREL, RIDING APPAREL STORES",JD Sports Fashion PLC,100.00,,
06/11/2024,GOVERNMENT SERVICES-NOT ELSEWHERE CLASSIFIED,GEN REGISTER OFFICE,16.00,,
06/11/2024,MISCELLANEOUS GENERAL MERCHANDISE,AMAZON  TX8B45HA4,149.99,,
06/11/2024,MISCELLANEOUS GENERAL MERCHANDISE,AMAZON  TX9GY1BU4,178.00,,
06/11/2024,MISCELLANEOUS GENERAL MERCHANDISE,AMAZON  TX4977SZ4,"1,428.00",,
07/11/2024,MISCELLANEOUS GENERAL MERCHANDISE,AMAZON  TX7D48IA4,63.98,,
07/11/2024,ELECTRONIC SALES,CURRYS ONLINE,438.99,,
07/11/2024,GOVERNMENT SERVICES-NOT ELSEWHERE CLASSIFIED,LIVERPOOL CITY COUNCIL,38.50,,
07/11/2024,ELECTRONIC SALES,CURRYS ONLINE,129.99,,
07/11/2024,GOVERNMENT SERVICES-NOT ELSEWHERE CLASSIFIED,LIVERPOOL CITY COUNCIL,12.50,,
07/11/2024,SCHOOLS & EDUCATIONAL SVC-NOT ELSEWHERE CLASSIFIED,LANCASHIRE CC WEBSITE,37.50,,
08/11/2024,DEPARTMENT STORES,WWW.ARGOS.CO.UK,120.00,,
08/11/2024,DEPARTMENT STORES,eBay O 03-12302-48850,58.89,,
08/11/2024,DEPARTMENT STORES,WWW.ARGOS.CO.UK,508.95,,
08/11/2024,DEPARTMENT STORES,WWW.ARGOS.CO.UK,89.50,,
08/11/2024,DEPARTMENT STORES,WWW.ARGOS.CO.UK,12.95,,
09/11/2024,MISCELLANEOUS AND SPECIALTY RETAIL STORES,AMZNMktplace T12ZU0FJ4,15.35,,
10/11/2024,MISCELLANEOUS GENERAL MERCHANDISE,AMAZON  T134943X4,4.99,,
10/11/2024,MISCELLANEOUS AND SPECIALTY RETAIL STORES,AMZNMktplace T104303Z4,"1,274.98",,
10/11/2024,MISCELLANEOUS AND SPECIALTY RETAIL STORES,AMZNMktplace T18JW8JW4,339.99,,
11/11/2024,DEPARTMENT STORES,WWW.ARGOS.CO.UK,99.99,,
12/11/2024,MISCELLANEOUS GENERAL MERCHANDISE,WWW.AMAZON.  T158K7Q24,50.00,,
13/11/2024,MISCELLANEOUS AND SPECIALTY RETAIL STORES,AMZNMktplace T14PC72S4,538.54,,
13/11/2024,GOVERNMENT SERVICES-NOT ELSEWHERE CLASSIFIED,LIVERPOOL CITY COUNCIL,38.50,,
14/11/2024,MISCELLANEOUS AND SPECIALTY RETAIL STORES,AMZNMktplace T15405WW4,234.99,,
15/11/2024,GOVERNMENT SERVICES-NOT ELSEWHERE CLASSIFIED,LIVERPOOL CITY COUNCIL,-38.50,,
15/11/2024,GOVERNMENT SERVICES-NOT ELSEWHERE CLASSIFIED,WWW.SEFTON.GOV.UK (ICO,38.50,,
18/11/2024,"UTLTS-ELCTRC, GAS, HEATING OIL, SANITARY, WATER",OVO Energy Ltd,202.36,,
18/11/2024,"ORGANIZATIONS, MEMBERSHIP-NOT ELSEWHERE CLASSIFIED",GAP AFRICA PROJECTS,300.00,,
18/11/2024,"GROCERY STORES, SUPERMARKETS",ASDA GEORGE COM LEEDS,93.75,,
20/11/2024,MISCELLANEOUS AND SPECIALTY RETAIL STORES,AMZNMktplace T97961W24,39.98,,
21/11/2024,GOVERNMENT SERVICES-NOT ELSEWHERE CLASSIFIED,HM PASSPORT OFFICE,135.50,,
21/11/2024,DEPARTMENT STORES,WWW.ARGOS.CO.UK,351.95,,
24/11/2024,MISCELLANEOUS AND SPECIALTY RETAIL STORES,AMZNMktplace TE6ZR17Q4,841.84,,
25/11/2024,"ORGANIZATIONS, MEMBERSHIP-NOT ELSEWHERE CLASSIFIED",WWW.ADASS.ORG.UK,180.00,,
25/11/2024,"UTLTS-ELCTRC, GAS, HEATING OIL, SANITARY, WATER",E.ON NEXT,170.00,,
27/11/2024,"UTLTS-ELCTRC, GAS, HEATING OIL, SANITARY, WATER",WWW.LEEPUTILITIES.CO.U,180.00,,
27/11/2024,"UTLTS-ELCTRC, GAS, HEATING OIL, SANITARY, WATER",BRITISH GAS,210.00,,
27/11/2024,"UTLTS-ELCTRC, GAS, HEATING OIL, SANITARY, WATER",OVO Energy Ltd,390.00,,
28/11/2024,"UTLTS-ELCTRC, GAS, HEATING OIL, SANITARY, WATER",OVO Energy Ltd,250.00,,
29/11/2024,GOVERNMENT SERVICES-NOT ELSEWHERE CLASSIFIED,HM PASSPORT OFFICE,57.50,,
29/11/2024,GOVERNMENT SERVICES-NOT ELSEWHERE CLASSIFIED,HM PASSPORT OFFICE,57.50,,
29/11/2024,DEPARTMENT STORES,WWW.ARGOS.CO.UK,179.00,,
29/11/2024,"EQUIP, FURNITURE, HOME FURNSHNGS STRS (EXCPT APPL)",Dunelm SoftFurnishings,319.95,,
29/11/2024,DEPARTMENT STORES,Argos,229.00,,
29/11/2024,"HEALTH PRACTITIONERS, MEDICAL SRVCS-NOT ELSEWHERE",HEALIOS,"1,195.00",,
01/12/2024,MISCELLANEOUS AND SPECIALTY RETAIL STORES,AMZNMktplace GY9IP25V5,339.89,,
02/12/2024,GOVERNMENT SERVICES-NOT ELSEWHERE CLASSIFIED,HM PASSPORT OFFICE,88.50,,
03/12/2024,FAMILY CLOTHING STORES,Footasylum Limited,79.99,,
04/12/2024,GOVERNMENT SERVICES-NOT ELSEWHERE CLASSIFIED,HM PASSPORT OFFICE,88.50,,
04/12/2024,MISCELLANEOUS AND SPECIALTY RETAIL STORES,AMZNMktplace SI0J13NN5,24.99,,
04/12/2024,MISCELLANEOUS AND SPECIALTY RETAIL STORES,AMZNMktplace 5F89J9M85,23.97,,
09/12/2024,REAL ESTATE AGENTS AND MANAGERS-RENTALS,Allpay  LIVV HOUSING G,460.00,,
10/12/2024,GOVERNMENT SERVICES-NOT ELSEWHERE CLASSIFIED,HM PASSPORT OFFICE,88.50,,
11/12/2024,MOTION PICTURE THEATERS,ODEON CINEMAS,30.00,,
11/12/2024,"UTLTS-ELCTRC, GAS, HEATING OIL, SANITARY, WATER",UTILITA ENERGY LIMITED,250.00,,
11/12/2024,"UTLTS-ELCTRC, GAS, HEATING OIL, SANITARY, WATER",OVO Energy Ltd,250.00,,
12/12/2024,MISCELLANEOUS GENERAL MERCHANDISE,AMAZON  QU3BC1TJ5,99.70,,
16/12/2024,"UTLTS-ELCTRC, GAS, HEATING OIL, SANITARY, WATER",BRITISH GAS,250.00,,
17/12/2024,MISCELLANEOUS AND SPECIALTY RETAIL STORES,AMZNMktplace 3K0DB6G55,27.48,,
17/12/2024,GOVERNMENT SERVICES-NOT ELSEWHERE CLASSIFIED,GEN REGISTER OFFICE,42.00,,
18/12/2024,DEPARTMENT STORES,WWW.ARGOS.CO.UK,60.00,,
18/12/2024,DEPARTMENT STORES,WWW.ARGOS.CO.UK,189.00,,
19/12/2024,DEPARTMENT STORES,WWW.ARGOS.CO.UK,66.00,,
19/12/2024,"UTLTS-ELCTRC, GAS, HEATING OIL, SANITARY, WATER",OVO Energy Ltd,250.00,,
19/12/2024,DEPARTMENT STORES,Argos,279.95,,
19/12/2024,DEPARTMENT STORES,Argos,189.00,,
19/12/2024,"UTLTS-ELCTRC, GAS, HEATING OIL, SANITARY, WATER",BRITISH GAS ONLINE,125.00,,
19/12/2024,DEPARTMENT STORES,WWW.ARGOS.CO.UK,329.95,,
21/12/2024,MISCELLANEOUS GENERAL MERCHANDISE,AMAZON  HK9LH9MX5,380.84,,
25/12/2024,MISCELLANEOUS GENERAL MERCHANDISE,AMAZON  VJ03N1AP5,"1,109.01",,
09/10/2024,DIRECT MARKETING-OTHER DIRECT MARKETERS/NOT ELSEW.,Amazon.co.uk TO0V14WI4,598.00,,
09/10/2024,DIRECT MARKETING-CONTINUITY/SUBSCRIPTION MERCHANTS,Amazon Prime TQ2M07OF4,8.99,,
16/10/2024,DIRECT MARKETING-OTHER DIRECT MARKETERS/NOT ELSEW.,Amazon.co.uk T325A83D4,49.99,,
09/11/2024,DIRECT MARKETING-CONTINUITY/SUBSCRIPTION MERCHANTS,Amazon Prime T12AT3LP4,8.99,,
09/12/2024,DIRECT MARKETING-CONTINUITY/SUBSCRIPTION MERCHANTS,Amazon Prime HX2LO89A5,8.99,,
01/10/2024,PASSENGER RAILWAYS,WWW.MERSEYRAIL.ORG,6.20,,
07/11/2024,PASSENGER RAILWAYS,WWW.MERSEYRAIL.ORG,6.20,,
07/11/2024,PASSENGER RAILWAYS,WWW.MERSEYRAIL.ORG,6.20,,
15/11/2024,PASSENGER RAILWAYS,WWW.MERSEYRAIL.ORG,6.20,,
19/11/2024,PASSENGER RAILWAYS,WWW.MERSEYRAIL.ORG,6.20,,
26/11/2024,BUS LINES,National Express Limit,12.50,,
11/12/2024,PASSENGER RAILWAYS,WWW.MERSEYRAIL.ORG,6.20,,
23/12/2024,PASSENGER RAILWAYS,WWW.MERSEYRAIL.ORG,6.20,,
01/10/2024,TRAVELODGE,TRAVELODGE,107.08,,
01/10/2024,"LODGING-HOTELS,MOTELS,RESORTS-NOT CLASSIFIED",TEQUILA,255.00,,
04/10/2024,TRAVELODGE,TRAVELODGE,264.13,,
07/10/2024,TRAVELODGE,TRAVELODGE,92.80,,
08/10/2024,TRAVELODGE,TRAVELODGE,595.60,,
09/10/2024,TRAVELODGE,TRAVELODGE,72.40,,
09/10/2024,"LODGING-HOTELS,MOTELS,RESORTS-NOT CLASSIFIED",TEQUILA,255.00,,
15/10/2024,PREMIER INN,PREMIER INN,194.00,,
15/10/2024,"LODGING-HOTELS,MOTELS,RESORTS-NOT CLASSIFIED",TEQUILA,255.00,,
17/10/2024,TRAVELODGE,TRAVELODGE,381.43,,
21/10/2024,TRAVELODGE,TRAVELODGE,33.64,,
21/10/2024,TRAVELODGE,TRAVELODGE,253.93,,
22/10/2024,TRAVELODGE,TRAVELODGE,38.74,,
22/10/2024,PREMIER INN,PREMIER INN,517.00,,
23/10/2024,TRAVELODGE,TRAVELODGE,293.71,,
23/10/2024,TRAVELODGE,TRAVELODGE,252.90,,
23/10/2024,"LODGING-HOTELS,MOTELS,RESORTS-NOT CLASSIFIED",TEQUILA,255.00,,
28/10/2024,PREMIER INN,PREMIER INN,483.00,,
28/10/2024,TRAVELODGE,TRAVELODGE,676.18,,
04/11/2024,PREMIER INN,PREMIER INN,440.00,,
04/11/2024,TRAVELODGE,TRAVELODGE,224.38,,
04/11/2024,TRAVELODGE,TRAVELODGE,61.18,,
05/11/2024,"LODGING-HOTELS,MOTELS,RESORTS-NOT CLASSIFIED",Waterfront S Waterfron,648.70,,
06/11/2024,TRAVELODGE,TRAVELODGE,59.14,,
07/11/2024,TRAVELODGE,TRAVELODGE,47.92,,
08/11/2024,TRAVELODGE,TRAVELODGE,455.89,,
11/11/2024,TRAVELODGE,TRAVELODGE,325.30,,
11/11/2024,PREMIER INN,PREMIER INN,450.00,,
12/11/2024,TRAVELODGE,TRAVELODGE,48.94,,
15/11/2024,TRAVELODGE,TRAVELODGE,427.33,,
15/11/2024,TRAVELODGE,TRAVELODGE,366.13,,
18/11/2024,"LODGING-HOTELS,MOTELS,RESORTS-NOT CLASSIFIED",Waterfront S Waterfron,666.70,,
18/11/2024,"LODGING-HOTELS,MOTELS,RESORTS-NOT CLASSIFIED",Waterfront S Waterfron,765.70,,
18/11/2024,TRAVELODGE,TRAVELODGE,138.69,,
19/11/2024,TRAVELODGE,TRAVELODGE,141.75,,
19/11/2024,PREMIER INN,PREMIER INN,68.00,,
19/11/2024,PREMIER INN,PREMIER INN,200.00,,
20/11/2024,TRAVELODGE,TRAVELODGE,377.33,,
21/11/2024,TRAVELODGE,TRAVELODGE,302.88,,
25/11/2024,TRAVELODGE,TRAVELODGE,56.08,,
03/12/2024,TRAVELODGE,TRAVELODGE,274.30,,
04/12/2024,TRAVELODGE,TRAVELODGE,75.46,,
09/12/2024,"LODGING-HOTELS,MOTELS,RESORTS-NOT CLASSIFIED",Waterfront S Waterfron,999.00,,
09/12/2024,"LODGING-HOTELS,MOTELS,RESORTS-NOT CLASSIFIED",Waterfront S Waterfron,560.40,,
09/12/2024,"LODGING-HOTELS,MOTELS,RESORTS-NOT CLASSIFIED",Waterfront S Waterfron,999.00,,
12/12/2024,TRAVELODGE,TRAVELODGE,28.54,,
20/12/2024,TRAVELODGE,TRAVELODGE,136.64,,
23/12/2024,TRAVELODGE,TRAVELODGE,577.11,,
31/12/2024,TRAVELODGE,TRAVELODGE,140.72,,
03/10/2024,"GROCERY STORES, SUPERMARKETS",ASDA GEORGE COM LEEDS,-6.50,,
03/10/2024,"GROCERY STORES, SUPERMARKETS",ASDA GEORGE COM LEEDS,-6.50,,
03/10/2024,"GROCERY STORES, SUPERMARKETS",ASDA GEORGE COM LEEDS,-6.50,,
03/10/2024,"GROCERY STORES, SUPERMARKETS",ASDA GEORGE COM LEEDS,-6.50,,
03/10/2024,"GROCERY STORES, SUPERMARKETS",ASDA GEORGE COM LEEDS,-6.50,,
15/10/2024,DEPARTMENT STORES,WWW.ARGOS.CO.UK,179.15,,
15/10/2024,DEPARTMENT STORES,WWW.ARGOS.CO.UK,190.00,,
01/11/2024,DEPARTMENT STORES,WWW.ARGOS.CO.UK,417.95,,
01/10/2024,TRAVEL AGENCIES AND TOUR OPERATORS,BOOKING.COM,-278.79,,
01/10/2024,TRAVEL AGENCIES AND TOUR OPERATORS,BOOKING.COM,305.00,,
03/10/2024,TRAVEL AGENCIES AND TOUR OPERATORS,BOOKING.COM,365.00,,
03/10/2024,"TRANSPRTN-SUBRBN & LOCAL COMTR PSNGR, INCL FERRIES",MERSEY TRAVEL,74.50,,
04/10/2024,PASSENGER RAILWAYS,TRAINLINE,25.09,,
09/10/2024,"TRANSPRTN-SUBRBN & LOCAL COMTR PSNGR, INCL FERRIES",MERSEY TRAVEL,37.30,,
09/10/2024,"TRANSPRTN-SUBRBN & LOCAL COMTR PSNGR, INCL FERRIES",MERSEY TRAVEL,74.50,,
09/10/2024,"TRANSPRTN-SUBRBN & LOCAL COMTR PSNGR, INCL FERRIES",MERSEY TRAVEL,74.50,,
09/10/2024,"TRANSPRTN-SUBRBN & LOCAL COMTR PSNGR, INCL FERRIES",MERSEY TRAVEL,37.30,,
09/10/2024,"TRANSPRTN-SUBRBN & LOCAL COMTR PSNGR, INCL FERRIES",MERSEY TRAVEL,37.30,,
11/10/2024,"TRANSPRTN-SUBRBN & LOCAL COMTR PSNGR, INCL FERRIES",MERSEY TRAVEL,67.55,,
11/10/2024,"TRANSPRTN-SUBRBN & LOCAL COMTR PSNGR, INCL FERRIES",MERSEY TRAVEL,37.30,,
16/10/2024,"TRANSPRTN-SUBRBN & LOCAL COMTR PSNGR, INCL FERRIES",MERSEY TRAVEL,74.50,,
25/10/2024,TRAVEL AGENCIES AND TOUR OPERATORS,BOOKING.COM,518.65,,
28/10/2024,"TRANSPRTN-SUBRBN & LOCAL COMTR PSNGR, INCL FERRIES",MERSEY TRAVEL,74.50,,
31/10/2024,TRAVEL AGENCIES AND TOUR OPERATORS,BOOKING.COM,677.18,,
31/10/2024,"TRANSPRTN-SUBRBN & LOCAL COMTR PSNGR, INCL FERRIES",MERSEY TRAVEL,37.30,,
31/10/2024,"TRANSPRTN-SUBRBN & LOCAL COMTR PSNGR, INCL FERRIES",MERSEY TRAVEL,135.10,,
31/10/2024,"TRANSPRTN-SUBRBN & LOCAL COMTR PSNGR, INCL FERRIES",MERSEY TRAVEL,74.50,,
31/10/2024,"TRANSPRTN-SUBRBN & LOCAL COMTR PSNGR, INCL FERRIES",MERSEY TRAVEL,74.50,,
01/11/2024,TRAVEL AGENCIES AND TOUR OPERATORS,BOOKING.COM,196.00,,
04/11/2024,TRAVEL AGENCIES AND TOUR OPERATORS,BOOKING.COM,-677.18,,
04/11/2024,"TRANSPRTN-SUBRBN & LOCAL COMTR PSNGR, INCL FERRIES",MERSEY TRAVEL,37.30,,
04/11/2024,"TRANSPRTN-SUBRBN & LOCAL COMTR PSNGR, INCL FERRIES",MERSEY TRAVEL,74.50,,
05/11/2024,"TRANSPRTN-SUBRBN & LOCAL COMTR PSNGR, INCL FERRIES",MERSEY TRAVEL,33.40,,
06/11/2024,"TRANSPRTN-SUBRBN & LOCAL COMTR PSNGR, INCL FERRIES",MERSEY TRAVEL,178.70,,
07/11/2024,"TRANSPRTN-SUBRBN & LOCAL COMTR PSNGR, INCL FERRIES",MERSEY TRAVEL,37.30,,
07/11/2024,"TRANSPRTN-SUBRBN & LOCAL COMTR PSNGR, INCL FERRIES",MERSEY TRAVEL,74.50,,
08/11/2024,"TRANSPRTN-SUBRBN & LOCAL COMTR PSNGR, INCL FERRIES",MERSEY TRAVEL,74.50,,
19/11/2024,"TRANSPRTN-SUBRBN & LOCAL COMTR PSNGR, INCL FERRIES",MERSEY TRAVEL,5.50,,
19/11/2024,"TRANSPRTN-SUBRBN & LOCAL COMTR PSNGR, INCL FERRIES",MERSEY TRAVEL,37.30,,
21/11/2024,"TRANSPRTN-SUBRBN & LOCAL COMTR PSNGR, INCL FERRIES",MERSEY TRAVEL,41.70,,
21/11/2024,"TRANSPRTN-SUBRBN & LOCAL COMTR PSNGR, INCL FERRIES",MERSEY TRAVEL,74.50,,
21/11/2024,"TRANSPRTN-SUBRBN & LOCAL COMTR PSNGR, INCL FERRIES",MERSEY TRAVEL,74.50,,
26/11/2024,"TRANSPRTN-SUBRBN & LOCAL COMTR PSNGR, INCL FERRIES",MERSEY TRAVEL,37.30,,
26/11/2024,"TRANSPRTN-SUBRBN & LOCAL COMTR PSNGR, INCL FERRIES",MERSEY TRAVEL,37.30,,
26/11/2024,"TRANSPRTN-SUBRBN & LOCAL COMTR PSNGR, INCL FERRIES",MERSEY TRAVEL,37.30,,
26/11/2024,"TRANSPRTN-SUBRBN & LOCAL COMTR PSNGR, INCL FERRIES",MERSEY TRAVEL,74.50,,
27/11/2024,"TRANSPRTN-SUBRBN & LOCAL COMTR PSNGR, INCL FERRIES",MERSEY TRAVEL,74.50,,
29/11/2024,"TRANSPRTN-SUBRBN & LOCAL COMTR PSNGR, INCL FERRIES",MERSEY TRAVEL,83.40,,
03/12/2024,"TRANSPRTN-SUBRBN & LOCAL COMTR PSNGR, INCL FERRIES",MERSEY TRAVEL,104.20,,
16/12/2024,"TRANSPRTN-SUBRBN & LOCAL COMTR PSNGR, INCL FERRIES",MERSEY TRAVEL,74.50,,
19/12/2024,"TRANSPRTN-SUBRBN & LOCAL COMTR PSNGR, INCL FERRIES",MERSEY TRAVEL,135.10,,
19/12/2024,"TRANSPRTN-SUBRBN & LOCAL COMTR PSNGR, INCL FERRIES",MERSEY TRAVEL,74.50,,
01/10/2024,"LODGING-HOTELS,MOTELS,RESORTS-NOT CLASSIFIED",SEAFORTH HOTEL,200.00,,
08/10/2024,"LODGING-HOTELS,MOTELS,RESORTS-NOT CLASSIFIED",MY PROPERTY HO BOOKING,242.10,,
09/10/2024,"LODGING-HOTELS,MOTELS,RESORTS-NOT CLASSIFIED",SEAFORTH HOTEL,760.00,,
18/10/2024,"LODGING-HOTELS,MOTELS,RESORTS-NOT CLASSIFIED",WWW.BELLAVITASTAYS.COM,200.00,,
24/10/2024,"LODGING-HOTELS,MOTELS,RESORTS-NOT CLASSIFIED",WWW.BELLAVITASTAYS.COM,-200.00,,
05/12/2024,TRAVELODGE,TRAVELODGE,45.37,,
05/12/2024,TRAVELODGE,TRAVELODGE,129.00,,
09/12/2024,TRAVELODGE,TRAVELODGE,76.99,,
10/12/2024,TRAVELODGE,TRAVELODGE,46.85,,
11/12/2024,TRAVELODGE,TRAVELODGE,60.11,,
12/12/2024,TRAVELODGE,TRAVELODGE,53.44,,
16/12/2024,TRAVELODGE,TRAVELODGE,61.17,,
01/10/2024,"EQUIP, FURNITURE, HOME FURNSHNGS STRS (EXCPT APPL)",THENURSERYSTORE.COM,242.70,,
02/10/2024,GOVERNMENT SERVICES-NOT ELSEWHERE CLASSIFIED,GEN REGISTER OFFICE,-34.50,,
02/10/2024,GOVERNMENT SERVICES-NOT ELSEWHERE CLASSIFIED,GEN REGISTER OFFICE,42.00,,
02/10/2024,BUSINESS SERVICES-NOT ELSEWHERE CLASSIFIED,BARRYS SKIP HIRE LIMIT,198.00,,
02/10/2024,GOVERNMENT SERVICES-NOT ELSEWHERE CLASSIFIED,HM PASSPORT OFFICE,57.50,,
04/10/2024,DEPARTMENT STORES,WWW.ARGOS.CO.UK,70.00,,
07/10/2024,DEPARTMENT STORES,WWW.ARGOS.CO.UK,93.94,,
08/10/2024,GOVERNMENT SERVICES-NOT ELSEWHERE CLASSIFIED,GEN REGISTER OFFICE,-34.50,,
08/10/2024,GOVERNMENT SERVICES-NOT ELSEWHERE CLASSIFIED,GEN REGISTER OFFICE,-42.00,,
08/10/2024,GOVERNMENT SERVICES-NOT ELSEWHERE CLASSIFIED,GEN REGISTER OFFICE,42.00,,
08/10/2024,GOVERNMENT SERVICES-NOT ELSEWHERE CLASSIFIED,GEN REGISTER OFFICE,42.00,,
09/10/2024,DEPARTMENT STORES,WWW.ARGOS.CO.UK,195.95,,
09/10/2024,GOVERNMENT SERVICES-NOT ELSEWHERE CLASSIFIED,GEN REGISTER OFFICE,42.00,,
09/10/2024,GOVERNMENT SERVICES-NOT ELSEWHERE CLASSIFIED,GEN REGISTER OFFICE,42.00,,
11/10/2024,MISCELLANEOUS GENERAL MERCHANDISE,AMAZON  TQ5JK10P4,99.99,,
14/10/2024,DEPARTMENT STORES,WWW.ARGOS.CO.UK,14.50,,
15/10/2024,GOVERNMENT SERVICES-NOT ELSEWHERE CLASSIFIED,GEN REGISTER OFFICE,16.00,,
16/10/2024,MISCELLANEOUS GENERAL MERCHANDISE,AMAZON  T35TM7TM4,246.93,,
16/10/2024,"EQUIP, FURNITURE, HOME FURNSHNGS STRS (EXCPT APPL)",THE RANGE,328.92,,
18/10/2024,DEPARTMENT STORES,WWW.ARGOS.CO.UK,32.95,,
20/10/2024,MISCELLANEOUS GENERAL MERCHANDISE,AMAZON  T31DN2UU4,65.17,,
28/10/2024,RECREATION SERVICES (NOT ELSEWHERE CLASSIFIED),HOUSE OF BOUNCE LIMITE,51.75,,
28/10/2024,RECREATION SERVICES (NOT ELSEWHERE CLASSIFIED),Flip Out Aintree,42.75,,
29/10/2024,DEPARTMENT STORES,WWW.ARGOS.CO.UK,304.95,,
30/10/2024,"CLUBS-CNTRY,MBRSHIP(ATHLET,REC,SPRTS,PRIVATE GOLF",GF  WWW.SNAPFITNESS.CO,32.40,,
31/10/2024,MEN'S/WOMEN'S/CHILDREN'S UNIFORMS/COMMERCIAL CLOTH,WHITTAKERS SCHOOLWEAR,124.43,,
01/11/2024,BUSINESS SERVICES-NOT ELSEWHERE CLASSIFIED,EB  INTRODUCTION TO NV,15.00,,
01/11/2024,"CLUBS-CNTRY,MBRSHIP(ATHLET,REC,SPRTS,PRIVATE GOLF",GF  WWW.SNAPFITNESS.CO,36.99,,
01/11/2024,DEPARTMENT STORES,WWW.ARGOS.CO.UK,50.00,,
01/11/2024,GOVERNMENT SERVICES-NOT ELSEWHERE CLASSIFIED,HMCTS CHILD ORDER,255.00,,
05/11/2024,"FREIGHT CARRIER,TRUCKING-LCL/LNG DIST, MVG/STORAGE",STORAGE KING LIVER,209.18,,
05/11/2024,BUSINESS SERVICES-NOT ELSEWHERE CLASSIFIED,BARRYS SKIP HIRE LIMIT,277.20,,
05/11/2024,"FREIGHT CARRIER,TRUCKING-LCL/LNG DIST, MVG/STORAGE",STORAGE KING LIVER,60.95,,
05/11/2024,MISCELLANEOUS GENERAL MERCHANDISE,AMAZON  TX8BI2MY4,34.96,,
06/11/2024,BUSINESS SERVICES-NOT ELSEWHERE CLASSIFIED,EB  INTRODUCTION TO NV,15.00,,
07/11/2024,MISCELLANEOUS GENERAL MERCHANDISE,AMAZON  TX4810UU4,18.93,,
18/11/2024,BOWLING ALLEYS,TENPIN.CO.UK,21.20,,
18/11/2024,DEPARTMENT STORES,WWW.ARGOS.CO.UK,18.00,,
19/11/2024,GOVERNMENT SERVICES-NOT ELSEWHERE CLASSIFIED,GEN REGISTER OFFICE,54.50,,
20/11/2024,BUSINESS SERVICES-NOT ELSEWHERE CLASSIFIED,ROYAL MAIL GROUP LTD,7.69,,
21/11/2024,DEPARTMENT STORES,WWW.ARGOS.CO.UK,20.99,,
21/11/2024,TELECOM INCL PREPAID/RECURRING PHONE SVCS,EE TOPUP  VESTA,15.00,,
26/11/2024,DEPARTMENT STORES,WWW.ARGOS.CO.UK,185.00,,
27/11/2024,DEPARTMENT STORES,WWW.ARGOS.CO.UK,280.00,,
27/11/2024,DEPARTMENT STORES,WWW.ARGOS.CO.UK,12.00,,
28/11/2024,BUSINESS SERVICES-NOT ELSEWHERE CLASSIFIED,BARRYS SKIP HIRE LIMIT,198.00,,
29/11/2024,DEPARTMENT STORES,WWW.ARGOS.CO.UK,-180.00,,
29/11/2024,DEPARTMENT STORES,WWW.ARGOS.CO.UK,180.00,,
01/12/2024,"CLUBS-CNTRY,MBRSHIP(ATHLET,REC,SPRTS,PRIVATE GOLF",GF  WWW.SNAPFITNESS.CO,36.99,,
03/12/2024,"GROCERY STORES, SUPERMARKETS",ASDA GROCERIES ONLINE,-0.75,,
03/12/2024,"GROCERY STORES, SUPERMARKETS",ASDA GROCERIES ONLINE,-26.40,,
03/12/2024,"GROCERY STORES, SUPERMARKETS",ASDA GROCERIES ONLINE,219.10,,
04/12/2024,DEPARTMENT STORES,WWW.ARGOS.CO.UK,156.95,,
04/12/2024,GOVERNMENT SERVICES-NOT ELSEWHERE CLASSIFIED,GEN REGISTER OFFICE,16.00,,
05/12/2024,MISCELLANEOUS GENERAL MERCHANDISE,AMAZON  MW8267Z65,257.21,,
05/12/2024,MISCELLANEOUS GENERAL MERCHANDISE,AMAZON  1H5TH4X45,113.94,,
05/12/2024,DEPARTMENT STORES,WWW.ARGOS.CO.UK,52.95,,
05/12/2024,REAL ESTATE AGENTS AND MANAGERS-RENTALS,COUNTRYNORTH,900.00,,
05/12/2024,REAL ESTATE AGENTS AND MANAGERS-RENTALS,COUNTRYNORTH,734.00,,
05/12/2024,DEPARTMENT STORES,Argos,386.95,,
05/12/2024,MISCELLANEOUS GENERAL MERCHANDISE,AMAZON  957248H05,101.97,,
05/12/2024,MISCELLANEOUS GENERAL MERCHANDISE,AMAZON  FW1RA2EG5,541.64,,
05/12/2024,DEPARTMENT STORES,WWW.ARGOS.CO.UK,17.95,,
06/12/2024,MISCELLANEOUS GENERAL MERCHANDISE,AMAZON  MV51L11P5,54.32,,
06/12/2024,MISCELLANEOUS GENERAL MERCHANDISE,AMAZON  0514D0Q05,23.97,,
06/12/2024,MISCELLANEOUS GENERAL MERCHANDISE,AMAZON  292QB12T5,115.53,,
06/12/2024,MISCELLANEOUS GENERAL MERCHANDISE,AMAZON  T580917X4,7.61,,
06/12/2024,MISCELLANEOUS GENERAL MERCHANDISE,AMAZON  YA0M53UR5,7.61,,
06/12/2024,MISCELLANEOUS GENERAL MERCHANDISE,AMAZON  4R7CD6N05,15.22,,
06/12/2024,DEPARTMENT STORES,Argos,-380.00,,
06/12/2024,DEPARTMENT STORES,Argos,-6.95,,
06/12/2024,DEPARTMENT STORES,WWW.ARGOS.CO.UK,384.00,,
07/12/2024,MISCELLANEOUS GENERAL MERCHANDISE,AMAZON  CZ1S948L5,38.00,,
08/12/2024,MISCELLANEOUS GENERAL MERCHANDISE,AMAZON  EX1PJ88L5,38.28,,
08/12/2024,DEPARTMENT STORES,WWW.ARGOS.CO.UK,-14.00,,
08/12/2024,DEPARTMENT STORES,WWW.ARGOS.CO.UK,-3.95,,
09/12/2024,BUSINESS SERVICES-NOT ELSEWHERE CLASSIFIED,EB  INTRODUCTION TO NV,15.00,,
10/12/2024,DEPARTMENT STORES,WWW.ARGOS.CO.UK,25.00,,
10/12/2024,DEPARTMENT STORES,WWW.ARGOS.CO.UK,95.95,,
12/12/2024,DEPARTMENT STORES,WWW.ARGOS.CO.UK,19.99,,
12/12/2024,DEPARTMENT STORES,WWW.ARGOS.CO.UK,50.00,,
16/12/2024,GOVERNMENT SERVICES-NOT ELSEWHERE CLASSIFIED,GEN REGISTER OFFICE,-34.50,,
16/12/2024,MISCELLANEOUS GENERAL MERCHANDISE,AMAZON  JC5FH9N75,93.99,,
16/12/2024,GOVERNMENT SERVICES-NOT ELSEWHERE CLASSIFIED,GEN REGISTER OFFICE,42.00,,
16/12/2024,GOVERNMENT SERVICES-NOT ELSEWHERE CLASSIFIED,GEN REGISTER OFFICE,42.00,,
16/12/2024,DEPARTMENT STORES,WWW.ARGOS.CO.UK,21.00,,
17/12/2024,GOVERNMENT SERVICES-NOT ELSEWHERE CLASSIFIED,GEN REGISTER OFFICE,-42.00,,
17/12/2024,GOVERNMENT SERVICES-NOT ELSEWHERE CLASSIFIED,GEN REGISTER OFFICE,42.00,,
19/12/2024,CHILD CARE SERVICES,kidsplanetdaynurseries,100.00,,
20/12/2024,"EQUIP, FURNITURE, HOME FURNSHNGS STRS (EXCPT APPL)",THE RANGE,32.94,,
21/12/2024,MISCELLANEOUS GENERAL MERCHANDISE,WWW.AMAZON.  DU7JD8UA5,109.99,,
30/12/2024,"EQUIP, FURNITURE, HOME FURNSHNGS STRS (EXCPT APPL)",THE RANGE,-5.49,,
31/10/2024,DIGITAL GOODS AUDIOVISUAL MEDIA,CORAMBAAF,156.00,,
01/10/2024,TRAVEL AGENCIES AND TOUR OPERATORS,BOOKING.COM,64.80,,
01/10/2024,TRAVEL AGENCIES AND TOUR OPERATORS,BOOKING.COM,69.30,,
02/10/2024,"TRANSPRTN-SUBRBN & LOCAL COMTR PSNGR, INCL FERRIES",MERSEY TRAVEL,74.50,,
03/10/2024,"TRANSPRTN-SUBRBN & LOCAL COMTR PSNGR, INCL FERRIES",MERSEY TRAVEL,22.00,,
03/10/2024,"TRANSPRTN-SUBRBN & LOCAL COMTR PSNGR, INCL FERRIES",MERSEY TRAVEL,22.00,,
10/10/2024,"TRANSPRTN-SUBRBN & LOCAL COMTR PSNGR, INCL FERRIES",MERSEY TRAVEL,74.50,,
11/10/2024,"TRANSPRTN-SUBRBN & LOCAL COMTR PSNGR, INCL FERRIES",MERSEY TRAVEL,22.00,,
11/10/2024,"TRANSPRTN-SUBRBN & LOCAL COMTR PSNGR, INCL FERRIES",MERSEY TRAVEL,22.00,,
21/10/2024,TRANSPORTATION SERVICES NOT ELSEWHERE CLASSIFIED,ORMSKIRK  O #5330,264.00,,
21/10/2024,"TRANSPRTN-SUBRBN & LOCAL COMTR PSNGR, INCL FERRIES",MERSEY TRAVEL,41.70,,
21/10/2024,"TRANSPRTN-SUBRBN & LOCAL COMTR PSNGR, INCL FERRIES",MERSEY TRAVEL,74.50,,
21/10/2024,"TRANSPRTN-SUBRBN & LOCAL COMTR PSNGR, INCL FERRIES",MERSEY TRAVEL,74.50,,
22/10/2024,"TRANSPRTN-SUBRBN & LOCAL COMTR PSNGR, INCL FERRIES",MERSEY TRAVEL,37.30,,
22/10/2024,"TRANSPRTN-SUBRBN & LOCAL COMTR PSNGR, INCL FERRIES",MERSEY TRAVEL,41.70,,
25/10/2024,"TRANSPRTN-SUBRBN & LOCAL COMTR PSNGR, INCL FERRIES",MERSEY TRAVEL,22.00,,
29/10/2024,"TRANSPRTN-SUBRBN & LOCAL COMTR PSNGR, INCL FERRIES",MERSEY TRAVEL,104.20,,
29/10/2024,"TRANSPRTN-SUBRBN & LOCAL COMTR PSNGR, INCL FERRIES",MERSEY TRAVEL,104.20,,
11/11/2024,PASSENGER RAILWAYS,BOOTLE ORIEL ROAD (MER,23.30,,
11/11/2024,"TRANSPRTN-SUBRBN & LOCAL COMTR PSNGR, INCL FERRIES",MERSEYTRAVEL,37.30,,
12/11/2024,"TRANSPRTN-SUBRBN & LOCAL COMTR PSNGR, INCL FERRIES",MERSEY TRAVEL,74.50,,
12/11/2024,"TRANSPRTN-SUBRBN & LOCAL COMTR PSNGR, INCL FERRIES",MERSEY TRAVEL,37.30,,
12/11/2024,"TRANSPRTN-SUBRBN & LOCAL COMTR PSNGR, INCL FERRIES",MERSEY TRAVEL,41.70,,
13/11/2024,"TRANSPRTN-SUBRBN & LOCAL COMTR PSNGR, INCL FERRIES",MERSEY TRAVEL,135.10,,
13/11/2024,"TRANSPRTN-SUBRBN & LOCAL COMTR PSNGR, INCL FERRIES",MERSEY TRAVEL,37.30,,
13/11/2024,"TRANSPRTN-SUBRBN & LOCAL COMTR PSNGR, INCL FERRIES",MERSEY TRAVEL,74.50,,
13/11/2024,"TRANSPRTN-SUBRBN & LOCAL COMTR PSNGR, INCL FERRIES",MERSEY TRAVEL,37.30,,
15/11/2024,"TRANSPRTN-SUBRBN & LOCAL COMTR PSNGR, INCL FERRIES",MERSEY TRAVEL,74.50,,
15/11/2024,"TRANSPRTN-SUBRBN & LOCAL COMTR PSNGR, INCL FERRIES",MERSEY TRAVEL,74.50,,
15/11/2024,"TRANSPRTN-SUBRBN & LOCAL COMTR PSNGR, INCL FERRIES",MERSEY TRAVEL,74.50,,
15/11/2024,"TRANSPRTN-SUBRBN & LOCAL COMTR PSNGR, INCL FERRIES",MERSEY TRAVEL,23.80,,
25/11/2024,"TRANSPRTN-SUBRBN & LOCAL COMTR PSNGR, INCL FERRIES",MERSEY TRAVEL,74.50,,
25/11/2024,"TRANSPRTN-SUBRBN & LOCAL COMTR PSNGR, INCL FERRIES",MERSEY TRAVEL,37.30,,
25/11/2024,"TRANSPRTN-SUBRBN & LOCAL COMTR PSNGR, INCL FERRIES",MERSEY TRAVEL,37.30,,
25/11/2024,"TRANSPRTN-SUBRBN & LOCAL COMTR PSNGR, INCL FERRIES",MERSEY TRAVEL,41.70,,
28/11/2024,"TRANSPRTN-SUBRBN & LOCAL COMTR PSNGR, INCL FERRIES",MERSEY TRAVEL,37.30,,
28/11/2024,"TRANSPRTN-SUBRBN & LOCAL COMTR PSNGR, INCL FERRIES",MERSEY TRAVEL,37.30,,
28/11/2024,"TRANSPRTN-SUBRBN & LOCAL COMTR PSNGR, INCL FERRIES",MERSEY TRAVEL,37.30,,
28/11/2024,"TRANSPRTN-SUBRBN & LOCAL COMTR PSNGR, INCL FERRIES",MERSEY TRAVEL,37.30,,
28/11/2024,"TRANSPRTN-SUBRBN & LOCAL COMTR PSNGR, INCL FERRIES",MERSEY TRAVEL,74.50,,
28/11/2024,"TRANSPRTN-SUBRBN & LOCAL COMTR PSNGR, INCL FERRIES",MERSEY TRAVEL,74.50,,
28/11/2024,"TRANSPRTN-SUBRBN & LOCAL COMTR PSNGR, INCL FERRIES",MERSEY TRAVEL,74.50,,
02/12/2024,PASSENGER RAILWAYS,PROSECUTION RECEIPTS,114.35,,
05/12/2024,"TRANSPRTN-SUBRBN & LOCAL COMTR PSNGR, INCL FERRIES",MERSEY TRAVEL,135.10,,
11/12/2024,"TRANSPRTN-SUBRBN & LOCAL COMTR PSNGR, INCL FERRIES",MERSEY TRAVEL,37.30,,
12/12/2024,"TRANSPRTN-SUBRBN & LOCAL COMTR PSNGR, INCL FERRIES",MERSEY TRAVEL,11.00,,
12/12/2024,"TRANSPRTN-SUBRBN & LOCAL COMTR PSNGR, INCL FERRIES",MERSEY TRAVEL,135.10,,
12/12/2024,"TRANSPRTN-SUBRBN & LOCAL COMTR PSNGR, INCL FERRIES",MERSEY TRAVEL,33.40,,
20/12/2024,"TRANSPRTN-SUBRBN & LOCAL COMTR PSNGR, INCL FERRIES",MERSEY TRAVEL,37.30,,
20/12/2024,"TRANSPRTN-SUBRBN & LOCAL COMTR PSNGR, INCL FERRIES",MERSEY TRAVEL,74.50,,
20/12/2024,"TRANSPRTN-SUBRBN & LOCAL COMTR PSNGR, INCL FERRIES",MERSEY TRAVEL,37.30,,
20/12/2024,"TRANSPRTN-SUBRBN & LOCAL COMTR PSNGR, INCL FERRIES",MERSEY TRAVEL,37.30,,
20/12/2024,"TRANSPRTN-SUBRBN & LOCAL COMTR PSNGR, INCL FERRIES",MERSEY TRAVEL,74.50,,
20/12/2024,"TRANSPRTN-SUBRBN & LOCAL COMTR PSNGR, INCL FERRIES",MERSEY TRAVEL,37.30,,
20/12/2024,"TRANSPRTN-SUBRBN & LOCAL COMTR PSNGR, INCL FERRIES",MERSEY TRAVEL,37.30,,
23/12/2024,"TRANSPRTN-SUBRBN & LOCAL COMTR PSNGR, INCL FERRIES",MERSEY TRAVEL,37.30,,
23/12/2024,"TRANSPRTN-SUBRBN & LOCAL COMTR PSNGR, INCL FERRIES",MERSEY TRAVEL,74.50,,
23/12/2024,"TRANSPRTN-SUBRBN & LOCAL COMTR PSNGR, INCL FERRIES",MERSEY TRAVEL,67.55,,
01/10/2024,"LODGING-HOTELS,MOTELS,RESORTS-NOT CLASSIFIED",WELCOME BREAK RAMADA C,65.99,,
01/10/2024,"LODGING-HOTELS,MOTELS,RESORTS-NOT CLASSIFIED",WELCOME BREAK RAMADA C,54.99,,
01/10/2024,"LODGING-HOTELS,MOTELS,RESORTS-NOT CLASSIFIED",WELCOME BREAK RAMADA C,54.99,,
01/10/2024,"LODGING-HOTELS,MOTELS,RESORTS-NOT CLASSIFIED",WELCOME BREAK RAMADA C,65.99,,
01/10/2024,"LODGING-HOTELS,MOTELS,RESORTS-NOT CLASSIFIED",WELCOME BREAK RAMADA C,54.99,,
01/10/2024,"LODGING-HOTELS,MOTELS,RESORTS-NOT CLASSIFIED",WELCOME BREAK RAMADA C,59.99,,
01/10/2024,"LODGING-HOTELS,MOTELS,RESORTS-NOT CLASSIFIED",WELCOME BREAK RAMADA C,58.99,,
06/12/2024,TRAVELODGE,TRAVELODGE,280.97,,
01/10/2024,MISCELLANEOUS GENERAL MERCHANDISE,AMAZON  TA0QX86X4,133.33,,
01/10/2024,GOVERNMENT SERVICES-NOT ELSEWHERE CLASSIFIED,HM PASSPORT OFFICE,62.50,,
01/10/2024,GOVERNMENT SERVICES-NOT ELSEWHERE CLASSIFIED,HM PASSPORT OFFICE,93.50,,
03/10/2024,"EQUIP, FURNITURE, HOME FURNSHNGS STRS (EXCPT APPL)",bedfactorydirect.co.uk,503.92,,
03/10/2024,GOVERNMENT SERVICES-NOT ELSEWHERE CLASSIFIED,GEN REGISTER OFFICE,42.00,,
09/10/2024,GOVERNMENT SERVICES-NOT ELSEWHERE CLASSIFIED,GEN REGISTER OFFICE,-12.50,,
09/10/2024,MISCELLANEOUS GENERAL MERCHANDISE,WWW.AMAZON.  TQ34N2CM4,19.96,,
09/10/2024,"PUBLIC WAREHOUSING-FARM, REFRIG GOODS, HHG STORAGE",WWW.SMART-STORAGE.CO.U,183.49,,
09/10/2024,GOVERNMENT SERVICES-NOT ELSEWHERE CLASSIFIED,GEN REGISTER OFFICE,64.00,,
09/10/2024,PROFESSIONAL SERVICES-NOT ELSEWHERE CLASSIFIED,CK LOCKSMITHS,89.00,,
11/10/2024,MISCELLANEOUS AND SPECIALTY RETAIL STORES,AMZNMktplace TQ4Q511R4,56.98,,
11/10/2024,MISCELLANEOUS AND SPECIALTY RETAIL STORES,AMZNMktplace TQ12490F4,129.00,,
11/10/2024,"UTLTS-ELCTRC, GAS, HEATING OIL, SANITARY, WATER",ORMSKIRK SKIP RECYCLIN,202.00,,
11/10/2024,SCHOOLS & EDUCATIONAL SVC-NOT ELSEWHERE CLASSIFIED,LANCASHIRE CC WEBSITE,12.50,,
22/10/2024,BOWLING ALLEYS,TENPIN.CO.UK,26.60,,
23/10/2024,SCHOOLS & EDUCATIONAL SVC-NOT ELSEWHERE CLASSIFIED,STAGE-ED,165.00,,
23/10/2024,COMPUTER SOFTWARE STORES,ULITIMATEKIDSLTD,119.38,,
24/10/2024,"CLOCK, JEWELRY, WATCH, AND SILVERWARE STORE",SQ  PUZZOLOGY,40.00,,
26/10/2024,MISCELLANEOUS GENERAL MERCHANDISE,AMAZON  TL6LR52W4,719.99,,
30/10/2024,MISCELLANEOUS AND SPECIALTY RETAIL STORES,AMZNMktplace TR7G265B4,36.91,,
31/10/2024,SCHOOLS & EDUCATIONAL SVC-NOT ELSEWHERE CLASSIFIED,LANCASHIRE CC WEBSITE,63.50,,
01/11/2024,DEPARTMENT STORES,WWW.ARGOS.CO.UK,190.00,,
01/11/2024,DEPARTMENT STORES,WWW.ARGOS.CO.UK,201.95,,
01/11/2024,MISCELLANEOUS GENERAL MERCHANDISE,CDS T/A WILKO.COM,382.95,,
01/11/2024,GOVERNMENT SERVICES-NOT ELSEWHERE CLASSIFIED,HM PASSPORT OFFICE,88.50,,
05/11/2024,"UTLTS-ELCTRC, GAS, HEATING OIL, SANITARY, WATER",OVO ENERGY,15.00,,
05/11/2024,"UTLTS-ELCTRC, GAS, HEATING OIL, SANITARY, WATER",OVO ENERGY,15.00,,
07/11/2024,MISCELLANEOUS GENERAL MERCHANDISE,AMAZON  TX14Z8KN4,34.99,,
08/11/2024,DEPARTMENT STORES,WWW.ARGOS.CO.UK,70.95,,
11/11/2024,GOVERNMENT SERVICES-NOT ELSEWHERE CLASSIFIED,GEN REGISTER OFFICE,12.50,,
13/11/2024,GOVERNMENT SERVICES-NOT ELSEWHERE CLASSIFIED,GEN REGISTER OFFICE,12.50,,
13/11/2024,MISCELLANEOUS AND SPECIALTY RETAIL STORES,AMZNMktplace T117D77O4,19.95,,
13/11/2024,ELECTRONIC SALES,CURRYS ONLINE,254.00,,
13/11/2024,REAL ESTATE AGENTS AND MANAGERS-RENTALS,COUNTRYNORTH,196.00,,
13/11/2024,DEPARTMENT STORES,WWW.ARGOS.CO.UK,324.00,,
15/11/2024,"UTLTS-ELCTRC, GAS, HEATING OIL, SANITARY, WATER",ORMSKIRK SKIP RECYCLIN,180.00,,
15/11/2024,DEPARTMENT STORES,WWW.ARGOS.CO.UK,400.00,,
15/11/2024,GOVERNMENT SERVICES-NOT ELSEWHERE CLASSIFIED,GEN REGISTER OFFICE,42.00,,
25/11/2024,DEPARTMENT STORES,WWW.ARGOS.CO.UK,60.00,,
27/11/2024,"PUBLIC WAREHOUSING-FARM, REFRIG GOODS, HHG STORAGE",WWW.SMART-STORAGE.CO.U,-82.82,,
27/11/2024,MISCELLANEOUS GENERAL MERCHANDISE,WWW.AMAZON.  TP44L5QR4,179.00,,
28/11/2024,"EQUIPMENT RENTAL&LEASING SVS, FURNTURE/TOOL RENTAL",BARRY S SKIP HIRE,265.20,,
28/11/2024,GOVERNMENT SERVICES-NOT ELSEWHERE CLASSIFIED,HMCTS CHILD ORDER,255.00,,
29/11/2024,DEPARTMENT STORES,WWW.ARGOS.CO.UK,98.99,,
03/12/2024,DEPARTMENT STORES,WWW.ARGOS.CO.UK,525.00,,
03/12/2024,"FREIGHT CARRIER,TRUCKING-LCL/LNG DIST, MVG/STORAGE",STORAGE KING LIVER,118.59,,
04/12/2024,"UTLTS-ELCTRC, GAS, HEATING OIL, SANITARY, WATER",UTILITY WAREHOUSE,250.00,,
04/12/2024,MISCELLANEOUS GENERAL MERCHANDISE,WWW.AMAZON.  IY0K18DZ5,256.79,,
05/12/2024,MISCELLANEOUS AND SPECIALTY RETAIL STORES,AMZNMktplace ZK69F8GX5,18.97,,
06/12/2024,DEPARTMENT STORES,WWW.ARGOS.CO.UK,279.00,,
09/12/2024,ELECTRONIC SALES,CURRYS ONLINE,254.00,,
09/12/2024,DEPARTMENT STORES,WWW.ARGOS.CO.UK,130.00,,
11/12/2024,BUSINESS SERVICES-NOT ELSEWHERE CLASSIFIED,BARRYS SKIP HIRE LIMIT,265.20,,
11/12/2024,"UTLTS-ELCTRC, GAS, HEATING OIL, SANITARY, WATER",ORMSKIRK SKIP RECYCLIN,180.00,,
11/12/2024,GOVERNMENT SERVICES-NOT ELSEWHERE CLASSIFIED,GEN REGISTER OFFICE,42.00,,
12/12/2024,GOVERNMENT SERVICES-NOT ELSEWHERE CLASSIFIED,LIVERPOOL CITY COUNCIL,12.50,,
12/12/2024,GOVERNMENT SERVICES-NOT ELSEWHERE CLASSIFIED,GEN REGISTER OFFICE,12.50,,
21/12/2024,MISCELLANEOUS AND SPECIALTY RETAIL STORES,AMZNMktplace 859W42TR5,49.98,,
27/12/2024,DEPARTMENT STORES,WWW.ARGOS.CO.UK,-400.00,,
08/11/2024,DIRECT MARKETING-OTHER DIRECT MARKETERS/NOT ELSEW.,Amazon.co.uk TX0PR0YN4,99.00,,
11/11/2024,DIRECT MARKETING-OTHER DIRECT MARKETERS/NOT ELSEW.,Amazon.co.uk T14LC9X94,84.47,,
10/10/2024,"GROCERY STORES, SUPERMARKETS",TESCO STORES 3193,121.14,,
14/10/2024,MISCELLANEOUS AND SPECIALTY RETAIL STORES,AMZNMktplace,-17.79,,
14/10/2024,TELECOM INCL PREPAID/RECURRING PHONE SVCS,BT CONSUMER RECURRING,49.35,,
17/10/2024,"GROCERY STORES, SUPERMARKETS",TESCO STORES 3193,131.09,,
22/10/2024,MISCELLANEOUS GENERAL MERCHANDISE,AMAZON  TL5SM6FW4,293.82,,
24/10/2024,"GROCERY STORES, SUPERMARKETS",TESCO STORES 3193,107.82,,
31/10/2024,"GROCERY STORES, SUPERMARKETS",TESCO STORES 3193,132.14,,
03/11/2024,MISCELLANEOUS AND SPECIALTY RETAIL STORES,AMZNMktplace TX9OE6O84,116.91,,
04/11/2024,TELECOM INCL PREPAID/RECURRING PHONE SVCS,BT BUSINESS BILL,301.81,,
06/11/2024,"CLEANING, GARMENT, AND LAUNDRY SERVICES",SumUp   PETERS CLEANIN,35.00,,
07/11/2024,"GROCERY STORES, SUPERMARKETS",TESCO STORES 3193,95.81,,
12/11/2024,TELECOM INCL PREPAID/RECURRING PHONE SVCS,BT CONSUMER RECURRING,49.35,,
12/11/2024,"BUILDING MATERIALS, LUMBER STORES",CITY ELECTRICAL FA,13.20,,
14/11/2024,"GROCERY STORES, SUPERMARKETS",TESCO STORES 3193,139.23,,
21/11/2024,"GROCERY STORES, SUPERMARKETS",TESCO STORES 3193,105.92,,
28/11/2024,"GROCERY STORES, SUPERMARKETS",ALDI 37 773,62.20,,
03/12/2024,GOVERNMENT SERVICES-NOT ELSEWHERE CLASSIFIED,THE ATKINSON,28.00,,
03/12/2024,MISCELLANEOUS GENERAL MERCHANDISE,HOME BARGAINS SOUTHPOR,43.69,,
03/12/2024,"GROCERY STORES, SUPERMARKETS",TESCO STORES 3193,3.00,,
05/12/2024,"GROCERY STORES, SUPERMARKETS",TESCO STORES 3193,87.24,,
06/12/2024,MOTION PICTURE THEATERS,Vue Entertainment Ltd,9.49,,
09/12/2024,HOME SUPPLY WAREHOUSE STORES,B & Q 1101,22.97,,
10/12/2024,MISCELLANEOUS AND SPECIALTY RETAIL STORES,AMZNMktplace AV9YX35T5,251.16,,
10/12/2024,BOWLING ALLEYS,TENPIN.CO.UK,12.80,,
11/12/2024,GOVERNMENT SERVICES-NOT ELSEWHERE CLASSIFIED,THE ATKINSON,39.00,,
12/12/2024,TELECOM INCL PREPAID/RECURRING PHONE SVCS,BT CONSUMER RECURRING,49.35,,
12/12/2024,"GROCERY STORES, SUPERMARKETS",TESCO STORES 3193,124.84,,
19/12/2024,"GROCERY STORES, SUPERMARKETS",TESCO STORES 3193,160.35,,
11/10/2024,"ORGANIZATIONS, MEMBERSHIP-NOT ELSEWHERE CLASSIFIED",CITIZENCARD,35.00,,
30/10/2024,MISCELLANEOUS AND SPECIALTY RETAIL STORES,AMZNMktplace TR17D9XF4,25.78,,
12/12/2024,MOTION PICTURE THEATERS,PLAZA COMMUNITY CINEMA,23.40,,
20/12/2024,"BRIDGE AND ROAD FEES, TOLLS",MNK Mersey Gateway,62.00,,
11/10/2024,TAX PAYMENTS,DVLA VEHICLE TAX,167.50,,
11/10/2024,TAX PAYMENTS,DVLA VEHICLE TAX,922.50,,
11/10/2024,TAX PAYMENTS,DVLA VEHICLE TAX,922.50,,
11/10/2024,TAX PAYMENTS,DVLA VEHICLE TAX,922.50,,
11/10/2024,TAX PAYMENTS,DVLA VEHICLE TAX,167.50,,
11/10/2024,TAX PAYMENTS,DVLA VEHICLE TAX,337.50,,
11/10/2024,TAX PAYMENTS,DVLA VEHICLE TAX,337.50,,
11/10/2024,TAX PAYMENTS,DVLA VEHICLE TAX,337.50,,
11/10/2024,TAX PAYMENTS,DVLA VEHICLE TAX,167.50,,
11/10/2024,TAX PAYMENTS,DVLA VEHICLE TAX,337.50,,
11/10/2024,TAX PAYMENTS,DVLA VEHICLE TAX,337.50,,
25/10/2024,GOVERNMENT SERVICES-NOT ELSEWHERE CLASSIFIED,SECURITY INDUSTRY AUTH,184.00,,
04/11/2024,GOVERNMENT SERVICES-NOT ELSEWHERE CLASSIFIED,DVSA,410.00,,
04/11/2024,"ORGANIZATIONS, MEMBERSHIP-NOT ELSEWHERE CLASSIFIED",WWW.MOTOR.ORG.UK,151.20,,
07/11/2024,TAX PAYMENTS,DVLA VEHICLE TAX,337.50,,
07/11/2024,TAX PAYMENTS,DVLA VEHICLE TAX,337.50,,
07/11/2024,TAX PAYMENTS,DVLA VEHICLE TAX,337.50,,
07/11/2024,TAX PAYMENTS,DVLA VEHICLE TAX,337.50,,
07/11/2024,TAX PAYMENTS,DVLA VEHICLE TAX,337.50,,
07/11/2024,TAX PAYMENTS,DVLA VEHICLE TAX,337.50,,
07/11/2024,TAX PAYMENTS,DVLA VEHICLE TAX,337.50,,
07/11/2024,TAX PAYMENTS,DVLA VEHICLE TAX,337.50,,
07/11/2024,TAX PAYMENTS,DVLA VEHICLE TAX,337.50,,
07/11/2024,TAX PAYMENTS,DVLA VEHICLE TAX,337.50,,
07/11/2024,TAX PAYMENTS,DVLA VEHICLE TAX,497.50,,
07/11/2024,TAX PAYMENTS,DVLA VEHICLE TAX,337.50,,
07/11/2024,TAX PAYMENTS,DVLA VEHICLE TAX,922.50,,
08/11/2024,MISCELLANEOUS GENERAL MERCHANDISE,AMAZON  T15TH1OK4,69.98,,
11/11/2024,GOVERNMENT SERVICES-NOT ELSEWHERE CLASSIFIED,DVSA,148.00,,
13/11/2024,TAX PAYMENTS,DVLA VEHICLE TAX,167.50,,
22/11/2024,GOVERNMENT SERVICES-NOT ELSEWHERE CLASSIFIED,SECURITY INDUSTRY AUTH,184.00,,
25/11/2024,TAX PAYMENTS,DVLA VEHICLE TAX,337.50,,
06/12/2024,TAX PAYMENTS,DVLA VEHICLE TAX,167.50,,
06/12/2024,TAX PAYMENTS,DVLA VEHICLE TAX,167.50,,
06/12/2024,TAX PAYMENTS,DVLA VEHICLE TAX,337.50,,
06/12/2024,TAX PAYMENTS,DVLA VEHICLE TAX,337.50,,
06/12/2024,TAX PAYMENTS,DVLA VEHICLE TAX,452.50,,
06/12/2024,TAX PAYMENTS,DVLA VEHICLE TAX,452.50,,
06/12/2024,TAX PAYMENTS,DVLA VEHICLE TAX,452.50,,
06/12/2024,TAX PAYMENTS,DVLA VEHICLE TAX,452.50,,
06/12/2024,TAX PAYMENTS,DVLA VEHICLE TAX,452.50,,
06/12/2024,TAX PAYMENTS,DVLA VEHICLE TAX,452.50,,
06/12/2024,TAX PAYMENTS,DVLA VEHICLE TAX,452.50,,
06/12/2024,TAX PAYMENTS,DVLA VEHICLE TAX,167.50,,
09/12/2024,GOVERNMENT SERVICES-NOT ELSEWHERE CLASSIFIED,C2E911000402R UKVI,"2,239.00",,
16/12/2024,TAX PAYMENTS,DVLA VEHICLE TAX,167.50,,
19/12/2024,TAX PAYMENTS,DVLA VEHICLE TAX,167.50,,
19/12/2024,AUTOMOTIVE SERVICE SHOPS,Express Travel (Holdin,75.00,,
25/10/2024,"LODGING-HOTELS,MOTELS,RESORTS-NOT CLASSIFIED",Lord Street Hotel,"1,348.00",,
27/10/2024,"LODGING-HOTELS,MOTELS,RESORTS-NOT CLASSIFIED",The Royal Hotel,272.65,,
25/10/2024,"EATING PLACES, RESTAURANTS",PUNCH and LORD ST HOT,19.20,,
25/10/2024,"EATING PLACES, RESTAURANTS",EGO SEFTON,673.58,,
26/10/2024,"BAR,LOUNGE,DISCO,NIGHTCLUB,TAVERN-ALCOHOLIC DRINKS",14 Bar and Grill,128.90,,
26/10/2024,"EATING PLACES, RESTAURANTS",THE GRAND,620.44,,
22/11/2024,"BAR,LOUNGE,DISCO,NIGHTCLUB,TAVERN-ALCOHOLIC DRINKS",MILLYS BAR,14.50,,
01/10/2024,"GROCERY STORES, SUPERMARKETS",MARKS&SPENCER PLC,189.10,,
28/10/2024,GOVERNMENT SERVICES-NOT ELSEWHERE CLASSIFIED,WWW.SEFTON.GOV.UK (ICO,35.00,,
03/11/2024,HARDWARE STORES,Tony Almond Home and G,34.41,,
07/11/2024,"CLEANING, GARMENT, AND LAUNDRY SERVICES",SumUp   Crosby hand ca,15.00,,
10/11/2024,"CLUBS-CNTRY,MBRSHIP(ATHLET,REC,SPRTS,PRIVATE GOLF",Great Crosby Comrades,13.05,,
12/11/2024,MISCELLANEOUS AND SPECIALTY RETAIL STORES,AMZNMktplace T12OH65S4,16.95,,
19/11/2024,"ORGANIZATIONS, CHARITABLE AND SOCIAL SERVICES",Royal British Legion,495.00,,
23/11/2024,MISCELLANEOUS GENERAL MERCHANDISE,HOME BARGAINS,11.28,,
10/12/2024,"BUILDING MATERIALS, LUMBER STORES",SCREWFIX DIRECT,139.96,,
12/12/2024,SERVICE STATIONS WITH OR WITHOUT ANCILLARY SERVICE,TESCO PFS 3937,20.00,,
01/10/2024,"BUILDING MATERIALS, LUMBER STORES",TRAVIS PERKINS TRADING,49.68,,
03/10/2024,"BUILDING MATERIALS, LUMBER STORES",TRAVIS PERKINS TRADING,60.66,,
04/10/2024,"BUILDING MATERIALS, LUMBER STORES",TRAVIS PERKINS TRADING,228.24,,
09/10/2024,"BUILDING MATERIALS, LUMBER STORES",SCREWFIX DIR LTD,7.98,,
09/10/2024,HARDWARE EQUIPMENT AND SUPPLIES,JOSEPH PARR LTD,45.02,,
16/10/2024,"BUILDING MATERIALS, LUMBER STORES",TRAVIS PERKINS TRADING,61.46,,
16/10/2024,HOME SUPPLY WAREHOUSE STORES,B & Q 1132,25.10,,
18/10/2024,"BUILDING MATERIALS, LUMBER STORES",TRAVIS PERKINS TRADING,93.12,,
22/10/2024,"BUILDING MATERIALS, LUMBER STORES",TRAVIS PERKINS TRADING,67.68,,
23/10/2024,"BUILDING MATERIALS, LUMBER STORES",TRAVIS PERKINS TRADING,22.56,,
24/10/2024,"BUILDING MATERIALS, LUMBER STORES",TRAVIS PERKINS TRADING,79.27,,
29/10/2024,"BUILDING MATERIALS, LUMBER STORES",SCREWFIX DIR LTD,24.99,,
30/10/2024,"BUILDING MATERIALS, LUMBER STORES",TRAVIS PERKINS TRADING,49.92,,
01/11/2024,"BUILDING MATERIALS, LUMBER STORES",TRAVIS PERKINS TRADING,25.92,,
12/11/2024,HOME SUPPLY WAREHOUSE STORES,B & Q 1132,15.12,,
12/11/2024,"BUILDING MATERIALS, LUMBER STORES",TOOLSTATION LTD,28.40,,
15/11/2024,HARDWARE EQUIPMENT AND SUPPLIES,JOSEPH PARR LTD,22.44,,
18/11/2024,"BUILDING MATERIALS, LUMBER STORES",SCREWFIX DIR LTD,5.06,,
21/11/2024,"BUILDING MATERIALS, LUMBER STORES",TRAVIS PERKINS TRADING,95.52,,
26/11/2024,"BUILDING MATERIALS, LUMBER STORES",TRAVIS PERKINS TRADING,38.53,,
26/11/2024,"BUILDING MATERIALS, LUMBER STORES",SCREWFIX DIR LTD,38.96,,
28/11/2024,"BUILDING MATERIALS, LUMBER STORES",TRAVIS PERKINS TRADING,48.00,,
28/11/2024,HOME SUPPLY WAREHOUSE STORES,B & Q 1132,15.12,,
03/12/2024,"BUILDING MATERIALS, LUMBER STORES",TRAVIS PERKINS TRADING,49.44,,
09/12/2024,"BUILDING MATERIALS, LUMBER STORES",TRAVIS PERKINS TRADING,50.88,,
10/12/2024,"BUILDING MATERIALS, LUMBER STORES",SCREWFIX DIR LTD,27.82,,
11/12/2024,"BUILDING MATERIALS, LUMBER STORES",SCREWFIX DIR LTD,24.99,,
18/12/2024,"BUILDING MATERIALS, LUMBER STORES",TRAVIS PERKINS TRADING,46.56,,
01/10/2024,COMPUTER SOFTWARE STORES,"WHEN I WORK, INC.",22.35,,
01/10/2024,"ORGANIZATIONS, CHARITABLE AND SOCIAL SERVICES",PAYPAL  BRITISHASSO,75.00,,
08/10/2024,COMPUTER NETWORK/INFORMATION SERVICES,DNH 123REG#3340515638,110.33,,
09/10/2024,MISCELLANEOUS GENERAL MERCHANDISE,AMAZON  TO0HK5YU4,92.92,,
13/10/2024,"ORGANIZATIONS, CHARITABLE AND SOCIAL SERVICES",PAYPAL  ROYALNATION,107.39,,
22/10/2024,MISCELLANEOUS GENERAL MERCHANDISE,AMAZON  TL1IL3JM4,52.98,,
29/10/2024,MISCELLANEOUS AND SPECIALTY RETAIL STORES,AMZNMktplace TR0V46EE4,23.96,,
30/10/2024,MISCELLANEOUS GENERAL MERCHANDISE,AMAZON  TR41L5HM4,467.14,,
30/10/2024,MISCELLANEOUS GENERAL MERCHANDISE,AMAZON  TR6M29HC4,106.80,,
01/11/2024,MISCELLANEOUS GENERAL MERCHANDISE,AMAZON  TR6M07254,361.00,,
04/11/2024,MISCELLANEOUS AND SPECIALTY RETAIL STORES,AMZNMktplace TX8ZR6AN4,39.12,,
04/11/2024,MISCELLANEOUS AND SPECIALTY RETAIL STORES,AMZNMktplace TX1D51EP4,67.63,,
18/11/2024,MISCELLANEOUS AND SPECIALTY RETAIL STORES,AMZNMktplace T989Z8S74,83.16,,
18/11/2024,MISCELLANEOUS GENERAL MERCHANDISE,REPLACEMENT KEYS LTD,14.75,,
19/11/2024,"ORGANIZATIONS, CHARITABLE AND SOCIAL SERVICES",PAYPAL  BRITISHASSO,75.00,,
20/11/2024,MISCELLANEOUS AND SPECIALTY RETAIL STORES,AMZNMktplace T90VS0WP4,156.94,,
21/11/2024,MISCELLANEOUS AND SPECIALTY RETAIL STORES,AMZNMktplace TE46K7AE4,35.38,,
07/12/2024,MISCELLANEOUS AND SPECIALTY RETAIL STORES,AMZNMktplace 414NC3A85,34.08,,
09/12/2024,"GROCERY STORES, SUPERMARKETS",TESCO STORES 4786,19.50,,
10/12/2024,"GROCERY STORES, SUPERMARKETS",TESCO STORES 4786,3.75,,
11/12/2024,MISCELLANEOUS AND SPECIALTY RETAIL STORES,AMZNMktplace ZW8C29LI5,230.32,,
16/12/2024,MISCELLANEOUS AND SPECIALTY RETAIL STORES,AMZNMktplace,-34.08,,
18/12/2024,MISCELLANEOUS GENERAL MERCHANDISE,WWW.AMAZON.  HI1MP8MU5,25.00,,
18/12/2024,MISCELLANEOUS GENERAL MERCHANDISE,WWW.AMAZON.  VP23D7XP5,20.00,,
18/12/2024,MISCELLANEOUS GENERAL MERCHANDISE,WWW.AMAZON.  GM7MU1G35,15.00,,
18/12/2024,SCHOOLS & EDUCATIONAL SVC-NOT ELSEWHERE CLASSIFIED,PEOPLECERT,119.00,,
18/12/2024,SCHOOLS & EDUCATIONAL SVC-NOT ELSEWHERE CLASSIFIED,PEOPLECERT,119.00,,
23/11/2024,DIRECT MARKETING-OTHER DIRECT MARKETERS/NOT ELSEW.,Amazon.co.uk TE3ST36J4,25.96,,
28/11/2024,DIRECT MARKETING-OTHER DIRECT MARKETERS/NOT ELSEW.,Amazon.co.uk TP0VY2KK4,24.98,,
05/12/2024,AUTOMOBILE PARKING LOTS AND GARAGES,Q PARK ONLINE SALES UK,24.00,,
10/12/2024,AUTOMOBILE PARKING LOTS AND GARAGES,Q PARK ONLINE SALES UK,12.40,,
