UID,Council,Contract Status,Name,Classification,Route to Market,Contract Type Detail,Start Date,End Date,Maximum Extension Date,Annual Contract Value (average),Value,Supplier Name,Company Registration Number,Postal Code,Supplier Type,Customer Name
3980, Trafford Borough Council,Live (On-going),Zinio / eMagazines,271440 - Information Communication Technology - Software,Call Off (External), Contract,01/04/2018,31/03/2023,-,"�2,000.00","�10,000.00",W.F.Howe,3662159,LE7 4YH,-,"Trafford Borough Council, TRAFF - Governance and Community Strategy"
4614, Trafford Borough Council,Live (On-going),"Voluntary, Community and Social Enterprise (VCSE) Infrastructure Support Service",321100 - Social Community Care Supplies & Services - Children,OJEU Tender (Light Touch), Contract,01/04/2019,31/03/2024,-,"�89,980.00","�449,900.00",Pulse Regeneration,-,x,-,"Trafford Borough Council, TRAFF - Children, Families and Wellbeing"
6454, Trafford Borough Council,Live (On-going),Virtual School Attendance and Attainment Management System,270000 - Information Communication Technology,RBS - Low/Med - Simple (RFQ), Contract,01/08/2019,31/07/2021,-,"�16,731.00","�30,000.00",Contact Group Ltd,13443112,PL3 5AE,-,"Trafford Borough Council, TRAFF - Children, Families and Wellbeing"
8683, Trafford Borough Council,Live (On-going),User Adoption Partner for Microsoft 365 Programme,270000 - Information Communication Technology,RBS - Low/Med - Simple (RFQ), Contract,12/10/2020,30/06/2023,-,�0.00,"�78,000.00",Changing Social Ltd,10245522,N1 7LQ,-,"Trafford Borough Council, TRAFF - Finance and Systems"
970, Trafford Borough Council,Live (On-going),"Transformation, Operation & Management of Altrincham Market",180000 - Environmental Services,RBS - Low - Quick Quote, Contract,20/08/2013,19/08/2023,-,�0.00,�0.00,Market Operations,-,x,-,"Trafford Borough Council, TRAFF - Place"
10000, Trafford Borough Council,Live (On-going),Trafford Youth Cabinet,321100 - Social Community Care Supplies & Services - Children,RBS - Low/Med - Simple (RFQ), Contract,01/01/2020,31/12/2023,-,"�54,904.00","�62,624.00",Gorse Hill Studios Creative Community,9646545,M32 0PS,-,"Trafford Borough Council, TRAFF - Children's Services"
8760, Trafford Borough Council,Live (On-going),Trafford Gazetteer Data for Adults & Children�s Services,270000 - Information Communication Technology,Call Off (External), Call-off Contract,01/01/2021,31/03/2026,-,"�2,720.00","�27,880.00",Liquidlogic Ltd,-,LS25 1NB,-,"Trafford Borough Council, TRAFF - Children's Services, TRAFF - Strategy and Resources"
8562, Trafford Borough Council,Live (On-going),Trafford Collaborative Accreditation Review,150000 - Consultancy,Exemption, Contract,14/05/2020,14/05/2023,-,"�10,000.00","�30,000.00",Milford Research & Consultancy Limited,-,x,-,"Trafford Borough Council, TRAFF - Finance and Systems"
4033, Trafford Borough Council,Live (On-going),Trafford Car Salary Sacrifice Scheme,381600 - Vehicle Management - Leasing,Call Off (External), Call-off Contract,17/05/2019,17/05/2021,-,"�330,500.00","�661,000.00",Northumbria Healthcare NHS Foundation Trust,-,NE27 0QJ,-,"Trafford Borough Council, TRAFF - Finance and Systems"
3237, Trafford Borough Council,Live (On-going),The Chest eProcurement Portal 2,271300 - Information Communication Technology - Services - Maintenance & Support,Call Off (External), Contract,01/09/2015,31/07/2023,-,"�2,250.00","�18,000.00",Proactis,3182974,LS22 6LE,-,"Trafford Borough Council, TRAFF - Finance and Systems"
10024, Trafford Borough Council,Live (On-going),Supported Living Service 4,321000 - Social Community Care Supplies & Services - Adult,Call Off (Internal), Call-off Contract,01/05/2020,30/04/2022,-,"�188,292.00","�376,584.00",Community Integrated Care,-,WA8 7SP,-,"Trafford Borough Council, TRAFF - Adults' Services, TRAFF - Children, Families and Wellbeing"
4532, Trafford Borough Council,Live (On-going),Supported Living Service (17 Properties),321000 - Social Community Care Supplies & Services - Adult,Call Off (Internal), Call-off Contract,01/05/2020,30/04/2022,-,"�3,420,532.17","�6,841,064.00",Future Directions,-,OL9 9XA,-,"Trafford Borough Council, TRAFF - Adults' Services, TRAFF - Children, Families and Wellbeing"
4526, Trafford Borough Council,Live (On-going),Supported Living Service 1,321000 - Social Community Care Supplies & Services - Adult,Call Off (Internal), Call-off Contract,01/05/2020,30/04/2022,-,"�307,818.55","�615,637.10",IAS,6816324,AL9 7NT,-,"Trafford Borough Council, TRAFF - Adults' Services, TRAFF - Children, Families and Wellbeing"
8029, Trafford Borough Council,Live (On-going),"Supply, Maintenance and Repair of Commercial Electrical Cleaning Equipment 2",131000 - Cleaning & Janitorial - Cleaning Materials,OJEU Tender, Framework Agreement,29/01/2020,29/01/2024,-,"�35,000.00","�70,000.00",Shorrock Trichem Ltd,4179799,M46 9SD,-,"Trafford Borough Council, TRAFF - Finance and Systems"
569, Trafford Borough Council,Live (On-going),Supply and Delivery of Groceries/Chilled Foods and Frozen Foods,111200 - Catering - Food & Beverages,OJEU Tender, Framework Agreement,13/07/2015,31/08/2023,-,"�1,511,750.00","�9,070,500.00",BRAKE BROS LTD,-,x,-,"Trafford Borough Council, TRAFF - Governance and Community Strategy, TRAFF - Strategy and Resources"
4074, Trafford Borough Council,Live (On-going),"Substance Misuse - Collaborative tender between Bolton, Salford and Trafford",151514 - Healthcare - Public Health - Specialist Services,OJEU Tender (Light Touch), Contract,15/01/2018,31/03/2025,-,"�2,120,082.00","�10,600,410.00",Greater Manchester Mental Health NHS FT,-,x,-,"Trafford Borough Council, TRAFF - Adults' Services, TRAFF - Integrated Commissioning"
5002, Trafford Borough Council,Live (On-going),Street Lighting 2,371000 - Utilities - Electricity,Call Off (External), Call-off Contract,01/04/2019,31/03/2023,-,"�347,688.00","�1,043,064.00",Npower,3653277,WF17 9NE,-,"Trafford Borough Council, TRAFF - Place"
4004, Trafford Borough Council,Live (On-going),Statutory Advocacy Hub Services,321000 - Social Community Care Supplies & Services - Adult,OJEU Tender, Contract,01/04/2018,31/03/2023,-,"�183,000.00","�915,000.00",Advocacy Focus,4135225,BB5 6PW,-,"Trafford Borough Council, TRAFF - Children, Families and Wellbeing"
8708, Trafford Borough Council,Live (On-going),STAR Contract Register Solution,271440 - Information Communication Technology - Software,Call Off (External), Call-off Contract,15/01/2021,14/01/2024,-,"�5,385.00","�44,640.00",In-tend Ltd,5845701,S60 1DX,-,"Trafford Borough Council, TRAFF - Finance and Systems"
8472, Trafford Borough Council,Live (On-going),Software upgrade for CCTV,270000 - Information Communication Technology,RBS - Low - Quick Quote, Contract,05/01/2020,04/01/2025,-,"�6,103.50","�30,517.50",Synectic Systems Group Ltd,5815524, S8 0XN,-,"Trafford Borough Council, TRAFF - Governance and Community Strategy"
3027, Trafford Borough Council,Live (On-going),"SIP Trunking Solution, via the CCS Framework RM1045 � Lot 3",271501 - Information Communication Technology - Services,Modification, Call-off Contract,01/09/2016,31/08/2023,-,"�53,000.00","�296,300.00",Gamma Telecom Limited,-,x,-,"Trafford Borough Council, TRAFF - Finance and Systems"
5277, Trafford Borough Council,Live (On-going),Taxi and Private Hire Testing Service - LP MCR Ltd,381400 - Vehicle Management - Maintenance,OJEU Tender, Framework Agreement,01/10/2021,30/09/2023,-,"�133,105.00","�266,210.00",LP MCR Ltd,10711161,M16 9HE,-,"Trafford Borough Council, TRAFF - Place"
5277, Trafford Borough Council,Live (On-going),Taxi and Private Hire Testing Service - Prestige Training Ltd,381400 - Vehicle Management - Maintenance,OJEU Tender, Framework Agreement,01/10/2021,30/09/2023,-,"�133,105.00","�266,210.00",Prestige Training LTD,-,M50 2QL,-,"Trafford Borough Council, TRAFF - Place"
5277, Trafford Borough Council,Live (On-going),Taxi and Private Hire Testing Service - Peter Ramsey,381400 - Vehicle Management - Maintenance,OJEU Tender, Framework Agreement,01/10/2021,30/09/2023,30/09/2025,"�133,105.00","�266,210.00",Peter Ramsey Auto Services LTD,4435930,SK14 1AH,-,"Trafford Borough Council, TRAFF - Place"
9238, Trafford Borough Council,Live (On-going),Domestic Furniture & White Goods,211100 - Furniture & Soft Furnishings - Domestic Furniture,Call Off (External), Call-off Contract,01/04/2021,31/03/2023,31/03/2025,"�120,000.00","�240,000.00",FRC,2296329,L3 4BE,-,"Trafford Borough Council, TRAFF - Place, TRAFF - Strategy and Resources"
, Trafford Borough Council,Live (On-going),Supply of gas to Trafford,371100 - Utilities - Gas,Call Off (External), Contract,01/04/2021,31/03/2023,-,"�794,994.17","�1,589,988.00",Corona Energy Retail 4 Limited,2798334,WD18 8YA,-,"SMBC - Estates and Asset Management, TRAFF - Place"
10271, Trafford Borough Council,Live (On-going),"Emergency Accommodation, Assessment Unit and Step Down Provision",321014 - Social Community Care Supplies & Services - Adult - Domiciliary Care,OJEU Tender, Contract,01/04/2021,31/03/2025,-,"�271,553.50","�1,086,214.00",St Anne's Community Services,-,LS2 9BN,-,"Trafford Borough Council, TRAFF - Adults' Services"
4838, Trafford Borough Council,Live (On-going),Short Breaks Services for Children with Additional Needs (5-11 ),"321100 - Social Community Care Supplies & Services - Children, 401720 - Social Community Care Supplies & Services - Children - Respite - Short break",Mini Competition (Internal), Call-off Contract,01/05/2020,31/08/2023,-,"�44,842.50","�239,160.00",Sport Works (Manchester & Cheshire) Ltd,9269806,WA4 3DU,-,"Trafford Borough Council, TRAFF - Children's Services, TRAFF - Children, Families and Wellbeing"
4837, Trafford Borough Council,Live (On-going),Short Breaks Services for Children with Additional Needs (11 - 18 ),"321100 - Social Community Care Supplies & Services - Children, 401720 - Social Community Care Supplies & Services - Children - Respite - Short break",Mini Competition (Internal), Call-off Contract,01/05/2020,31/08/2023,-,"�44,960.00","�239,787.00",Sport Works (Manchester & Cheshire) Ltd,9269806,WA4 3DU,-,"Trafford Borough Council, TRAFF - Children's Services, TRAFF - Children, Families and Wellbeing"
976, Trafford Borough Council,Live (On-going),Scrollers Advertising Units,191000 - Facilities & Management Services - Advertising,OJEU Tender, Contract,14/07/2016,13/07/2031,-,Income,�0.00,JC Deceaux,-,x,-,"Trafford Borough Council, TRAFF - Finance and Systems"
1431, Trafford Borough Council,Live (On-going),"RFID Equipment, Support and Maintenance",271200 - Information Communication Technology - Hardware,Exemption, Call-off Contract,01/04/2016,31/03/2023,-,"�25,000.00","�175,000.00",Bibliotheca,-,SK8 7BS,-,"Trafford Borough Council, TRAFF - Finance and Systems"
6255, Trafford Borough Council,Live (On-going),Revenue and Benefits Enterprise License 2,271501 - Information Communication Technology - Services,Call Off (External), Call-off Contract,01/10/2018,29/09/2023,-,"�292,000.00","�740,000.00",Civica UK Ltd,-,SW15 6AR,-,"Trafford Borough Council, TRAFF - Adults' Services, TRAFF - Children's Services, TRAFF - Children, Families and Wellbeing, TRAFF - Finance and Systems, TRAFF - Governance and Community Strategy, TRAFF - Integrated Commissioning, TRAFF - Place, TRAFF - Strategy and Resources"
6224, Trafford Borough Council,Live (On-going),Resource Management Tool,270000 - Information Communication Technology,RBS - Low - Quick Quote, Contract,01/09/2018,01/09/2023,-,"�15,840.00","�15,840.00",Dovico Software Inc,-,x,-,"Trafford Borough Council, TRAFF - Strategy and Resources"
10086, Trafford Borough Council,Live (On-going),Residential and Nursing Care for Older People,321017 - Social Community Care Supplies & Services - Adult - Nursing & Residential Care Homes,OJEU Tender (Light Touch), Contract,08/02/2021,31/10/2025,-,"�1,691,720.48","�8,458,602.00",Making Space,-,x,-,"Trafford Borough Council, TRAFF - Adults' Services"
6435, Trafford Borough Council,Live (On-going),Purchase of additional storage for existing SAN (Storage Area Network purchased Jan 18).,271200 - Information Communication Technology - Hardware,Call Off (External), Contract,29/03/2019,28/03/2022,-,"�12,883.07","�38,649.20",ANS Group Ltd,-,x,-,"Trafford Borough Council, TRAFF - Finance and Systems"
10282, Trafford Borough Council,Live (On-going),Provision of Supported Living Service 1,321000 - Social Community Care Supplies & Services - Adult,Mini Competition (Internal), Call-off Contract,01/04/2019,31/03/2023,-,"�92,561.54","�185,123.10",Creative Support,-,SK1 3TS,-,"Stockport Metropolitan Borough Council, Trafford Borough Council, TRAFF - Adults' Services"
10029, Trafford Borough Council,Live (On-going),Provision of supported living (mental health),321000 - Social Community Care Supplies & Services - Adult,RBS - Low/Med - Simple (RFQ), Contract,01/11/2020,31/10/2024,-,"�9,362.61","�38,015.96",Making Space,-,x,-,"Trafford Borough Council, TRAFF - Adults' Services"
8672, Trafford Borough Council,Live (On-going),Provision of Employee Assistance Programme,260000 - Human Resources,Call Off (External), Call-off Contract,01/04/2020,31/03/2022,-,"�9,201.00","�27,603.00",People Asset Management Ltd,-,x,-,"Trafford Borough Council, TRAFF - Strategy and Resources"
10121, Trafford Borough Council,Live (On-going),Provision of Autism Short Breaks ,321100 - Social Community Care Supplies & Services - Children,Mini Competition (Internal), Contract,01/09/2020,31/08/2023,31/08/2024,"�117,704.33","�127,704.30",Sense,-,N1 9LG,-,"Trafford Borough Council, TRAFF - Children, Families and Wellbeing"
8228, Trafford Borough Council,Live (On-going),Cash Collection - Trafford ,201300 - Financial Services - Cash Collection,Call Off (External), Call-off Contract,01/01/2021,31/12/2023,31/12/2024,"�12,000.00","�12,000.00",Security Plus,-,WN7 3XJ,-,"Stockport Metropolitan Borough Council, Trafford Borough Council, TRAFF - Finance and Systems"
9374, Trafford Borough Council,Live (On-going),Supply of Water and Ancillary Services for Trafford Council,371300 - Utilities - Water,Call Off (External), Call-off Contract,01/08/2021,31/07/2024,-,"�779,686.00","�2,382,000.00",Wave,3017251,EH7 4NS,-,"Trafford Borough Council, TRAFF - Place"
3705, Trafford Borough Council,Live (On-going),Property Investment Portfolio ,152050 - Consultancy - Property,Call Off (External), Contract,03/07/2017,30/01/2024,-,"�430,000.00","�3,000,000.00",CBRE Limited,-,M2 3DE,-,"Trafford Borough Council, TRAFF - Place"
1441, Trafford Borough Council,Live (On-going),Printing Equipment MFD Fleet (and Print Audit Services),"192000 - Facilities & Management Services - Reprographics, 271400 - Information Communication Technology - Office & Reprographics Equipment",Mini Competition (Internal), Call-off Contract,01/10/2015,30/09/2023,-,"�118,377.00","�828,640.00",Canon,-,x,-,"Trafford Borough Council, TRAFF - Finance and Systems"
4789, Trafford Borough Council,Live (On-going),PaSH GM (SHIP) Contract - Rochdale,310000 - Healthcare,Procured by Other, Contract,01/07/2017,30/06/2024,30/06/2024,"�25,000.00","�175,000.00",BHA for Equality,-,M15 4AE,-,"Rochdale Borough Council, RBC - Public Health"
9323, Trafford Borough Council,Live (On-going),Repair and maintenance of adaptation lifts and hoists,191411 - Facilities & Management Services - Lifts - Repair & Maintenance,OJEU Tender, Framework Agreement,01/07/2021,30/06/2023,-,"�124,380.00","�248,760.00",VLC (STAIRLIFTS) LIMITED,4657120,WN4 8DT,-,Trafford Borough Council
1402, Trafford Borough Council,Live (On-going),Partnership Agreement made between Trafford Borough Council and Amey LG Limited dated 7 May 2015 (Partnership Agreement),"391100 - Works - Construction, Repair & Maintenance - Buildings",OJEU Tender, Contract,04/07/2015,03/07/2030,-,"�15,500,000.00","�232,500,000.00",Amey LG,-,x,-,"Trafford Borough Council, TRAFF - Place"
8890, Trafford Borough Council,Live (On-going),Strategic Partner for Wide Area Network Service Delivery and Support,271501 - Information Communication Technology - Services,OJEU Tender, Contract,30/11/2021,29/11/2024,29/11/2026,"�171,565.00","�635,169.90",The Networking People Ltd,7667393,LA1 3PE,-,"Trafford Borough Council, TRAFF - Finance and Systems"
4285, Trafford Borough Council,Live (On-going),Parking Enforcement,351500 - Street & Traffic Management - Parking - Wardens,OJEU Tender, Contract,01/10/2018,09/09/2021,-,"�395,000.00","�1,975,000.00",NSL Ltd,-,OL1 1NZ,-,"Trafford Borough Council, TRAFF - Place"
6475, Trafford Borough Council,Live (On-going),OFSM Module,271440 - Information Communication Technology - Software,RBS - Low - Quick Quote, Contract,01/07/2019,31/03/2023,-,"�33,900.00","�127,125.00",Capita Business Services Ltd,2299747,EC2V 7NQ,-,"Trafford Borough Council, TRAFF - Governance and Community Strategy"
5180, Trafford Borough Council,Live (On-going),Office Furniture - Trafford,211200 - Furniture & Soft Furnishings - Office Furniture,Call Off (External), Call-off Contract,01/12/2018,01/12/2022,-,"�70,000.00","�280,000.00",H Jenkinson & Co Ltd,169844,L34 9JR,-,"Trafford Borough Council, TRAFF - Finance and Systems, TRAFF - Strategy and Resources"
4844, Trafford Borough Council,Live (On-going),Missing from home return interviews,321100 - Social Community Care Supplies & Services - Children,RBS - Low/Med - Simple (RFQ), Contract,13/01/2020,12/01/2023,-,"�13,824.00","�27,648.00",Catch22 Charity Limited,-,x,-,"Trafford Borough Council, TRAFF - Children's Services, TRAFF - Children, Families and Wellbeing"
8617, Trafford Borough Council,Live (On-going),Microsoft 365 Implementation,270000 - Information Communication Technology,Call Off (External), Call-off Contract,07/09/2020,30/06/2023,-,�0.00,"�298,800.00",Risual limited,-,x,-,"Trafford Borough Council, TRAFF - Finance and Systems"
8336, Trafford Borough Council,Live (On-going),Merchant Acquiring Services,200000 - Financial Services,Call Off (External), Contract,01/07/2020,31/05/2024,-,"�82,000.00","�164,000.00",Lloyds Bank Cardnet,-,x,-,"Trafford Borough Council, TRAFF - Finance and Systems"
1227, Trafford Borough Council,Live (On-going),Management Contract for 6 Sheet Advertising ,191000 - Facilities & Management Services - Advertising,OJEU Tender,Concession,01/09/2016,31/08/2026,-,�0.00,"�370,000.00",Clear Channel UK Limited,-,x,-,Trafford Borough Council
8745, Trafford Borough Council,Live (On-going),Making Tax Digital Software for VAT returns to HMRC,270000 - Information Communication Technology,RBS - Low - Quick Quote, Contract,01/11/2020,30/01/2026,-,"�3,000.00","�35,000.00",PWC,OC303525,WC2N 6RH,-,"Trafford Borough Council, TRAFF - Finance and Systems"
5071, Trafford Borough Council,Live (On-going),Maintenance of Gymnasiums / Sports Hall Equipment in Trafford,331200 - Sports & Playground Equipment & Maintenance - Sports Equipment Maintenance,OJEU Tender, Contract,01/04/2018,31/03/2021,-,"�2,685.00","�10,740.00",Sportsafe UK Ltd,-,CO1 2TJ,-,"Stockport Metropolitan Borough Council, Trafford Borough Council, TRAFF - Finance and Systems"
1300, Trafford Borough Council,Live (On-going),Maintenance of Cremators and Abatement Equipment at Altrincham Crematorium ,121200 - Cemetery & Crematorium - Maintenance,OJEU Tender, Contract,01/06/2015,30/05/2025,-,"�45,378.00","�453,780.00",Facultatieve Technologies Ltd,-,LS10 2DD,-,"Trafford Borough Council, TRAFF - Finance and Systems"
6492, Trafford Borough Council,Live (On-going),Liquid Logic Systems - Children's and Adults,270000 - Information Communication Technology,Call Off (External), Call-off Contract,01/04/2019,31/03/2024,31/03/2026,"�206,591.00","�2,884,076.00",Liquidlogic Ltd,-,LS25 1NB,-,"Trafford Borough Council, TRAFF - Children, Families and Wellbeing, TRAFF - Strategy and Resources"
11025, Trafford Borough Council,Live (On-going),Professional coaching and mentoring service for STAR Procurement,151911 - Consultancy - Management - Organisation & Planning,RBS - Low - Quick Quote, Contract,01/08/2021,31/07/2023,-,"�12,000.00","�24,000.00",Sagegreen HR Consulting Ltd,-,CW9 7DB,-,"Trafford Borough Council, TRAFF - Finance and Systems"
8080, Trafford Borough Council,Live (On-going),Library Management System via Framework (6305),270000 - Information Communication Technology,Call Off (External), Call-off Contract,01/01/2020,31/12/2023,-,"�22,358.00","�67,074.00",Civica UK Ltd,-,SW15 6AR,-,"Trafford Borough Council, TRAFF - Governance and Community Strategy"
6305, Trafford Borough Council,Live (On-going),Intergrated Library Management System,271501 - Information Communication Technology - Services,OJEU Tender, Contract,24/09/2019,23/09/2023,-,"�268,300.00","�1,073,200.00",Civica UK Ltd,-,SW15 6AR,-,"Trafford Borough Council, TRAFF - Governance and Community Strategy"
11032, Trafford Borough Council,Live (On-going),Trafford Leisure Centre Refurbishments,290000 - Arts & Leisure Services,Call Off (External), Call-off Contract,09/08/2021,08/08/2025,-,"�288,500.00","�288,500.00",Alliance Leisure Services ,-,TA6 3EW,-,"Trafford Borough Council, TRAFF - Place"
6239, Trafford Borough Council,Live (On-going),Income Management Payments System - Trafford,270000 - Information Communication Technology,Call Off (External), Call-off Contract,01/10/2018,30/09/2023,-,"�58,920.00","�294,600.00",Civica UK Ltd,-,SW15 6AR,-,"Trafford Borough Council, TRAFF - Strategy and Resources"
4337, Trafford Borough Council,Live (On-going),Inbound Mail ,300000 - Mail Services,Call Off (External), Call-off Contract,01/04/2018,31/03/2023,-,"�12,000.00","�60,000.00",Northgate Public Services (UK) Ltd,9338960,SK9 7RR,-,"Trafford Borough Council, TRAFF - Governance and Community Strategy"
4236, Trafford Borough Council,Live (On-going),ICT Storage Replacement,271200 - Information Communication Technology - Hardware,Mini Competition (External), Call-off Contract,01/04/2018,03/03/2022,-,"�48,599.90","�145,799.70",ANS Group Ltd,-,x,-,"Trafford Borough Council, TRAFF - Strategy and Resources"
8433, Trafford Borough Council,Live (On-going),HR & Payroll Solution - Trafford,270000 - Information Communication Technology,Call Off (External), Contract,01/04/2020,31/03/2023,31/03/2024,"�374,130.00","�1,196,320.00",MHR,-,NG11 6LL,-,"SMBC - Corporate and Support Services, Trafford Borough Council, TRAFF - Strategy and Resources"
3562, Trafford Borough Council,Live (On-going),Hire of Vehicles for Trafford Council,381210 - Vehicle Management - Hire,Call Off (External), Call-off Contract,22/02/2018,21/02/2023,-,"�16,022.80","�80,114.00",Essential Fleet Management,-,x,-,"Trafford Borough Council, TRAFF - Place"
5190, Trafford Borough Council,Live (On-going),Framework for Inspections and Repairs to Headstones - Trafford,120000 - Cemetery & Crematorium,OJEU Tender, Framework Agreement,02/12/2019,01/12/2022,-,"�70,000.00","�350,000.00",Memsafe Limited,-,NP12 4AD,-,"Trafford Borough Council, TRAFF - Place"
4620, Trafford Borough Council,Live (On-going),Family Group Conferencing Service,410000 - Social Community Care Supplies & Services,Mini Competition (Internal), Call-off Contract,01/12/2018,31/05/2023,30/11/2022,"�70,000.00","�392,044.00",Just Psychology CIC,-,x,-,"Trafford Borough Council, TRAFF - Children, Families and Wellbeing"
7901, Trafford Borough Council,Live (On-going),Falls Prevention Contract,151514 - Healthcare - Public Health - Specialist Services,OJEU Tender (Light Touch), Contract,01/04/2020,31/03/2025,31/03/2025,"�65,000.00","�370,000.00",Age UK Trafford,-,x,-,"Trafford Borough Council, TRAFF - Children, Families and Wellbeing"
10094, Trafford Borough Council,Live (On-going),Emotional Support Online,321100 - Social Community Care Supplies & Services - Children,Exemption, Contract,31/08/2020,31/08/2023,-,�0.00,"�50,000.00",0161 Project,-,x,-,"Trafford Borough Council, TRAFF - Children, Families and Wellbeing"
10093, Trafford Borough Council,Live (On-going),Emotional Health and Wellbeing Ages 5-12,321100 - Social Community Care Supplies & Services - Children,Exemption, Contract,31/08/2020,31/08/2023,-,�0.00,"�50,000.00",PDR Travel,-,x,-,"Trafford Borough Council, TRAFF - Children, Families and Wellbeing"
3249, Trafford Borough Council,Live (On-going),Electronic meal ordering system,271501 - Information Communication Technology - Services,Exemption, Contract,17/06/2016,16/06/2023,-,"�18,000.00","�90,000.00",Evolve 4 Solutions,-,x,-,"Trafford Borough Council, TRAFF - Strategy and Resources"
3190, Trafford Borough Council,Live (On-going),Early Payment Scheme - Early payment of suppliers - Trafford,209999 - Financial Services - Not Elsewhere Classified,Call Off (Internal),Concession,23/12/2018,22/12/2023,-,�0.00,�0.00,Oxygen Finance Ltd,-,B2 5QB,-,"Trafford Borough Council, TRAFF - Finance and Systems"
10008, Trafford Borough Council,Live (On-going),Volunteer Infrastructure Support for Trafford Council�s Early Help Hubs and Youth Engagement Service,321100 - Social Community Care Supplies & Services - Children,Modification, Contract,01/04/2020,30/09/2023,31/03/2023,"�29,985.00","�92,311.50",Talk Listen Change,-,x,-,"Trafford Borough Council, TRAFF - Children, Families and Wellbeing"
10007, Trafford Borough Council,Live (On-going),Early Help Family Support ,321100 - Social Community Care Supplies & Services - Children,Modification, Contract,01/04/2020,30/09/2023,31/03/2023,"�85,000.00","�211,650.00",Home Start Trafford and Salford,-,M32 9AN,-,"Trafford Borough Council, TRAFF - Children, Families and Wellbeing"
4501, Trafford Borough Council,Live (On-going),Early Help DPS Mini Competition 2 - Sleep Tight Trafford,321100 - Social Community Care Supplies & Services - Children,Modification, Contract,01/07/2018,30/06/2022,-,"�84,000.00","�349,760.00",Together Trust,-,SK8 1JE,-,"Trafford Borough Council, TRAFF - Children, Families and Wellbeing"
11067, Trafford Borough Council,Live (On-going),BACS payment Solution,271501 - Information Communication Technology - Services,Call Off (External), Contract,28/02/2022,30/09/2023,-,"�13,572.12","�27,144.25",Bottomline Technologies,-,x,-,"STAR, Trafford Borough Council, TRAFF - Finance and Systems"
3734, Trafford Borough Council,Live (On-going),3 Extra Care Facilities in Trafford,321000 - Social Community Care Supplies & Services - Adult,OJEU Tender (Light Touch), Contract,01/02/2018,31/01/2023,-,"�340,704.00","�1,022,112.00",Trafford Housing Trust,-,M33 6AG,-,"Trafford Borough Council, TRAFF - Adults' Services"
8655, Trafford Borough Council,Live (On-going),Additional Internet Links to Schools,270000 - Information Communication Technology,Exemption, Contract,01/09/2020,31/08/2023,-,"�29,252.00","�29,252.00",The Networking People Ltd,7667393,LA1 3PE,-,"Trafford Borough Council, TRAFF - Finance and Systems"
4606, Trafford Borough Council,Live (On-going),Adult Placement (Shared Lives) - Trafford,321000 - Social Community Care Supplies & Services - Adult,Modification, Call-off Contract,01/11/2018,31/10/2023,31/10/2023,"�585,000.00","�1,755,000.00",Possabilities,-,OL10 4SY,-,Trafford Borough Council
4372, Trafford Borough Council,Live (On-going),Allotments Maintenance Services,181300 - Environmental Services - Land Protection,RBS - Low/Med - Simple (RFQ), Contract,01/03/2019,28/02/2022,-,"�6,004.38","�18,031.14",Pro Gardening Services,12432994,SK3 8AB,-,"Trafford Borough Council, TRAFF - Place"
11035, Trafford Borough Council,Live (On-going),Trafford Early Years and Education System (EYES),271501 - Information Communication Technology - Services,Call Off (External), Call-off Contract,01/10/2021,31/03/2026,-,"�57,255.00","�539,213.00",Liquidlogic Ltd,-,LS25 1NB,-,"STAR, Trafford Borough Council, TRAFF - Finance and Systems"
8883, Trafford Borough Council,Live (On-going),"Collection and Delivery of Letters, Large letters and Parcels",300000 - Mail Services,Call Off (External), Call-off Contract,09/08/2021,08/08/2023,08/08/2025,"�150,000.00","�300,000.00",Whistl Ltd,-,x,-,"STAR, Trafford Borough Council, TRAFF - Adults' Services, TRAFF - Children's Services, TRAFF - Children, Families and Wellbeing, TRAFF - Finance and Systems, TRAFF - Governance and Community Strategy, TRAFF - Integrated Commissioning, TRAFF - Place, TRAFF - Strategy and Resources"
4504, Trafford Borough Council,Live (On-going),Citizen Advice Service - Trafford,321000 - Social Community Care Supplies & Services - Adult,Modification, Contract,01/04/2019,30/09/2023,31/03/2023,"�146,000.00","�438,000.00",Pennine West Citizens Advice Bureau Ltd TA Citizens Advice Stockport,8290395,OL1 1HP,-,Trafford Borough Council
6212, Trafford Borough Council,Live (On-going),"Assurance Audit: Housing Benefit (Subsidy), Assurance Process (HBAP), Teachers� Pension Scheme Assurance, and Use of Capital Receipts Assurance - Trafford",201100 - Financial Services - Audit,Mini Competition (External), Contract,23/08/2018,22/08/2023,-,"�12,632.00","�25,264.00",KPMG,-,M2 3AE,-,"Trafford Borough Council, TRAFF - Strategy and Resources"
4616, Trafford Borough Council,Live (On-going),CAN/LD specific youth provision,321100 - Social Community Care Supplies & Services - Children,Call Off (External), Contract,01/04/2019,30/09/2023,-,"�22,925.00","�68,775.00",Sport Works (Manchester & Cheshire) Ltd,9269806,WA4 3DU,-,"Trafford Borough Council, TRAFF - Children, Families and Wellbeing"
7924, Trafford Borough Council,Live (On-going),Dementia Advisor Service,321000 - Social Community Care Supplies & Services - Adult,OJEU Tender, Contract,01/11/2019,01/10/2024,-,"�116,000.00","�348,000.00",Age UK Trafford,-,x,-,"Trafford Borough Council, TRAFF - Adults' Services"
5192, Trafford Borough Council,Live (One Off),Delivery of a Partner for the Redevelopment of the Former Sale Magistrates Court,"390000 - Works - Construction, Repair & Maintenance",OJEU Tender, Contract,19/06/2020,16/06/2023,-,"�450,411.27","�17,777,120.00",Seddon Construction,3578140,BL4 0NN,-,"Trafford Borough Council, TRAFF - Place"
6447, Trafford Borough Council,Live (On-going),Data Centre Refresh & Backup solution,270000 - Information Communication Technology,Mini Competition (External), Call-off Contract,14/09/2019,13/09/2024,-,"�139,924.80","�699,624.00",Specialist Computer Centres Plc (SCC),1428210,B11 2LE,-,"Rochdale Borough Council, RBC - Neighbourhoods"
6396, Trafford Borough Council,Live (On-going),Choice Based Lettings Management System,270000 - Information Communication Technology,Call Off (External), Contract,01/09/2019,31/08/2023,-,"�16,000.00","�45,000.00",Locata (Housing Services) Limited,4419315,EC1Y 8YZ,-,"Trafford Borough Council, TRAFF - Place"
4622, Trafford Borough Council,Live (On-going),Care Leavers Supported Accommodation ,321100 - Social Community Care Supplies & Services - Children,OJEU Tender, Contract,01/04/2019,31/03/2023,31/03/2024,"�260,000.00","�1,300,000.00",Leaving Care Services Ltd (Trading as Pathways),-,x,-,"Trafford Borough Council, TRAFF - Children, Families and Wellbeing"
11065, Trafford Borough Council,Live (On-going),Managed Security Service,"270000 - Information Communication Technology, 271501 - Information Communication Technology - Services",Call Off (External), Call-off Contract,01/10/2021,30/09/2024,30/09/2026,"�54,300.00","�90,500.00",The Networking People Ltd,7667393,LA1 3PE,-,"STAR, TRAFF - Finance and Systems"
3280, Trafford Borough Council,Live (On-going),Short Stay Accommodation,321060 - Social Community Care Supplies & Services - Adult - Temporary Accommodation - Unsupported,Modification, Contract,01/04/2018,31/03/2024,-,"�148,391.80","�590,683.00",Irwell Valley Housing Association Ltd,IP20684R,M16 0LN,-,"Trafford Borough Council, TRAFF - Children, Families and Wellbeing"
3280, Trafford Borough Council,Live (On-going),Short Stay Accommodation 2,321060 - Social Community Care Supplies & Services - Adult - Temporary Accommodation - Unsupported,Modification, Contract,01/04/2018,31/03/2024,-,"�330,600.00","�809,050.50",Great Places Housing Association,IP19564R,M21 7QP,-,"Trafford Borough Council, TRAFF - Children, Families and Wellbeing"
3636, Trafford Borough Council,Live (On-going),Tree Works,249999 - Horticultural - Not Elsewhere Classified,OJEU Tender, Framework Agreement,08/04/2019,07/04/2022,07/04/2023,"�267,000.00","�801,000.00",(multiple),-,-,-,"Trafford Borough Council, TRAFF - Place"
11070, Trafford Borough Council,Live (On-going),Project Management Software,151812 - Information Communication Technology - Services - Project Management,Call Off (External), Call-off Contract,18/10/2021,17/10/2023,17/10/2024,"�14,599.00","�43,797.00",Best Outcome,-,SL9 8BQ,-,"STAR, TRAFF - Finance and Systems"
9290, Trafford Borough Council,Live (On-going),Mini bus Lease - Trafford Council,380000 - Vehicle Management,RBS - Low - Quick Quote, Contract,13/04/2022,12/04/2025,-,"�5,525.64","�12,566.52",Arnold Clark,-,x,-,"Trafford Borough Council, TRAFF - Children, Families and Wellbeing"
6000, Trafford Borough Council,Live (On-going),Electoral Management System,271440 - Information Communication Technology - Software,OJEU Tender, Framework Agreement,08/01/2019,07/01/2025,07/01/2025,"�138,000.00","�862,500.00",XPRESS SOFTWARE SOLUTIONS,4152280,SE1 9LQ,-,"STAR, TRAFF - Governance and Community Strategy"
8441, Trafford Borough Council,Live (On-going),"Education sector purchasing, document management and training web-based ",271440 - Information Communication Technology - Software,Mini Competition (External), Contract,24/02/2020,23/02/2022,23/02/2024,"�15,940.00","�47,820.00",Frontline Data Ltd,5427762,CO4 9AD,-,"STAR, TAME - Education, TRAFF - Strategy and Resources"
8747, Trafford Borough Council,Live (On-going),Contract for the supply and maintenance of large format outdoor advertising displays ,191099 - Facilities & Management Services - Advertising - Not Elsewhere Classified,OJEU Tender,Concession,04/01/2011,03/01/2034,-,�0.00,"�5,998,146.00",JC Deceaux,-,x,-,"Trafford Borough Council, TRAFF - Strategy and Resources"
4285, Trafford Borough Council,Live (One Off),Parking Enforcement and Associated Services,350200 - Street & Traffic Management - Parking,OJEU Tender,Please Select,31/03/2018,31/03/2023,31/03/2023,"�400,000.00","�2,012,035.00",NSL Ltd,-,OL1 1NZ,-,"STAR, TRAFF - Strategy and Resources"
10679, Trafford Borough Council,Live (One Off),Information and advice services with a focus on  older people and BAME communities Lot 1,321000 - Social Community Care Supplies & Services - Adult,RBS - Low/Med - Simple (RFQ), Contract,01/04/2021,31/03/2027,31/03/2027,"�12,000.00","�12,000.00",Age UK Trafford,-,x,-,"STAR, Trafford Borough Council, TRAFF - Adults' Services"
10680, Trafford Borough Council,Live (One Off),Information and advice services with a focus on  older people and BAME communities (Lot 2),321000 - Social Community Care Supplies & Services - Adult,RBS - Low/Med - Simple (RFQ), Contract,01/04/2021,31/03/2027,01/08/2027,"�17,000.00","�17,000.00",LMCP Care Link (L M C P),6729806, M14 4TH,-,"STAR, Trafford Borough Council, TRAFF - Adults' Services"
10681, Trafford Borough Council,Live (One Off),Information and advice services with a focus on  older people and BAME communities (Lot 3),321000 - Social Community Care Supplies & Services - Adult,RBS - Low/Med - Simple (RFQ), Contract,01/04/2021,31/03/2027,01/03/2027,"�10,000.00","�10,000.00",African Caribbean Care Group (ACCG),-,M15 5FS,-,"STAR, Trafford Borough Council, TRAFF - Adults' Services"
10079, Trafford Borough Council,Live (On-going),Supported Living Services for Adults with Learning Disabilities (South),321000 - Social Community Care Supplies & Services - Adult,Mini Competition (Internal), Framework Agreement,01/04/2021,31/03/2025,-,"�1,237,961.00","�1,237,961.00",Creative Support,-,SK1 3TS,-,Trafford Borough Council
10079, Trafford Borough Council,Live (On-going),Supported Living Services for Adults with Learning Disabilities (North),321000 - Social Community Care Supplies & Services - Adult,Mini Competition (Internal), Framework Agreement,01/04/2021,31/03/2025,-,"�2,023,405.99","�2,023,406.00",Voyage,-,WS14 0QP,-,Trafford Borough Council
10318, Trafford Borough Council,Live (On-going),Mediation and Disagreement Resolution Service,321100 - Social Community Care Supplies & Services - Children,RBS - Med/High - Advanced (Open), Contract,04/05/2021,31/03/2024,31/03/2026,"�8,000.00","�24,000.00",KIDS,-,N1 8HX,-,"STAR, TRAFF - Children's Services, TRAFF - Children, Families and Wellbeing"
11112, Trafford Borough Council,Live (On-going),Complex Moving and Handling Advice,150000 - Consultancy,RBS - Low - Quick Quote, Contract,01/12/2021,30/11/2023,-,"�10,000.00","�30,000.00",A1 Risk Solutions Ltd,-,M15GD ,-,"STAR, TRAFF - Strategy and Resources"
9544, Trafford Borough Council,Live (One Off),Moorlands Junior School � Expansion Scheme,"390000 - Works - Construction, Repair & Maintenance",Call Off (External), Contract,10/01/2022,09/06/2023,-,"�3,200,000.00","�3,200,000.00",ISG Construction,450103,EC3N 1AG,-,"STAR, TRAFF - Children's Services"
10674, Trafford Borough Council,Live (One Off),Supported Living - Lostock Road ,321000 - Social Community Care Supplies & Services - Adult,Mini Competition (External), Call-off Contract,01/02/2022,31/01/2026,-,"�251,683.49","�1,258,418.00",Dimensions,31192R,RG7 4SA,-,"Trafford Borough Council, TRAFF - Adults' Services"
10675, Trafford Borough Council,Live (One Off),Supported Living - Mount Drive ,321000 - Social Community Care Supplies & Services - Adult,Mini Competition (External), Call-off Contract,01/02/2022,31/01/2026,-,"�260,957.52","�1,304,788.00",Dimensions,31192R,RG7 4SA,-,"Trafford Borough Council, TRAFF - Adults' Services"
11710, Trafford Borough Council,Live (One Off),Altrincham Leisure Centre � Stage 3 Management and Monitoring ,"150000 - Consultancy, 391500 - Works - Construction, Repair & Maintenance - Consultancy",Call Off (External), Call-off Contract,03/01/2022,31/03/2024,-,"�118,203.00","�265,957.00",Fraser Blair Associates Ltd.,-,CH41 6AF,-,"STAR, Trafford Borough Council, TRAFF - Adults' Services, TRAFF - Children's Services, TRAFF - Children, Families and Wellbeing, TRAFF - Finance and Systems, TRAFF - Governance and Community Strategy, TRAFF - Integrated Commissioning, TRAFF - Place, TRAFF - Strategy and Resources"
10229, Trafford Borough Council,Live (One Off),Mental Health Services - Supported Accommodation,321800 - Social Community Care Supplies & Services - Adult - Independent Supported Living,RBS - Low/Med - Simple (RFQ), Contract,01/10/2020,30/09/2024,-,"�11,985.24","�47,940.96",Making Space,-,x,-,"STAR, TRAFF - Adults' Services"
4651, Trafford Borough Council,Live (On-going),Agreed contribution from our service to Trafford Housing Trust re: care leaver accommodation,321015 - Social Community Care Supplies & Services - Adult - Sheltered Accommodation,Exemption, No Contract,01/10/2017,01/10/2022,-,"�15,000.00","�75,000.00",Pure Insight,-,SK7 5ER,-,"STAR, TRAFF - Adults' Services"
11093, Trafford Borough Council,Live (On-going),Traffic Management of Highways Software,271440 - Information Communication Technology - Software,Exemption, No Contract,07/12/2020,06/12/2025,-,"�10,000","�50,000.00",Kainos Software Limited,NI019370,BT7 1NT,-,TRAFF - Place
9543, Trafford Borough Council,Live (One Off),Templemoor Infant School Expansion Works,"390000 - Works - Construction, Repair & Maintenance",Mini Competition (External), Contract,01/03/2022,30/06/2023,30/06/2023,"�1,400,000.00","�314,962.00",Conlon Construction,708997,PR5 6BE,-,"STAR, TRAFF - Children's Services"
6222, Trafford Borough Council,Live (On-going),AGMA Electoral Printing Services*,271440 - Information Communication Technology - Software,OJEU Tender, Framework Agreement,08/01/2019,07/01/2025,07/01/2025,"�458,000.00","�2,773,500.00",Various Suppliers,-,Various,-,"STAR, TRAFF - Finance and Systems"
6349, Trafford Borough Council,Live (On-going),AGMA Electoral Printing Services **,271440 - Information Communication Technology - Software,OJEU Tender, Contract,08/01/2019,07/01/2025,07/01/2025,"�29,454.22","�201,000.00",Various Suppliers,-,Various,-,"STAR, TRAFF - Finance and Systems"
6373, Trafford Borough Council,Live (On-going),"Call-off from AGMA: Electoral Management System (AGMA Framework, led by Trafford ReProcure of UID 1608)",271440 - Information Communication Technology - Software,Call Off (Internal), Call-off Contract,08/01/2019,07/01/2023,07/01/2025,"�23,000.00","�69,958.32",Various Suppliers,-,Various,-,"STAR, Trafford Borough Council, TRAFF - Adults' Services, TRAFF - Children's Services, TRAFF - Children, Families and Wellbeing, TRAFF - Finance and Systems, TRAFF - Governance and Community Strategy, TRAFF - Integrated Commissioning, TRAFF - Place, TRAFF - Strategy and Resources"
9545, Trafford Borough Council,Live (One Off),Davyhulme Primary School Expansion Works,"390000 - Works - Construction, Repair & Maintenance",Mini Competition (External), Contract,01/11/2022,30/06/2023,30/06/2023,"�2,455,000.00","�392,069.70",Warden Construction Limited,-,PR4 2HU,-,"STAR, TRAFF - Children's Services"
11715, Trafford Borough Council,Live (On-going),NFC126/EA21 Hardware for Local Authorities,271200 - Information Communication Technology - Hardware,Procured by Other, Call-off Contract,01/12/2021,30/11/2023,-,"�92,000.00","�92,000.00",Specialist Computer Centres Plc (SCC),1428210,B11 2LE,-,"STAR, TRAFF - Finance and Systems"
10689, Trafford Borough Council,Live (On-going),Trafford Carers Centre,321000 - Social Community Care Supplies & Services - Adult,OJEU Tender, Contract,01/04/2022,31/03/2025,31/03/2027,"�454,300.00","�2,271,500.00",Trafford Carers Centre,4695523, M33 7XX,-,"STAR, TRAFF - Adults' Services"
9651, Trafford Borough Council,Live (One Off),Enabling Works at The Former Sale Magistrates Court,"390000 - Works - Construction, Repair & Maintenance",Procured by Other, Contract,01/03/2022,28/02/2023,-,N/A,"�146,427.00",J Freeley Ltd,-,M28 3QN,-,"Trafford Borough Council, TRAFF - Place"
11774, Trafford Borough Council,Live (On-going),AVC Salary Sacrifice Scheme,271430 - Information Communication Technology - Software - Commercial Off-The-Shelf,Call Off (External), Call-off Contract,01/05/2022,30/04/2026,30/04/2026,"�25,000.00","�100,000.00",SME HCI Limited (trading as Vivup),-,RM2 5SH,-,"STAR, TRAFF - Strategy and Resources"
11734, Trafford Borough Council,Live (On-going),Mobile Voice & Data Services,271800 - Information Communication Technology - Telecommunications - Mobile,Call Off (External), Call-off Contract,01/05/2022,30/04/2024,-,"�121,000.00","�322,000.00",BT Plc,2216369,EC1A 7AJ,-,"STAR, TRAFF - Finance and Systems"
11784, Trafford Borough Council,Live (On-going),eDesigner,271501 - Information Communication Technology - Services,Exemption, No Contract,31/03/2022,30/03/2024,-,,"�70,000.00",IEG4 Ltd,5733146,SK9 7RR,-,"STAR, TRAFF - Finance and Systems"
11765, Trafford Borough Council,Live (On-going),Microsoft Enterprise Subscription Renewal (ESA),"270000 - Information Communication Technology, 271440 - Information Communication Technology - Software, 271430 - Information Communication Technology - Software - Commercial Off-The-Shelf",Call Off (External), Call-off Contract,01/07/2022,30/06/2025,-,"�992,297.04","�2,707,940.00",Phoenix Software Ltd,2548628,KT22 7TW,-,"STAR, Trafford Borough Council, TRAFF - Finance and Systems"
11907, Trafford Borough Council,Live (One Off),Ukraine Environmental Support Officer,260000 - Human Resources,RBS - Low - Quick Quote, Contract,12/07/2022,12/01/2023,-,"�42,000.00","�42,000.00",Vivid Resourcing Limited,-,M2 1EW,-,"STAR, TRAFF - Place"
11817, Trafford Borough Council,Live (One Off),PSDS Project Manager Delivery,150000 - Consultancy,Mini Competition (External), Contract,06/06/2022,31/03/2023,-,"�52,700.00","�527,000.00",Procter and Street Ltd,-,M33 2BW,-,"STAR, TRAFF - Place"
11138, Trafford Borough Council,Live (One Off),Trauma Informed Workforce Training,261500 - Human Resources - Training & Conferences,Mini Competition (External), Contract,01/04/2022,31/03/2023,-,"�20,000.00","�20,000.00",The Nelson Trust,-,GL5 2QJ,-,"STAR, TRAFF - Adults' Services"
8925, Trafford Borough Council,Live (On-going),Trafford Lamp Post Banners,191000 - Facilities & Management Services - Advertising,Mini Competition (External), Contract,01/08/2022,01/08/2027,-,"�15,840.00","�79,200.00",CP Media,-,HX1 2AF,-,"STAR, TRAFF - Place"
11846, Trafford Borough Council,Live (On-going),Secure Cloud Backup Solution (including M365 backups),"270000 - Information Communication Technology, 271440 - Information Communication Technology - Software, 271430 - Information Communication Technology - Software - Commercial Off-The-Shelf",Call Off (External), Call-off Contract,01/06/2022,31/05/2024,-,"�48,000.00","�96,000.00",Iland Ltd,-,SL5 7HP ,-,"STAR, TRAFF - Finance and Systems"
10517, Trafford Borough Council,Live (On-going),Care Leaver Mentoring,321100 - Social Community Care Supplies & Services - Children,RBS - Med/High - Advanced (Open),Please Select,01/09/2021,31/08/2023,-,,"�99,998.00",Power2 Ltd,-,ol66as,-,"STAR, TRAFF - Children, Families and Wellbeing"
4668, Trafford Borough Council,Live (On-going),Rape Crisis Support Service,"151510 - Healthcare - Public Health, 151514 - Healthcare - Public Health - Specialist Services",RBS - Low/Med - Simple (RFQ), Contract,01/04/2019,31/03/2024,31/03/2024,"�25,000.00","�125,000.00",Trafford Rape Crisis Ltd,-,x,-,Trafford Borough Council
11057, Trafford Borough Council,Live (One Off),Microsoft Power Platform on-boarding and skills transfer partner,"270000 - Information Communication Technology, 271501 - Information Communication Technology - Services, 261517 - Information Communication Technology - Services - Consultancy",RBS - Med/High - Advanced (Open), Contract,01/04/2022,30/09/2023,-,,"�129,306.50",UBDS IT Consulting Ltd,-,W1J 5PS,-,"STAR, TRAFF - Finance and Systems"
8394, Trafford Borough Council,Live (On-going),Interpretation and Translation Services - Trafford Council ,261100 - Human Resources - Interpretation & Translation,Mini Competition (External), Call-off Contract,20/06/2022,19/06/2024,19/06/2025,"�15,000.00","�67,500.00",DA Languages,-,x,-,"Trafford Borough Council, TRAFF - Integrated Commissioning"
9342, Trafford Borough Council,Live (On-going),The Supply and Installation of Ceiling Track Hoists,"390000 - Works - Construction, Repair & Maintenance",Call Off (External), Call-off Contract,01/05/2022,30/04/2024,31/01/2026,"�64,000.00","�256,000.00",Hoist and Shower Chair Company,-,HD6 1NB,-,"STAR, TRAFF - Integrated Commissioning"
9587, Trafford Borough Council,Live (One Off),Delivery of a Development Partner for the Redevelopment of Stretford Mall,"390000 - Works - Construction, Repair & Maintenance",OJEU Tender, Contract,01/10/2022,28/02/2025,-,"�12,426,863.00","�12,000,000.00",Caddick Construction (NW) Ltd,-,WF11 8DA,-,"STAR, TRAFF - Place"
7920, Trafford Borough Council,Live (On-going),Community Domestic Abuse Services,151510 - Healthcare - Public Health,OJEU Tender (Light Touch), Contract,01/04/2020,31/03/2025,31/03/2025,"�179,000.00","�895,000.00",Trafford Domestic Abuse Services,-,M32 0PS,-,"Trafford Borough Council, TRAFF - Integrated Commissioning"
10719, Trafford Borough Council,Live (One Off),Domestic Abuse Community Programmes,151510 - Healthcare - Public Health,RBS - Low/Med - Simple (RFQ), Contract,01/04/2022,31/03/2025,31/03/2025,,"�240,000.00",Trafford Domestic Abuse Services,-,M32 0PS,-,"Trafford Borough Council, TRAFF - Integrated Commissioning"
10683, Trafford Borough Council,Live (On-going),Chlamydia and Gonorrhoea Screening Support Service,151514 - Healthcare - Public Health - Specialist Services,RBS - Low/Med - Simple (RFQ), Contract,01/04/2022,31/03/2027,31/03/2027,"�110,000.00","�546,300.00",Brook Young People,-,EC2P 2TA,-,"STAR, Trafford Borough Council, TRAFF - Integrated Commissioning"
11785, Trafford Borough Council,Live (One Off),Council Chamber and Committee rooms 2-4 Conferencing refresh,"270000 - Information Communication Technology, 271200 - Information Communication Technology - Hardware",RBS - Med/High - Advanced (Open), Contract,01/11/2022,31/10/2023,-,,"�161,505.70",GV AV Limited,-,TW3 2EB,-,"STAR, TRAFF - Governance and Community Strategy"
11890, Trafford Borough Council,Live (On-going),Microsoft Dynamics Implementation Partner,"270000 - Information Communication Technology, 271501 - Information Communication Technology - Services, 261517 - Information Communication Technology - Services - Consultancy",OJEU Tender, Contract,01/11/2022,31/10/2024,-,,"�872,840.00",RedCortex Ltd,-,CF24 0ED,-,"STAR, TRAFF - Finance and Systems"
3849, Trafford Borough Council,Live (On-going),Greater Manchester Learning Disability and Autism FPS (Trafford),321000 - Social Community Care Supplies & Services - Adult,Procured by Other, Flexible Purchasing System,01/08/2017,31/07/2024,-,�0.00,�0.00,Various Suppliers,-,Various,-,"RBC - Adult Services, TRAFF - Adults' Services"
10684, Trafford Borough Council,Live (On-going),Trafford Telecare and Assistive Technology ,321000 - Social Community Care Supplies & Services - Adult,OJEU Tender, Contract,01/04/2022,31/03/2026,31/03/2029,"�310,000.00","�2,170,000.00",Trafford Housing Trust,-,M33 6AG,-,"STAR, TRAFF - Adults' Services"
11723, Trafford Borough Council,Live (On-going),"Provision of database software for Youth Justice, NCCIS, Youth Service, and Children�s Centres",271440 - Information Communication Technology - Software,Call Off (External), Contract,01/04/2022,31/03/2026,31/03/2026,"�30,000.00","�119,166.90",Access UK Ltd,-,EC3N 1RE,-,"STAR, Trafford Borough Council, TRAFF - Adults' Services, TRAFF - Children's Services, TRAFF - Children, Families and Wellbeing, TRAFF - Finance and Systems, TRAFF - Governance and Community Strategy, TRAFF - Integrated Commissioning, TRAFF - Place, TRAFF - Strategy and Resources"
11980, Trafford Borough Council,Live (One Off),Project Team - CAN,261300 - Human Resources - Recruitment & Assessment,RBS - Low - Quick Quote, Contract,10/11/2022,10/05/2023,-,"�154,522.00","�154,522.00",Taylor Davenport Resourcing,-,G74 5PA,-,"Trafford Borough Council, TRAFF - Children's Services"
3497, Trafford Borough Council,Live (On-going),Children�s and young people�s Residential Placements,401001 - Social Community Care Supplies & Services - Children - Community Based Services,OJEU Tender, Flexible Purchasing System,01/04/2018,31/03/2028,31/03/2028,"�30,000,000.00","�30,000,000.00",Various Suppliers,-,Various,-,"STAR, TRAFF - Children, Families and Wellbeing"
10298, Trafford Borough Council,Live (On-going),Trafford Homecare and Reablement at Home FPS,321000 - Social Community Care Supplies & Services - Adult,Procured by Other, Flexible Purchasing System,01/04/2021,31/03/2026,-,�0.00,�0.00,Various Suppliers,-,Various,-,"RBC - Adult Services, TRAFF - Adults' Services"
4077, Trafford Borough Council,Live (On-going),Children and Young People�s Foster Care Placements,321100 - Social Community Care Supplies & Services - Children,OJEU Tender, Flexible Purchasing System,05/04/2018,04/04/2028,-,,"�1,100,000,000.00",Various Suppliers,-,Various,-,"STAR, TRAFF - Children, Families and Wellbeing"
10695, Trafford Borough Council,Live (On-going),Online Parenting Courses,321100 - Social Community Care Supplies & Services - Children,RBS - Low - Quick Quote, Contract,01/04/2022,31/03/2024,-,,"�20,000.00",Solihull Approach,-,B37 7TR,-,"STAR, TRAFF - Children, Families and Wellbeing"
10708, Trafford Borough Council,Live (On-going),"Voluntary, Community and Social Enterprise (VCSE) Infrastructure Support Service1",321100 - Social Community Care Supplies & Services - Children,RBS - Med/High - Advanced (Open), Contract,01/10/2022,30/12/2025,-,,"�500,000.00",Pulse Regeneration,-,x,-,"STAR, TRAFF - Children's Services, TRAFF - Children, Families and Wellbeing"
7910, Trafford Borough Council,Live (On-going),Alternative Provision Flexible Procurement System,401001 - Social Community Care Supplies & Services - Children - Community Based Services,, Flexible Purchasing System,01/12/2020,01/12/2024,-,,"�1,936,129.00",Various Suppliers,-,Various,-,"STAR, TRAFF - Children, Families and Wellbeing"
4760, Trafford Borough Council,Live (On-going),Provision of Short Breaks for Children and Young People with Disabilities  FPS-Trafford,401001 - Social Community Care Supplies & Services - Children - Community Based Services,OJEU Tender, Flexible Purchasing System,01/09/2019,31/08/2026,-,,"�11,600,000.00",Various Suppliers,-,Various,-,"STAR, TRAFF - Children's Services, TRAFF - Children, Families and Wellbeing"
4671, Trafford Borough Council,Live (On-going),Provision of a Supported Internships Partner to provide Senior Employment Officer,401001 - Social Community Care Supplies & Services - Children - Community Based Services,Call Off (Internal), Contract,01/09/2019,31/08/2023,-,,"�164,000.00",Pure Innovations Ltd,-,SK7 5ER,-,"STAR, TRAFF - Children, Families and Wellbeing"
10874, Trafford Borough Council,Live (One Off),Occupational Therapy Assessments,311410 - Healthcare - Occupational Therapy Services,OJEU Tender, Contract,01/08/2022,01/01/2023,-,"�150,000.00","�165,000.00",The OT Practice,-,RG27 9HY,-,"STAR, TRAFF - Adults' Services"
10779, Trafford Borough Council,Live (On-going),LGBTQ+,321100 - Social Community Care Supplies & Services - Children,, Contract,01/04/2020,30/09/2023,-,,"�73,500.00",The Proud Trust,-,M15 6SE,-,"STAR, Trafford Borough Council, TRAFF - Adults' Services, TRAFF - Children's Services, TRAFF - Children, Families and Wellbeing, TRAFF - Finance and Systems, TRAFF - Governance and Community Strategy, TRAFF - Integrated Commissioning, TRAFF - Place, TRAFF - Strategy and Resources"
14007, Trafford Borough Council,Live (One Off),Longford Park Additional Scope,150000 - Consultancy,RBS - Low - Quick Quote, Contract,28/11/2022,28/02/2023,-,"�24,515.00","�24,515.00",The Environment Partnership (TEP) Ltd,-,WA3 7BH,-,"Trafford Borough Council, TRAFF - Place"
10560, Trafford Borough Council,Live (On-going),Trafford Council Provision of E-Cigarettes & Associated Services,151514 - Healthcare - Public Health - Specialist Services,RBS - Low/Med - Simple (RFQ), Contract,01/08/2021,31/07/2024,31/07/2026,,"�90,900.00",Pillbox38 (UK) Ltd T/A Totally Wicked,-,x,-,"STAR, Trafford Borough Council, TRAFF - Integrated Commissioning"
10876, Trafford Borough Council,Live (One Off),Smoking Cessation Service for People with Severe Mental Illness,151514 - Healthcare - Public Health - Specialist Services,RBS - Low/Med - Simple (RFQ), Contract,01/10/2022,30/09/2023,30/09/2023,,"�49,000.00",Bluesci Support,-,WA15 7JU,-,"STAR, Trafford Borough Council, TRAFF - Integrated Commissioning"
14008, Trafford Borough Council,Live (One Off),Landscaping/Nature Architectural Services,"391000 - Works - Construction, Repair & Maintenance - Architect",RBS - Low - Quick Quote, Contract,23/11/2022,23/11/2023,-,"�20,000.00","�20,000.00",Barnes Walker Ltd,-,M22 4WT,-,"Trafford Borough Council, TRAFF - Place"
11969, Trafford Borough Council,Live (One Off),Civic Quarter DHN Project Management,150000 - Consultancy,RBS - Low - Quick Quote, Contract,24/11/2022,09/06/2023,-,"�19,000.00","�19,000.00",Varsity Consulting,-,PE27 3WS,-,"Trafford Borough Council, TRAFF - Place"
10732, Trafford Borough Council,Live (One Off),PaSH GM (PARTNERSHIP) Contract - Trafford,310000 - Healthcare,Procured by Other, Contract,01/07/2022,30/06/2024,30/06/2024,"�82,814.00","�165,628.00",BHA for Equality,-,M15 4AE,-,"Trafford Borough Council, TRAFF - Children, Families and Wellbeing"
10569, Trafford Borough Council,Live (On-going),Provision of Community Weight Management Groups (Lot 1) (Tier 2),151514 - Healthcare - Public Health - Specialist Services,RBS - Low/Med - Simple (RFQ), Contract,01/07/2021,23/06/2024,30/06/2026,"�40,893.00","�159,315.00",Miles Bramwell Executive Services Ltd t/a Slimming World,-,DE55 4RF,-,"Trafford Borough Council, TRAFF - Children, Families and Wellbeing"
10569, Trafford Borough Council,Live (On-going),"Provision of a Weight Management Service that is specifically targeted at Men, or is Male Only (Lot 2) (Tier 2)",151514 - Healthcare - Public Health - Specialist Services,RBS - Low/Med - Simple (RFQ), Contract,01/07/2021,23/06/2024,30/06/2026,"�11,706.00","�49,130.00",Foundation 92,1180246,M28 3NJ,-,"Trafford Borough Council, TRAFF - Children, Families and Wellbeing"
7919, Trafford Borough Council,Live (On-going),Provision of Trafford Healthy Lifestyle Services - Age UK,151514 - Healthcare - Public Health - Specialist Services,RBS - Low/Med - Simple (RFQ), Contract,01/04/2020,31/03/2024,31/03/2023,"�39,000.00","�39,000.00",Age UK Trafford,-,x,-,"Trafford Borough Council, TRAFF - Children, Families and Wellbeing"
7919, Trafford Borough Council,Live (On-going),Provision of Trafford Healthy Lifestyle Services - Liva,151514 - Healthcare - Public Health - Specialist Services,RBS - Low/Med - Simple (RFQ), Contract,01/04/2020,31/03/2024,31/03/2023,"�80,000.00","�240,000.00",Liva Healthcare,-,W1U 6TS,-,"Trafford Borough Council, TRAFF - Children, Families and Wellbeing"
7919, Trafford Borough Council,Live (On-going),Provision of Trafford Healthy Lifestyle Services - Manchester Deaf Centre,151514 - Healthcare - Public Health - Specialist Services,RBS - Low/Med - Simple (RFQ), Contract,01/04/2020,31/03/2024,31/03/2023,"�15,000.00","�45,000.00",Manchester Deaf Centre,-,M13 9GH,-,"Trafford Borough Council, TRAFF - Children, Families and Wellbeing"
7919, Trafford Borough Council,Live (On-going),Provision of Trafford Healthy Lifestyle Services - Pakistani Resource Centre,151514 - Healthcare - Public Health - Specialist Services,RBS - Low/Med - Simple (RFQ), Contract,01/04/2020,31/03/2024,31/03/2023,"�20,196.00","�60,588.00",Pakistani Resource Centre,-,M20 6FJ,-,"Trafford Borough Council, TRAFF - Children, Families and Wellbeing"
7919, Trafford Borough Council,Live (On-going),Provision of Trafford Healthy Lifestyle Services - Unlimited Potential,151514 - Healthcare - Public Health - Specialist Services,RBS - Low/Med - Simple (RFQ), Contract,01/04/2020,31/03/2024,31/03/2023,"�43,835.00","�131,505.00",Unlimited Potential,-,M6 6FP,-,"Trafford Borough Council, TRAFF - Children, Families and Wellbeing"
7919, Trafford Borough Council,Live (On-going),Provision of Trafford Healthy Lifestyle Services - Voice of BME - Trafford,151514 - Healthcare - Public Health - Specialist Services,RBS - Low/Med - Simple (RFQ), Contract,01/04/2020,31/03/2024,31/03/2023,"�21,000.00","�63,000.00",Voice of BME - Trafford,-,M16 0PQ,-,"Trafford Borough Council, TRAFF - Children, Families and Wellbeing"
10939, Trafford Borough Council,Live (One Off),Provision of Attachment and Trauma Responsive Services.,401001 - Social Community Care Supplies & Services - Children - Community Based Services,Exemption, Contract,01/12/2022,30/11/2023,-,"�24,999.00","�24,999.00",Changing Minds UK,-,WA1 1PG,-,"STAR, TRAFF - Children's Services"
11865, Trafford Borough Council,Live (One Off),Developing a Private wireless network for Trafford Council CCTV,"270000 - Information Communication Technology, 271200 - Information Communication Technology - Hardware",RBS - Med/High - Advanced (Open), Contract,01/10/2022,31/03/2023,-,,"�163,875.00",Ingenitech Ltd,-,SK8 5AT,-,"STAR, TRAFF - Place"
11925, Trafford Borough Council,Live (On-going),Support/Maintenance for the voice platform and core switches,"270000 - Information Communication Technology, 271501 - Information Communication Technology - Services",Call Off (External), Call-off Contract,01/08/2022,31/07/2023,-,,"�104,000.00",GCI Network Soultions Ltd,4082862,BH17 0RU,-,"STAR, TRAFF - Finance and Systems"
11979, Trafford Borough Council,Live (On-going),"Data Warehouse Professional Services, Managed Services and Centre of Excellence support",271501 - Information Communication Technology - Services,Call Off (External), Call-off Contract,15/11/2022,14/11/2023,-,,"�169,762.00",ANS Group Ltd,-,x,-,"STAR, TRAFF - Finance and Systems"
14028, Trafford Borough Council,Live (One Off),The Riddings,150000 - Consultancy,Call Off (External), Contract,14/12/2022,14/06/2023,-,"�20,700.00","�20,700.00",Savills (UK) Ltd,-,W1G 0JD,-,"Trafford Borough Council, TRAFF - Place"
6514, Trafford Borough Council,Live (One Off),Altrincham Golf Driving Range - Replacement of Perimeter Ball-Stop Netting,330000 - Sports & Playground Equipment & Maintenance,Mini Competition (External), Call-off Contract,09/11/2022,31/01/2023,-,�0.00,"�28,422.00",Kaberry Construction ,-,OL10 3JY,-,"Trafford Borough Council, TRAFF - Place"
10762, Trafford Borough Council,Live (On-going),Trafford Safe Accommodation - Refuge and Floating Support,151515 - Healthcare - Public Health - Not Elsewhere Classified,Procured by Other, Contract,01/04/2022,31/03/2027,31/03/2027,"�342,990","�1,714,950.00",Trafford Domestic Abuse Services,-,M32 0PS,-,"Trafford Borough Council, TRAFF - Adults' Services, TRAFF - Children, Families and Wellbeing"
10944, Trafford Borough Council,Live (On-going),Provision of 5 Self Contained Flats in a Supported Accommodations  Service in  Flixton,401001 - Social Community Care Supplies & Services - Children - Community Based Services,Call Off (External), Contract,16/12/2019,15/12/2022,-,,"�965,912.00",Mosscare St Vincent�s Housing Group (MSV),-,M32 0RS,-,"STAR, TRAFF - Children, Families and Wellbeing"
11916, Trafford Borough Council,Live (One Off),Trafford Civic Quarter Heat Network Feasibility Study - Technical Advisor,150000 - Consultancy,RBS - Low/Med - Simple (RFQ), Contract,08/12/2022,07/06/2023,-,"�69,574.00","�69,574.00",Aecom Limited ,-,E1 8FA,-,"Trafford Borough Council, TRAFF - Place"
10934, Trafford Borough Council,Live (On-going),6 Tenants in Supported Accommodation (Church Road),321000 - Social Community Care Supplies & Services - Adult,Exemption, Contract,10/01/2023,09/01/2025,-,"�305,199.24","�305,199.20",Autism Initiatives,2436777,L30 4XR,-,"Trafford Borough Council, TRAFF - Adults' Services"
9640, Trafford Borough Council,Live (On-going),Altrincham Public Realm � Greenwood Street,"391465 - Works - Construction, Repair & Maintenance - Roads - Reconstruction & Resurfacing",Call Off (External), Contract,01/07/2022,01/01/2024,-,,"�1,869,204.00",Alined Construction LTD,-,M14 7DW,-,STAR
10936, Trafford Borough Council,Live (On-going),North West Regional Supported and Independent Living Service (SaILS)-Trafford,321100 - Social Community Care Supplies & Services - Children,Procured by Other, Flexible Purchasing System,01/01/2020,31/12/2029,31/03/2023,,�0.00,Various Suppliers,-,Various,-,"STAR, TRAFF - Children, Families and Wellbeing"
11939, Trafford Borough Council,Live (On-going),Trafford Prepaid Cards,200000 - Financial Services,Call Off (External), Call-off Contract,01/11/2022,31/10/2027,-,"�150,000.00","�150,000.00",EML PAYMENTS EUROPE LIMITED,-,B1 2LP,-,"Trafford Borough Council, TRAFF - Children, Families and Wellbeing"
14054, Trafford Borough Council,Live (On-going),MEP for Altrincham Leisure Centre Refurbishment,150000 - Consultancy,Call Off (External), Call-off Contract,01/02/2023,01/08/2023,-,"�27,000.00","�27,000.00",TACE Manchester Limited,-,SK8 6QL,-,"Trafford Borough Council, TRAFF - Place"
11841, Trafford Borough Council,Live (On-going),AGMA Winter Service Weather Forecasting  - Trafford,182100 - Environmental Services - Weather Forecasts,RBS - Low/Med - Simple (RFQ), Contract,15/10/2022,14/04/2025,14/04/2026,"�6,560.86","�19,682.58",MetDesk Ltd,-,HP22 6BN,-,"STAR, TRAFF - Place"
10977, Trafford Borough Council,Live (On-going),PHE Scientific Call Off under HIV Self Sampling Service Framework ESPO 3173_19A,151510 - Healthcare - Public Health,,Please Select,01/01/2023,31/03/2025,-,,"�8,145.53",SH:24,-,SE1 7JB,-,"STAR, Trafford Borough Council, TRAFF - Adults' Services, TRAFF - Children's Services, TRAFF - Children, Families and Wellbeing, TRAFF - Finance and Systems, TRAFF - Governance and Community Strategy, TRAFF - Integrated Commissioning, TRAFF - Place, TRAFF - Strategy and Resources"
14016, Trafford Borough Council,Live (One Off),Children's Services Consultant,151900 - Consultancy - Management,Exemption, Contract,24/11/2022,23/11/2024,-,"�24,300.00","�48,600.00",Grant Public Consultancy Ltd,-,FY5 1AP,-,TRAFF - Children's Services
8976, Trafford Borough Council,Live (On-going),Money Management for Vulnerable Adults,200000 - Financial Services,RBS - Low/Med - Simple (RFQ), Contract,01/07/2021,01/07/2025,-,"�10,000.00","�40,000.00",the Money Carer Foundation,-,M33 7JQ,-,"TAME - Exchequer, TRAFF - Finance and Systems"
3076, Trafford Borough Council,Live (On-going),Supported Living Service for Adults with a Learning Disability � 10 Properties,321000 - Social Community Care Supplies & Services - Adult,Mini Competition (External), Contract,01/04/2016,31/03/2018,-,"�1,639,898.03","�6,589,546.00",Future Directions,-,OL9 9XA,-,"Trafford Borough Council, TRAFF - Adults' Services"
8714, Trafford Borough Council,Live (On-going),Trafford Social Care Framework,261413 - Human Resources - Temporary & Agency Staff - Professional,OJEU Tender, Framework Agreement,21/06/2021,20/06/2024,-,"�5,100,000.00","�15,300,000.00",(multiple),-,-,-,"Trafford Borough Council, TRAFF - Children's Services"
10850, Trafford Borough Council,Live (On-going),Supported Living Services at Lorraine Road ,321000 - Social Community Care Supplies & Services - Adult,Call Off (External), Contract,01/04/2023,31/03/2025,-,"�329,852.00","�329,852.00",ICRIT Healthcare Ltd,-,BL6 5PP,-,"Trafford Borough Council, TRAFF - Adults' Services"
10005, Trafford Borough Council,Live (On-going),Intensive Mentoring for Children and Young People,321100 - Social Community Care Supplies & Services - Children,RBS - Med/High - Advanced (Open), Contract,01/04/2020,30/09/2023,-,,"�253,654.00",Salford Foundation,-,M5 4BD,-,"STAR, TRAFF - Children, Families and Wellbeing"
14083, Trafford Borough Council,Live (One Off),Berry Recruitment - Trafford Council,261300 - Human Resources - Recruitment & Assessment,RBS - Low - Quick Quote, Contract,08/03/2023,07/03/2024,07/03/2024,"�24,999.00","�24,999.00",Berry Recruitment Ltd,-,AL3 6PQ,-,"Trafford Borough Council, TRAFF - Strategy and Resources"
10436, Trafford Borough Council,Live (On-going),LGBT Specific Youth Provision ,401001 - Social Community Care Supplies & Services - Children - Community Based Services,Exemption, Contract,01/04/2020,31/03/2024,31/03/2024,,"�73,500.00",The Proud Trust,-,M15 6SE,-,"STAR, TRAFF - Children, Families and Wellbeing"
14065, Trafford Borough Council,Live (One Off),5 x AV1 Robots and support ,171111 - Education - Audio Visual,Exemption, Contract,28/02/2023,28/02/2026,-,"�9,045.00","�27,135.00",No Isolation Limited ,-,EC1V 9EY,-,"Trafford Borough Council, TRAFF - Children's Services"
10427, Trafford Borough Council,Live (On-going),Flexible Purchasing System for  Adoption Support Services  (Trafford),321100 - Social Community Care Supplies & Services - Children,OJEU Tender, Flexible Purchasing System,01/02/2023,31/01/2027,31/01/2027,,"�2,500,000.00",Various - see STAR for details,-,Various,-,"STAR, TRAFF - Children, Families and Wellbeing"
10910, Trafford Borough Council,Live (One Off),Reducing Parental Conflict (RPC) Coordinator,321100 - Social Community Care Supplies & Services - Children,RBS - Low/Med - Simple (RFQ), Contract,01/01/2023,31/03/2024,-,,"�27,000.00",Trafford Community Collective,-,M32 0LG,-,"STAR, TRAFF - Children, Families and Wellbeing"
10918, Trafford Borough Council,Live (On-going),Consultant-Pilot Programme,170000 - Education,RBS - Low/Med - Simple (RFQ), Contract,01/10/2022,01/10/2023,01/10/2023,,"�8,400.00",Anewarc Limited,-,CH2 3JG,-,"STAR, TRAFF - Children, Families and Wellbeing"
10304, Trafford Borough Council,Live (On-going),Domestic Abuse Support for Children and Young People  ,321100 - Social Community Care Supplies & Services - Children,RBS - Low/Med - Simple (RFQ), Contract,01/01/2021,30/09/2023,-,,"�83,199.85",Trafford Domestic Abuse Services,-,M32 0PS,-,"STAR, TRAFF - Children, Families and Wellbeing"
14093, Trafford Borough Council,Live (One Off),Parking Enforcement Services,201400 - Financial Services - Council Tax & Business Rates,Modification, Call-off Contract,01/04/2023,01/04/2024,-,"�848,614.00","�848,614.00",Marston Holdings Ltd,-,CM16 9EB,-,"Trafford Borough Council, TRAFF - Finance and Systems"
14023, Trafford Borough Council,Live (On-going),"Property Management for the Grafton Centre, Altrincham",191700 - Facilities & Management Services - Property Management,Call Off (External), Framework Agreement,12/12/2022,12/12/2025,-,"�30,000.00","�90,000.00",Legat Owen,-,CH1 1RQ,-,"Trafford Borough Council, TRAFF - Place"
14114, Trafford Borough Council,Live (On-going),Treasury Management Services - Trafford ,200000 - Financial Services,OJEU Tender, Call-off Contract,01/04/2023,31/03/2026,31/03/2027,"�15,000.00","�60,000.00",Arlingclose Limited ,-,CV37 6AH,-,TRAFF - Finance and Systems
6421, Trafford Borough Council,Live (On-going),Trafford Enforcement Agency and Debt Recovery Services,201400 - Financial Services - Council Tax & Business Rates,Call Off (External), Call-off Contract,01/11/2019,31/10/2023,-,"�471,000.00","�1,884,000.00",Jacobs Enforcement,-,CH41 4PE,-,"Trafford Borough Council, TRAFF - Finance and Systems"
13018, Trafford Borough Council,Live (One Off),Essential Parent,321100 - Social Community Care Supplies & Services - Children,Exemption, Contract,10/03/2023,31/03/2026,-,,"�81,000.00",The Essential Parent Company Limited,-,CB4 0WS,-,"STAR, TRAFF - Children, Families and Wellbeing"
14126, Trafford Borough Council,Live (One Off),Food Hygiene Inspections,261300 - Human Resources - Recruitment & Assessment,RBS - Low - Quick Quote, Contract,01/04/2023,31/03/2024,-,"�45,989.00","�45,989.00",(multiple),-,-,-,"Trafford Borough Council, TRAFF - Adults' Services"
14133, Trafford Borough Council,Live (One Off),Trading Standards Officer,261300 - Human Resources - Recruitment & Assessment,RBS - Low - Quick Quote, Contract,17/05/2023,21/06/2023,-,"�10,800.00","�10,800.00",Kenyon Block Consultants Ltd,-,EN 11 8TL,-,"Trafford Borough Council, TRAFF - Children, Families and Wellbeing"
9910, Trafford Borough Council,Live (One Off),Knotweed Removal Works,"390000 - Works - Construction, Repair & Maintenance",RBS - Low/Med - Simple (RFQ), Contract,17/05/2023,14/06/2023,-,,"�35,377.00",LEYDEN KIRBY ASSOCIATES LIMITED (THE LK GROUP),0455 7784,M26 2ZS,-,TRAFF - Place
9856, Trafford Borough Council,Live (One Off),Stretford Future High Streets Public Realm ,"391300 - Works - Construction, Repair & Maintenance - Open Spaces",Mini Competition (Internal), Call-off Contract,02/05/2023,03/07/2023,-,,"�4,445,362.00",A E Yates,-,BL6 4SB,-,"Trafford Borough Council, TRAFF - Place"
11744, Trafford Borough Council,Live (On-going),Homelessness Case Management System,271516 - Information Communication Technology - Services - Cloud Services,Call Off (External), Call-off Contract,03/04/2022,02/04/2024,02/04/2026,"�9,700.00","�19,400.00",Locata (Housing Services) Limited,4419315,EC1Y 8YZ,-,TRAFF - Strategy and Resources
14141, Trafford Borough Council,Live (One Off),Trafford - Marketing Development Arm,191000 - Facilities & Management Services - Advertising,RBS - Low - Quick Quote, Contract,01/02/2023,01/02/2024,-,"�51,000.00","�51,000.00",Squad,-,M4 6LN,-,"Trafford Borough Council, TRAFF - Place"
14149, Trafford Borough Council,Live (One Off),TfGM and Trafford Estates Projects,150000 - Consultancy,Call Off (External), Call-off Contract,05/06/2023,05/06/2024,-,"�70,000.00","�70,000.00",Morland Consultancy LLP,-,LL13 7YT,-,"Trafford Borough Council, TRAFF - Place"
9865, Trafford Borough Council,Live (On-going),Chapel Road � RIBA Stages 3 & 4,"390000 - Works - Construction, Repair & Maintenance",RBS - Low/Med - Simple (RFQ), Contract,29/05/2023,22/12/2023,-,,"�164,267.00",J Greenwood Builders Ltd,1017470,M24 1SW,-,TRAFF - Place
15000, Trafford Borough Council,Live (One Off),Interim Recruitment,261300 - Human Resources - Recruitment & Assessment,RBS - Low - Quick Quote, Contract,24/04/2023,24/04/2024,-,"�25,000.00","�25,000.00",Park Avenue Recruitment Limited,-,EC1V 9EE,-,"STAR, TRAFF - Place"
15004, Trafford Borough Council,Live (One Off),Temporary Storage Solution at Chapel Road,191510 - Facilities & Management Services - Portable Building Hire,RBS - Low - Quick Quote, Contract,01/05/2023,01/05/2025,-,"�23,725.00","�23,725.00",Wernick Refurbished Buildings,-,SS11 8QG,-,TRAFF - Place
13002, Trafford Borough Council,Live (On-going),Short Break Additional Capacity  (5 - 11y),141000 - Clothing - Childrens & Adults,RBS - Low/Med - Simple (RFQ), Contract,01/06/2023,31/08/2024,-,,"�9,285.00",Sport Works (Manchester & Cheshire) Ltd,9269806,WA4 3DU,-,"STAR, TRAFF - Children, Families and Wellbeing"
9879, Trafford Borough Council,Live (On-going),Design of Additional Teaching Accommodation to support 8FE requirements ,150000 - Consultancy,Call Off (External), Framework Agreement,03/04/2023,01/10/2024,-,"�669,992.55","�669,992.60",Lancaster Maloney Martin,-,SK7 5ER,-,TRAFF - Children's Services
9913, Trafford Borough Council,Live (One Off),Disabled Facility Grant 18193- Abacus ,"390000 - Works - Construction, Repair & Maintenance",Exemption, Contract,02/03/2023,02/03/2024,-,"�15,000.00","�15,000.00",Gainsborough Healthcare Group,-,B98 7ST,-,TRAFF - Adults' Services
9888, Trafford Borough Council,Live (One Off),GD3 Bus Stop Improvements,"391400 - Works - Construction, Repair & Maintenance - Roads, 391410 - Works - Construction, Repair & Maintenance - Roads - Construction",Exemption, Contract,15/05/2023,31/12/2023,-,"�17,350.00","�17,350.00",Tetra Tech Limited,-,M17 1HH,-,TRAFF - Place
9981, Trafford Borough Council,Live (On-going),SERVICE LEVEL AGREEMENT RELATING TO THE PROVISION OF STRAY DOG SERVICES,181500 - Environmental Services - Animal Services - Pest & Animal Control,Procured by Other, Contract,01/04/2023,31/03/2025,-,"�3,600.00","�7,200.00",Salford City Council,-,M27 5FJ,-,"Trafford Borough Council, TRAFF - Place"
6381, Trafford Borough Council,Completed,Treasury Management (Trafford) Advisory Services to all Association of Greater Manchester Authorities (�AGMA�) and AGMA Associate Authorities,150000 - Consultancy,Call Off (External), Call-off Contract,01/04/2019,31/03/2023,-,"�14,500.00","�60,100.00",Link Treasury Services Limited,2652033,EC2V 7NQ,-,"Trafford Borough Council, TRAFF - Strategy and Resources"
10078, Trafford Borough Council,Completed,Supported Living Service 5,321000 - Social Community Care Supplies & Services - Adult,Call Off (Internal), Contract,01/05/2020,31/03/2023,-,"�164,706.57","�329,413.10",FitzRoy,2699902,GU32 2JD,-,"Trafford Borough Council, TRAFF - Adults' Services"
9322, Trafford Borough Council,Completed,Supply of Gas,370000 - Utilities,Call Off (External), Call-off Contract,01/04/2021,31/03/2023,-,"�1,200,000.00","�1,654,452.00",Corona Energy Retail 4 Limited,2798334,WD18 8YA,-,"Trafford Borough Council, TRAFF - Strategy and Resources"
5003, Trafford Borough Council,Completed,Metered HH and NHH,"370000 - Utilities, 371000 - Utilities - Electricity",Call Off (External), Call-off Contract,01/04/2019,31/03/2023,-,"�1,338,033.63","�4,014,101.00",Npower,3653277,WF17 9NE,-,"Trafford Borough Council, TRAFF - Place"
4380, Trafford Borough Council,Completed,Locta Tracing Solution Software 1,271440 - Information Communication Technology - Software,Exemption, Contract,01/04/2018,31/03/2023,-,"�2,800.00","�14,000.00",Magnet Solutions Ltd,-,SK8 2EA,-,"Trafford Borough Council, TRAFF - Strategy and Resources"
8525, Trafford Borough Council,Completed,FIS (Family Information Service) Hub,270000 - Information Communication Technology,Call Off (External), Contract,01/04/2020,31/03/2023,-,"�14,518.00","�43,554.00",Idox Software,3984070,RG7 4SA,-,"Trafford Borough Council, TRAFF - Children, Families and Wellbeing"
8587, Trafford Borough Council,Completed,Adult Social Care Hub,270000 - Information Communication Technology,Call Off (External), Call-off Contract,22/06/2020,31/03/2023,-,"�10,082.00","�28,565.67",Idox Software,3984070,RG7 4SA,-,"Trafford Borough Council, TRAFF - Children, Families and Wellbeing"
4093, Trafford Borough Council,Completed,Appropriate Adult Service - Trafford,"321100 - Social Community Care Supplies & Services - Children, 401603 - Social Community Care Supplies & Services - Children - Youth Services - Transition Between Children & Adults",OJEU Tender, Contract,01/06/2018,31/03/2023,31/03/2023,"�122,441.92","�367,325.80",Child Action North West,-,BB1 9LL,-,"Trafford Borough Council, TRAFF - Children's Services, TRAFF - Children, Families and Wellbeing"
9542, Trafford Borough Council,Completed,Willows Primary School � Expansion Scheme,"390000 - Works - Construction, Repair & Maintenance",Mini Competition (External), Contract,10/01/2022,09/06/2023,-,"�245,000.00","�421,611.90",Conlon Construction,708997,PR5 6BE,-,"STAR, TRAFF - Children's Services"
10442, Trafford Borough Council,Completed,The Provision of Home Library Services,171060 - Education - Library Services,RBS - Low/Med - Simple (RFQ), Contract,01/04/2021,31/03/2023,31/03/2023,"�27,500.00","�27,500.00",Age UK Trafford,-,x,-,"STAR, TRAFF - Adults' Services"
10765, Trafford Borough Council,Completed,Church Road,321000 - Social Community Care Supplies & Services - Adult,Exemption, No Contract,10/01/2022,09/01/2023,-,"�176,877.13","�176,877.10",Autism Initiatives,2436777,L30 4XR,-,"STAR, TRAFF - Adults' Services"
11919, Trafford Borough Council,Completed,Housing Need and Demand Assessment,150000 - Consultancy,RBS - Low/Med - Simple (RFQ), Contract,01/09/2022,31/03/2023,31/03/2023,,"�24,999.00",arc4 Limited,6205180,M33 2DY,-,Trafford Borough Council
10786, Trafford Borough Council,Completed,Trafford Community Collective,151514 - Healthcare - Public Health - Specialist Services,Exemption, Contract,01/04/2021,31/03/2023,-,,"�75,000.00",Trafford Community Collective,-,M32 0LG,-,"STAR, TRAFF - Adults' Services"
11942, Trafford Borough Council,Completed,Temporary Procurement Resource,261300 - Human Resources - Recruitment & Assessment,Call Off (External), Call-off Contract,19/09/2022,31/03/2023,31/03/2023,"�102,000.00","�102,000.00",Castlefield Recruitment,-,M2 3BB,-,"STAR, TRAFF - Finance and Systems"
11961, Trafford Borough Council,Completed,Professor Horwath - Improving Safeguarding Outcomes (Trafford children and young people),150000 - Consultancy,Exemption, Contract,31/01/2022,31/01/2023,31/01/2023,"�13,000.00","�13,000.00",Jan Horwath Child Welfare Consultant,-,S11 9HJ,-,Trafford Borough Council
10639, Trafford Borough Council,Completed,VCFSE Family Worker,321100 - Social Community Care Supplies & Services - Children,RBS - Low/Med - Simple (RFQ), Contract,01/10/2021,31/03/2023,-,,"�74,998.50",(multiple),-,-,-,"STAR, TRAFF - Children, Families and Wellbeing"
10802, Trafford Borough Council,Completed,Winter Monies,321000 - Social Community Care Supplies & Services - Adult,Exemption, Contract,31/03/2022,31/03/2023,-,"�80,000.00","�80,000.00",Abuka Limited ,-,SK4 3GN,-,"Trafford Borough Council, TRAFF - Adults' Services"
10462, Trafford Borough Council,Completed,Locally Commissioned Services - Trafford Council,"310000 - Healthcare, 311100 - Healthcare - Counselling, 311200 - Healthcare - Drugs & Pharmacy Services, 319999 - Healthcare - Not Elsewhere Classified, 151513 - Healthcare - Public Health - GP Surgery Services, 151515 - Healthcare - Public Health - Not Elsewhere Classified, 151514 - Healthcare - Public Health - Specialist Services, 311600 - Healthcare - Services, 151511 - Healthcare - Social Policy",Local Services, Contract,01/04/2022,31/03/2023,31/03/2023,"�377,715.00","�377,715.00",Any GP or Pharmacy within the Borough of Trafford signing up to provide Locally Commissioned Services,-,M32 0TH,-,"Trafford Borough Council, TRAFF - Children, Families and Wellbeing"
11790, Trafford Borough Council,Completed,COBP Survey Commission - Specialist Survey at Sale Waterside,150000 - Consultancy,RBS - Low/Med - Simple (RFQ), Contract,13/12/2022,30/04/2023,30/04/2023,,"�195,923.00",Oxhey Hall Consulting Ltd,-,WD24 7ND,-,"Trafford Borough Council, TRAFF - Place"
9762, Trafford Borough Council,Completed,Grafton Centre - Upgrade Works,"390000 - Works - Construction, Repair & Maintenance",RBS - Low/Med - Simple (RFQ), Contract,24/01/2023,24/03/2023,-,,"�51,974.74",Armstrong Projects Ltd,-, WA14 4DW,-,"Trafford Borough Council, TRAFF - Place"
11818, Trafford Borough Council,Completed,Trafford High / Brook Road,150000 - Consultancy,Call Off (External), Call-off Contract,28/10/2022,17/03/2023,17/03/2023,,"�116,865.00",WSP UK Limited,-,WC2A 1AF,-,"Trafford Borough Council, TRAFF - Place"
10992, Trafford Borough Council,Completed,Think Equal Programme ,170000 - Education,Exemption, Contract,28/02/2023,31/03/2023,31/03/2023,,"�35,040.00",Think Equal ,-,W11 3SL ,-,"STAR, TRAFF - Children, Families and Wellbeing"
13003, Trafford Borough Council,Completed,Harbour Healthcare Ltd,321000 - Social Community Care Supplies & Services - Adult,Procured by Other, No Contract,01/04/2022,31/03/2023,-,"�13,800.00","�13,800.00",Harbour Healthcare  Ltd ,8062705,SK4 1RD,-,TRAFF - Adults' Services
