Service Unit,Supplier,Dist Amt,Account Name,Period
Balance Sheet,ASTUN TECHNOLOGY LTD,21750,Asset Clearing,Oct-23
Balance Sheet,ASTUN TECHNOLOGY LTD,4015,Asset Clearing,Oct-23
Balance Sheet,ASTUN TECHNOLOGY LTD,830,Asset Clearing,Oct-23
Balance Sheet,ATOS IT SERVICES UK LTD,1700,Asset Clearing,Oct-23
Balance Sheet,ATOS IT SERVICES UK LTD,1000,Asset Clearing,Oct-23
Balance Sheet,CLEVELAND CONTAINERS LIMITED,2695,Asset Clearing,Oct-23
Balance Sheet,CORNERS ELECTRICAL LTD,537,Asset Clearing,Oct-23
Balance Sheet,CORNERS ELECTRICAL LTD,1720,Asset Clearing,Oct-23
Balance Sheet,CORNERS ELECTRICAL LTD,3685,Asset Clearing,Oct-23
Balance Sheet,CORNERS ELECTRICAL LTD,1650,Asset Clearing,Oct-23
Balance Sheet,CORNERS ELECTRICAL LTD,3995,Asset Clearing,Oct-23
Balance Sheet,FROSTREE LTD,600,Asset Clearing,Oct-23
Balance Sheet,G V DECORATORS,792,Asset Clearing,Oct-23
Balance Sheet,GREENWICH CONTRACTS LIMITED,2455,Asset Clearing,Oct-23
Balance Sheet,GREENWICH CONTRACTS LIMITED,2455,Asset Clearing,Oct-23
Balance Sheet,GREENWICH CONTRACTS LIMITED,2455,Asset Clearing,Oct-23
Balance Sheet,GREENWICH CONTRACTS LIMITED,2455,Asset Clearing,Oct-23
Balance Sheet,GREENWICH CONTRACTS LIMITED,2209.5,Asset Clearing,Oct-23
Balance Sheet,GRESHAM OFFICE FURNITURE LTD,659.7,Asset Clearing,Oct-23
Balance Sheet,GRESHAM OFFICE FURNITURE LTD,1531,Asset Clearing,Oct-23
Balance Sheet,GRESHAM OFFICE FURNITURE LTD,8908,Asset Clearing,Oct-23
Balance Sheet,HARVEY NASH LIMITED,6405.12,Asset Clearing,Oct-23
Balance Sheet,HARVEY NASH LIMITED,6405.12,Asset Clearing,Oct-23
Balance Sheet,HARVEY NASH LIMITED,9500,Asset Clearing,Oct-23
Balance Sheet,INSIGHT DIRECT (UK) LTD,1244.6000000000001,Asset Clearing,Oct-23
Balance Sheet,INSIGHT DIRECT (UK) LTD,1099,Asset Clearing,Oct-23
Balance Sheet,INSIGHT DIRECT (UK) LTD,7906.97,Asset Clearing,Oct-23
Balance Sheet,INSIGHT DIRECT (UK) LTD,3179.16,Asset Clearing,Oct-23
Balance Sheet,JH MECHANICAL SERVICES LTD,2615.37,Asset Clearing,Oct-23
Balance Sheet,JH MECHANICAL SERVICES LTD,33273.32,Asset Clearing,Oct-23
Balance Sheet,KNIGHTSBRIDGE FURNITURE PRODUCTION LTD,3324,Asset Clearing,Oct-23
Balance Sheet,KNIGHTSBRIDGE FURNITURE PRODUCTION LTD,2330,Asset Clearing,Oct-23
Balance Sheet,N&N REMOVALS,510,Asset Clearing,Oct-23
Balance Sheet,R J LIFTS GROUP LTD,21567,Asset Clearing,Oct-23
Balance Sheet,REED SPECIALIST RECRUITMENT LIMITED,1250,Asset Clearing,Oct-23
Balance Sheet,REED SPECIALIST RECRUITMENT LIMITED,1000,Asset Clearing,Oct-23
Balance Sheet,REED SPECIALIST RECRUITMENT LIMITED,1000,Asset Clearing,Oct-23
Balance Sheet,REED SPECIALIST RECRUITMENT LIMITED,1250,Asset Clearing,Oct-23
Balance Sheet,TOYOTA GB PLC,19803.03,Asset Clearing,Oct-23
Balance Sheet,TOYOTA GB PLC,19803.03,Asset Clearing,Oct-23
Balance Sheet,TOYOTA GB PLC,19803.03,Asset Clearing,Oct-23
Balance Sheet,VICKERS CONSTRUCTION LTD,2700,Asset Clearing,Oct-23
Balance Sheet,VICTORY LEISURE HOMES LIMITED T/A VICTORY CONVERSIONS,7587.360000000001,Asset Clearing,Oct-23
Business Support,AA BUSINESS SERVICES,1470,Vehicle Recovery,Oct-23
Business Support,ABM INTELLIGENCE LIMITED,9030,Application Upgrades,Oct-23
Business Support,ALLIANCE PSYCHOLOGICAL SERVICES,8030,Private Treatment / Health Initiatives,Oct-23
Business Support,ALLIANCE PSYCHOLOGICAL SERVICES,2880,Private Treatment / Health Initiatives,Oct-23
Business Support,ALLIANCE PSYCHOLOGICAL SERVICES,4800,Private Treatment / Health Initiatives,Oct-23
Business Support,ALLSTAR BUSINESS SOLUTIONS,665.92,Petrol,Oct-23
Business Support,ALLSTAR BUSINESS SOLUTIONS,626.46,Petrol,Oct-23
Business Support,ALLSTAR BUSINESS SOLUTIONS,765.5500000000001,Petrol,Oct-23
Business Support,ALLSTAR BUSINESS SOLUTIONS,801.36,Petrol,Oct-23
Business Support,ALLSTAR BUSINESS SOLUTIONS,509.01,Petrol,Oct-23
Business Support,AMPLIVOX LTD,577.5,Training - Expenses - Police,Oct-23
Business Support,ASSURA PROPERTIES PLC,2221.17,Rent / Lease,Oct-23
Business Support,ASSURA PROPERTIES PLC,7175.5,Rent / Lease,Oct-23
Business Support,BLUE LIGHT PUBLISHING LTD TRADING AS POLICE PASS,2933.26,Recruitment Expenses,Oct-23
Business Support,BLUE LIGHT PUBLISHING LTD TRADING AS POLICE PASS,1320,Recruitment Expenses,Oct-23
Business Support,BOTTOMLINE TECHNOLOGIES,503,Professional Fees,45200
Business Support,BT (NEWCASTLE),1811.05,Telephone Charges - Landlines,Oct-23
Business Support,BT GLOBAL SERVICES SOLUTIONS,32169.06,Telephone Charges - Landlines,Oct-23
Business Support,CAPSTICKSSOLICITORS LLP,9600,Temporary / Contract Staff Costs,Oct-23
Business Support,CAPSTICKSSOLICITORS LLP,9600,Temporary / Contract Staff Costs,Oct-23
Business Support,CASEVA LTD,5330,General Equipment,Oct-23
Business Support,CASTLE CONSTRUCTION NORTH EAST LTD,1105,Premises - Planned Maintenance,Oct-23
Business Support,CASTLE CONSTRUCTION NORTH EAST LTD,3876,Premises - Planned Maintenance,Oct-23
Business Support,CASTLE CONSTRUCTION NORTH EAST LTD,3910,Premises - Planned Maintenance,Oct-23
Business Support,CF MOTORING SERVICES LTD,3146.37,Insurance - Motor Vehicle,Oct-23
Business Support,CF MOTORING SERVICES LTD,12168.380000000001,Insurance - Motor Vehicle,Oct-23
Business Support,CF MOTORING SERVICES LTD,8020.66,Insurance - Motor Vehicle,Oct-23
Business Support,CF MOTORING SERVICES LTD,2912.55,Insurance - Motor Vehicle,Oct-23
Business Support,CF MOTORING SERVICES LTD,4396.52,Insurance - Motor Vehicle,Oct-23
Business Support,CF MOTORING SERVICES LTD,1554.54,Insurance - Motor Vehicle,Oct-23
Business Support,CF MOTORING SERVICES LTD,5635.52,Insurance - Motor Vehicle,Oct-23
Business Support,CF MOTORING SERVICES LTD,6805.13,Insurance - Motor Vehicle,Oct-23
Business Support,CIPFA,965,Professional Fees,Oct-23
Business Support,CLEVELAND FIRE AUTHORITY,1755.1100000000001,Service Charge,Oct-23
Business Support,COLLEGE OF POLICING,3200,Professional Fees,Oct-23
Business Support,COLLEGE OF POLICING,2913.92,Training - Course Fees / Seminars etc - Police,Oct-23
Business Support,COLLEGE OF POLICING,1821.96,Training - Course Fees / Seminars etc - Police,Oct-23
Business Support,COLLEGE OF POLICING,2509,Training - Course Fees / Seminars etc - Staff,Oct-23
Business Support,COOL BREEZE FM LTD,15839.5,Premises - Repairs & Maintenance,Oct-23
Business Support,CORNERS ELECTRICAL LTD,1595,Premises - Planned Maintenance,Oct-23
Business Support,CORNERS ELECTRICAL LTD,595,Premises - Repairs & Maintenance,Oct-23
Business Support,CORNERS ELECTRICAL LTD,595,Premises - Repairs & Maintenance,Oct-23
Business Support,CORNERS ELECTRICAL LTD,650,Premises - Repairs & Maintenance,Oct-23
Business Support,CORNERS ELECTRICAL LTD,985,Premises - Repairs & Maintenance,Oct-23
Business Support,CORNERS ELECTRICAL LTD,585,Premises - Repairs & Maintenance,Oct-23
Business Support,CORONA ENERGY,1780.82,Gas,Oct-23
Business Support,CORONA ENERGY,2239.66,Gas,Oct-23
Business Support,CORONA ENERGY,2153.67,Gas,Oct-23
Business Support,CORONA ENERGY,517.39,Gas,Oct-23
Business Support,CORONA ENERGY,1820.02,Gas,Oct-23
Business Support,CORONA ENERGY,7834.2300000000005,Gas,Oct-23
Business Support,CORONA ENERGY,549.73,Gas,Oct-23
Business Support,CORONA ENERGY,510.31,Gas,Oct-23
Business Support,CORONA ENERGY,4225.16,Gas,Oct-23
Business Support,CORONA ENERGY,974.3100000000001,Gas,Oct-23
Business Support,CORONA ENERGY,862.44,Gas,Oct-23
Business Support,CORONA ENERGY,682.7,Gas,Oct-23
Business Support,CORONA ENERGY,1505.31,Gas,Oct-23
Business Support,CORONA ENERGY,2366.83,Gas,Oct-23
Business Support,CORONA ENERGY,2405.19,Gas,Oct-23
Business Support,CORONA ENERGY,561.26,Gas,Oct-23
Business Support,CORONA ENERGY,1976.28,Gas,Oct-23
Business Support,CORONA ENERGY,8305,Gas,Oct-23
Business Support,CORONA ENERGY,639.73,Gas,Oct-23
Business Support,CORONA ENERGY,551.69,Gas,Oct-23
Business Support,DAVID PHILLIPS AND PARTNERS,11500,Insurance - Public Liability,Oct-23
Business Support,DELL CORPORATION LTD,1641.57,General Equipment,Oct-23
Business Support,DEREK SLACK MOTORS LTD,637.89,Vehicle Repairs & Maintenance - Parts,Oct-23
Business Support,DEREK SLACK MOTORS LTD,617.25,Vehicle Repairs & Maintenance - Parts,Oct-23
Business Support,DESTINY CHURCH TEES VALLEY,3220,Professional Fees,Oct-23
Business Support,DESTINY CHURCH TEES VALLEY,4150,Professional Fees,Oct-23
Business Support,DWF LLP,884,Insurance - Public Liability,Oct-23
Business Support,E L DENNEY AND SON,561,Vehicle Repairs & Maintenance - Parts,Oct-23
Business Support,E L DENNEY AND SON,559.5500000000001,Vehicle Repairs & Maintenance - Parts,Oct-23
Business Support,E L DENNEY AND SON,733.9,Vehicle Repairs & Maintenance - Parts,Oct-23
Business Support,EDF ENERGY CUSTOMERS LTD,2148.66,Electricity,Oct-23
Business Support,EDF ENERGY CUSTOMERS LTD,1223.15,Electricity,Oct-23
Business Support,EDF ENERGY CUSTOMERS LTD,961.74,Electricity,Oct-23
Business Support,EDF ENERGY CUSTOMERS LTD,1002.22,Electricity,Oct-23
Business Support,EDF ENERGY CUSTOMERS LTD,1031.82,Electricity,Oct-23
Business Support,EDF ENERGY CUSTOMERS LTD,1012.88,Electricity,Oct-23
Business Support,EDF ENERGY CUSTOMERS LTD,52382.64,Electricity,Oct-23
Business Support,EDF ENERGY CUSTOMERS LTD,1595.79,Electricity,Oct-23
Business Support,EDF ENERGY CUSTOMERS LTD,8821.14,Electricity,Oct-23
Business Support,EDF ENERGY CUSTOMERS LTD,10362.94,Electricity,Oct-23
Business Support,EDF ENERGY CUSTOMERS LTD,7255.360000000001,Electricity,Oct-23
Business Support,EDF ENERGY CUSTOMERS LTD,1545.29,Electricity,Oct-23
Business Support,EDF ENERGY CUSTOMERS LTD,15464.09,Electricity,Oct-23
Business Support,EDF ENERGY CUSTOMERS LTD,1362.92,Electricity,Oct-23
Business Support,EDF ENERGY CUSTOMERS LTD,35299.29,Electricity,Oct-23
Business Support,EDF ENERGY CUSTOMERS LTD,2534.57,Electricity,Oct-23
Business Support,EE LTD,10855.42,Telephone Charges - Mobile,Oct-23
Business Support,EE LTD,10883.73,Telephone Charges - Mobile,Oct-23
Business Support,EE LTD,1672.1000000000001,Telephone Charges - Mobile,Oct-23
Business Support,EUROPEAN ELECTRONIQUE LTD,28241.64,Body Worn Video Contract,Oct-23
Business Support,EUROPEAN ELECTRONIQUE LTD,16475.760000000002,Body Worn Video Contract,Oct-23
Business Support,EUROPEAN ELECTRONIQUE LTD,1798.8600000000001,Body Worn Video Contract,Oct-23
Business Support,FISHER GERMAN PROPERTY MANAGEMENT LLP,9504.99,Electricity,Oct-23
Business Support,FISHER GERMAN PROPERTY MANAGEMENT LLP,7974.49,Electricity,Oct-23
Business Support,FISHER GERMAN PROPERTY MANAGEMENT LLP,8530.81,Electricity,Oct-23
Business Support,FISHER GERMAN PROPERTY MANAGEMENT LLP,8229.75,Electricity,Oct-23
Business Support,FISHER GERMAN PROPERTY MANAGEMENT LLP,4719.3,Service Charge,Oct-23
Business Support,FORCE IT SOLUTIONS LTD,2500,Police Visual Handbook,Oct-23
Business Support,GAMMA TELECOMM,4230.08,Telephone Charges - Landlines,Oct-23
Business Support,GAMMA TELECOMM,4156.86,Telephone Charges - Landlines,Oct-23
Business Support,GOODYEAR TYRES UK LIMITED,8307.52,Tyres,Oct-23
Business Support,HANLEYS MOTOR BODY REPAIRS LTD,751.11,Insurance - Motor Vehicle,Oct-23
Business Support,HANLEYS MOTOR BODY REPAIRS LTD,2251.54,Insurance - Motor Vehicle,Oct-23
Business Support,HANLEYS MOTOR BODY REPAIRS LTD,2812.44,Insurance - Motor Vehicle,Oct-23
Business Support,HANLEYS MOTOR BODY REPAIRS LTD,2265.4500000000003,Insurance - Motor Vehicle,Oct-23
Business Support,HARTLEPOOL BOROUGH COUNCIL,5419,Rates,45200
Business Support,HEALTHWORK GROUP LIMITED T/A OPTIMA HEALTH,30185,Occupational Health Contract,Oct-23
Business Support,HI-TEC EUROPE LTD,1337.84,Uniforms,Oct-23
Business Support,HI-TEC EUROPE LTD,716.7,Uniforms,Oct-23
Business Support,HM COURTS,6034,Professional Fees,45200
Business Support,INSIGHT DIRECT (UK) LTD,704.76,Telephone Charges - Mobile,Oct-23
Business Support,JH MECHANICAL SERVICES LTD,1467.14,Premises - Repairs & Maintenance,Oct-23
Business Support,JH MECHANICAL SERVICES LTD,1048,Premises - Repairs & Maintenance,Oct-23
Business Support,JH MECHANICAL SERVICES LTD,1441.84,Premises - Repairs & Maintenance,Oct-23
Business Support,KC CONSULTANTS (CUMBRIA) LTD,3881.07,Professional Fees,Oct-23
Business Support,MICHAEL PAGE INTERNATIONAL RECRUITMENT LTD,3010.75,Professional Fees,Oct-23
Business Support,MICHAEL PAGE INTERNATIONAL RECRUITMENT LTD,3010.75,Professional Fees,Oct-23
Business Support,MICHAEL PAGE INTERNATIONAL RECRUITMENT LTD,2709.68,Professional Fees,Oct-23
Business Support,MICHAEL PAGE INTERNATIONAL RECRUITMENT LTD,8512.77,Temporary / Contract Staff Costs,Oct-23
Business Support,MIDDLESBROUGH BOROUGH COUNCIL,65968,Rates,45200
Business Support,MIDDLESBROUGH DIOCESE,2896,Rent,45200
Business Support,MIDDLESBROUGH FOOTBALL CLUB,560.6,Professional Fees,Oct-23
Business Support,MITIE CLEANING & ENVIRONMENTAL SERVICES LTD,1053.25,Contract Cleaning,Oct-23
Business Support,MITIE CLEANING & ENVIRONMENTAL SERVICES LTD,651.67,Contract Cleaning,Oct-23
Business Support,MITIE CLEANING & ENVIRONMENTAL SERVICES LTD,8344.92,Contract Cleaning,Oct-23
Business Support,MITIE CLEANING & ENVIRONMENTAL SERVICES LTD,797.25,Contract Cleaning,Oct-23
Business Support,MITIE CLEANING & ENVIRONMENTAL SERVICES LTD,4811.17,Contract Cleaning,Oct-23
Business Support,MITIE CLEANING & ENVIRONMENTAL SERVICES LTD,2427.17,Contract Cleaning,Oct-23
Business Support,MITIE CLEANING & ENVIRONMENTAL SERVICES LTD,672.42,Contract Cleaning,Oct-23
Business Support,MITIE CLEANING & ENVIRONMENTAL SERVICES LTD,503.42,Contract Cleaning,Oct-23
Business Support,MITIE CLEANING & ENVIRONMENTAL SERVICES LTD,603.92,Contract Cleaning,Oct-23
Business Support,MITIE CLEANING & ENVIRONMENTAL SERVICES LTD,2427.58,Contract Cleaning,Oct-23
Business Support,MITIE CLEANING & ENVIRONMENTAL SERVICES LTD,4654.08,Contract Cleaning,Oct-23
Business Support,MITIE CLEANING & ENVIRONMENTAL SERVICES LTD,958.9200000000001,Contract Cleaning,Oct-23
Business Support,MITIE CLEANING & ENVIRONMENTAL SERVICES LTD,2654.17,Contract Cleaning,Oct-23
Business Support,MITIE CLEANING & ENVIRONMENTAL SERVICES LTD,1053.25,Contract Cleaning,Oct-23
Business Support,NWG BUSINESS LTD,906.1700000000001,Water,Oct-23
Business Support,NWG BUSINESS LTD,3483.32,Water,Oct-23
Business Support,NWG BUSINESS LTD,1270.8600000000001,Water,Oct-23
Business Support,NWG BUSINESS LTD,702.8000000000001,Water,Oct-23
Business Support,NWG BUSINESS LTD,3291.65,Water,Oct-23
Business Support,OUTCO LIMITED,2573,Premises - Planned Maintenance,Oct-23
Business Support,OUTCO LIMITED,1427.5,Premises - Planned Maintenance,Oct-23
Business Support,OUTCO LIMITED,1007,Premises - Repairs & Maintenance,Oct-23
Business Support,OXFORD UNIVERSITY PRESS,2910.2400000000002,Training - Course Fees / Seminars etc - Police,Oct-23
Business Support,PHOENIX SOFTWARE LTD,846777.6,Enterprise Microsoft Licences,Oct-23
Business Support,PHOENIX SOFTWARE LTD,52083.96,Enterprise Microsoft Licences,Oct-23
Business Support,PHOENIX SOFTWARE LTD,13722.720000000001,Enterprise Microsoft Licences,Oct-23
Business Support,PHOENIX SOFTWARE LTD,99087.84,Microsoft SQL Licensing SCE,Oct-23
Business Support,PHOENIX SOFTWARE LTD,16510.32,Microsoft SQL Licensing SCE,Oct-23
Business Support,PHOENIX SOFTWARE LTD,1119.83,National Enabling Pilot,Oct-23
Business Support,POLICE FEDERATION OF ENGLAND AND WALES,656.37,Professional Fees,Oct-23
Business Support,POLICE FEDERATION OF ENGLAND AND WALES,704.99,Professional Fees,Oct-23
Business Support,PORTLAND ESTATES MANAGEMENT LTD,6960,Rent / Lease,Oct-23
Business Support,PORTLAND ESTATES MANAGEMENT LTD,1410.01,Rent / Lease,Oct-23
Business Support,PS ADMINISTRATION LTD (T/A XPS ADMINISTRATION),11060.9,Treasury Management Fees,Oct-23
Business Support,PS ADMINISTRATION LTD (T/A XPS ADMINISTRATION),9350,Treasury Management Fees,Oct-23
Business Support,PS ADMINISTRATION LTD (T/A XPS ADMINISTRATION),500,Treasury Management Fees,Oct-23
Business Support,PWLB,2500000,Repayment,45200
Business Support,PWLB,43625,Interest,45200
Business Support,QUADIENT,3504,Postage Costs,45200
Business Support,QUADIENT FINANCE UK LIMITED,1121.1100000000001,Postage Costs,Oct-23
Business Support,R J LIFTS GROUP LTD,1200,Premises - Repairs & Maintenance,Oct-23
Business Support,REACH PUBLISHING SERVICES LTD,2300,Recruitment Expenses,Oct-23
Business Support,REACH PUBLISHING SERVICES LTD,500,Recruitment Expenses,Oct-23
Business Support,REACH PUBLISHING SERVICES LTD,852.9300000000001,Recruitment Expenses,Oct-23
Business Support,REDACTED,545,Private Treatment / Health Initiatives,Oct-23
Business Support,REDACTED,545,Private Treatment / Health Initiatives,Oct-23
Business Support,REDACTED,1243.44,Professional Fees,Oct-23
Business Support,REDACTED,1287.52,Insurance - Public Liability,Oct-23
Business Support,REDACTED,1800,Professional Fees,Oct-23
Business Support,REDACTED,700,Insurance - Public Liability,Oct-23
Business Support,REDACTED,1400,Damage to Property,Oct-23
Business Support,REDACTED,960.75,Professional Fees,Oct-23
Business Support,REDACTED,2700,Professional Fees,Oct-23
Business Support,REDACTED,1485,Insurance - Public Liability,Oct-23
Business Support,REDACTED,1000,Insurance - Public Liability,Oct-23
Business Support,REDACTED,500,Professional Fees,Oct-23
Business Support,REDACTED,1000,Professional Fees,Oct-23
Business Support,REDACTED,900,Insurance - Public Liability,Oct-23
Business Support,REDACTED,3150,Insurance - Public Liability,Oct-23
Business Support,REDACTED,2100,Professional Fees,Oct-23
Business Support,REDACTED,500,Professional Fees,Oct-23
Business Support,REDACTED,750,Professional Fees,Oct-23
Business Support,REDACTED,1500,Professional Fees,Oct-23
Business Support,REDACTED,901.2,Professional Fees,Oct-23
Business Support,REDACTED,588,Insurance - Public Liability,Oct-23
Business Support,REDACTED,700,Damage to Property,Oct-23
Business Support,REDACTED,2116,Premises - Repairs & Maintenance,Oct-23
Business Support,REDACTED,600,Professional Fees,Oct-23
Business Support,REDACTED,1000,Professional Fees,Oct-23
Business Support,REDACTED,600,Insurance - Employer Liability,Oct-23
Business Support,REDACTED,8959.9,Professional Fees,Oct-23
Business Support,REDACTED,562.5,Professional Fees,Oct-23
Business Support,REDACTED,665,Professional Fees,Oct-23
Business Support,REDACTED,35846,General Equipment,45200
Business Support,REDACTED ,925,Rent,45200
Business Support,REDCAR BOROUGH COUNCIL,21225,Rates,45200
Business Support,RS FLEET INSTALLATIONS LTD T/A RS CONNECT,800,Vehicle Repairs & Maintenance - Labour,Oct-23
Business Support,S JENNINGS LTD T/A LOOKERS FORD MIDDLESBROUGH,541.65,Vehicle Repairs & Maintenance - Labour,Oct-23
Business Support,S JENNINGS LTD T/A LOOKERS FORD MIDDLESBROUGH,607.5,Vehicle Repairs & Maintenance - Parts,Oct-23
Business Support,SANCUS OPERATIONS LTD,6700,Training - Course Fees / Seminars etc - Police,Oct-23
Business Support,SANCUS OPERATIONS LTD,1750,Training - Course Fees / Seminars etc - Police,Oct-23
Business Support,SCOT GROUP LTD T/A THRIFTY CAR & VAN RENTAL,637.84,Vehicle Hire,Oct-23
Business Support,SIGNAGE SOLUTIONS GBR LTD,650,Insurance - Motor Vehicle,Oct-23
Business Support,SOCIAL AND MARKET STRATEGIC RESEARCH LTD,1192.1000000000001,Professional Fees,Oct-23
Business Support,SOFTCAT LTD,17573.48,Information Technology Expenditure - General,Oct-23
Business Support,SOLICITORS REGULATION AUTHORITY,2696,Staff Professional Subscriptions,Oct-23
Business Support,SOPRA STERIA LTD,15286.87,Information Technology Expenditure - General,Oct-23
Business Support,SOPRA STERIA LTD,10935.47,Information Technology Expenditure - General,Oct-23
Business Support,SPECIALIST COMPUTER CENTRES PLC,2686.17,Information Technology Expenditure - General,Oct-23
Business Support,SPECIALIST COMPUTER CENTRES PLC,2686.17,Information Technology Expenditure - General,Oct-23
Business Support,SPENCER WEST LLP,10466.66,Professional Fees,Oct-23
Business Support,SPENCER WEST LLP,20472.5,Professional Fees,Oct-23
Business Support,SPENCER WEST LLP,125020,Professional Fees,Oct-23
Business Support,SPENCER WEST LLP,1000,Professional Fees,Oct-23
Business Support,SPENCER WEST LLP,1816.5,Professional Fees,Oct-23
Business Support,SPENCER WEST LLP,18565.5,Professional Fees,Oct-23
Business Support,SPENCER WEST LLP,3266.67,Professional Fees,Oct-23
Business Support,SPENCER WEST LLP,6925.5,Professional Fees,Oct-23
Business Support,SPENCER WEST LLP,14359,Professional Fees,Oct-23
Business Support,STOCKTON BOROUGH COUNCIL,39681,Rates,45200
Business Support,STOCKTON-ON-TEES BOROUGH COUNCIL,1012.6,Premises - Repairs & Maintenance,Oct-23
Business Support,STOCKTON-ON-TEES BOROUGH COUNCIL,507.3,Premises - Repairs & Maintenance,Oct-23
Business Support,SWAINSTON WINDOWS LTD,1225,Premises - Planned Maintenance,Oct-23
Business Support,SWAINSTON WINDOWS LTD,1225,Premises - Planned Maintenance,Oct-23
Business Support,SWAINSTON WINDOWS LTD,912,Premises - Repairs & Maintenance,Oct-23
Business Support,SYNERGY HEALTH PREV JMJ LABS,919.4300000000001,Private Treatment / Health Initiatives,Oct-23
Business Support,THE ATACC GROUP LTD,1600,Training - Course Fees / Seminars etc - Police,Oct-23
Business Support,THE ATACC GROUP LTD,800,Training - Course Fees / Seminars etc - Police,Oct-23
Business Support,THE ATACC GROUP LTD,3200,Training - Course Fees / Seminars etc - Police,Oct-23
Business Support,THE RIGHT CONVERSATION LIMITED,3791.07,Development Fund,Oct-23
Business Support,THRIIVER LTD,640,General Equipment,Oct-23
Business Support,THRIIVER LTD,540,General Equipment,Oct-23
Business Support,TLT SOLICITORS LLP,12000,Professional Fees,Oct-23
Business Support,TLT SOLICITORS LLP,10183.5,Professional Fees,Oct-23
Business Support,TLT SOLICITORS LLP,2925,Professional Fees,Oct-23
Business Support,TS18 LTD,1360,Training - Course Fees / Seminars etc - Police,Oct-23
Business Support,UNISYS,64464,NSPIS HOLMES,Oct-23
Business Support,VERTU MOTORS LTD - SUNDERLAND,900,Vehicle Repairs & Maintenance - Parts,Oct-23
Business Support,VERTU MOTORS LTD - SUNDERLAND,621.83,Vehicle Repairs & Maintenance - Parts,Oct-23
Business Support,VICKERS CONSTRUCTION LTD,6435,Premises - Repairs & Maintenance,Oct-23
Business Support,VICKERS CONSTRUCTION LTD,2185,Premises - Repairs & Maintenance,Oct-23
Business Support,VIRGIN MEDIA LTD,5505.57,Information Technology Expenditure - General,Oct-23
Business Support,VODAFONE,555.5,PNN2 / PNN3 Connection,Oct-23
Business Support,VODAFONE,656.25,PNN2 / PNN3 Connection,Oct-23
Business Support,VODAFONE,776,PNN2 / PNN3 Connection,Oct-23
Business Support,VODAFONE,1982,PNN2 / PNN3 Connection,Oct-23
Business Support,WATSON WOODHOUSE SOLICITORS CLIENT ACCOUNT,4250,Insurance - Public Liability,Oct-23
Business Support,WATSON WOODHOUSE SOLICITORS CLIENT ACCOUNT,13500,Insurance - Public Liability,Oct-23
Business Support,WEIGHTMANS LLP,1379.5,Insurance - Public Liability,Oct-23
Business Support,WEIGHTMANS LLP,516,Insurance - Public Liability,Oct-23
Business Support,WEIGHTMANS LLP,798,Insurance - Public Liability,Oct-23
Business Support,YORK DIOCESE,579,Rent,45200
Central Costs,CARE & CUSTODY (HEALTH) LTD,151672.26,Custody Services,Oct-23
Central Costs,CARE & CUSTODY (HEALTH) LTD,151672.26,Custody Services,Oct-23
Central Costs,CARE & CUSTODY (HEALTH) LTD,63067.26,Medical Custody Services,Oct-23
Central Costs,CATH BROWN CONSULTANCY LTD,550,Project Costs,Oct-23
Central Costs,CATH BROWN CONSULTANCY LTD,6250,Project Costs,Oct-23
Central Costs,CATH BROWN CONSULTANCY LTD,850,Project Costs,Oct-23
Central Costs,CATH BROWN CONSULTANCY LTD,9500,Project Costs,Oct-23
Central Costs,DURHAM CONSTABULARY,35145.36,NE Fingerprint Bureau Automatic Fingerprint Recognition (NEFB AFR),Oct-23
Central Costs,MAYORS OFFICE FOR POLICING AND CRIME (MET POL),11288.92,General Contributions,Oct-23
Central Costs,MAYORS OFFICE FOR POLICING AND CRIME (MET POL),2098,General Contributions,Oct-23
Central Costs,MAYORS OFFICE FOR POLICING AND CRIME (MET POL),625.14,General Contributions,Oct-23
Central Costs,MAYORS OFFICE FOR POLICING AND CRIME (MET POL),2225.68,General Contributions,Oct-23
Central Costs,MAYORS OFFICE FOR POLICING AND CRIME (MET POL),22180,General Contributions,Oct-23
Central Costs,MAYORS OFFICE FOR POLICING AND CRIME (MET POL),4787,General Contributions,Oct-23
Central Costs,MAYORS OFFICE FOR POLICING AND CRIME (MET POL),22497.010000000002,General Contributions,Oct-23
Central Costs,MAYORS OFFICE FOR POLICING AND CRIME (MET POL),26296,General Contributions,Oct-23
Central Costs,MAYORS OFFICE FOR POLICING AND CRIME (MET POL),14455,General Contributions,Oct-23
Central Costs,MAYORS OFFICE FOR POLICING AND CRIME (MET POL),539.38,General Contributions,Oct-23
Central Costs,MAYORS OFFICE FOR POLICING AND CRIME (MET POL),2297.06,General Contributions,Oct-23
Central Costs,MAYORS OFFICE FOR POLICING AND CRIME (MET POL),1746.14,General Contributions,Oct-23
Central Costs,MAYORS OFFICE FOR POLICING AND CRIME (MET POL),3387.28,General Contributions,Oct-23
Central Costs,MAYORS OFFICE FOR POLICING AND CRIME (MET POL),1650.24,General Contributions,Oct-23
Central Costs,MAYORS OFFICE FOR POLICING AND CRIME (MET POL),3198.15,General Contributions,Oct-23
Central Costs,MAYORS OFFICE FOR POLICING AND CRIME (MET POL),5456.6900000000005,General Contributions,Oct-23
Central Costs,MEHLER VARIO SYSTEM GMBH,3829.5,Project Costs,Oct-23
Central Costs,MEHLER VARIO SYSTEM GMBH,2973.3,Project Costs,Oct-23
Central Costs,MEHLER VARIO SYSTEM GMBH,4255,Project Costs,Oct-23
Central Costs,NORTH EAST REGIONAL EMPLOYERS ORG,2860,Project Costs,Oct-23
Central Costs,PCC FOR WEST YORKSHIRE,7294.17,Project Costs,Oct-23
Central Costs,POLICE CRIME PREVENTION INITIATIVES LTD,30648.84,Project Costs,Oct-23
Central Costs,PS ADMINISTRATION LTD (T/A XPS ADMINISTRATION),172967,Injury Pensions,Oct-23
Central Costs,PS ADMINISTRATION LTD (T/A XPS ADMINISTRATION),550,Project Costs,Oct-23
Central Costs,PS ADMINISTRATION LTD (T/A XPS ADMINISTRATION),550,Project Costs,Oct-23
Central Costs,PS ADMINISTRATION LTD (T/A XPS ADMINISTRATION),1000,Project Costs,Oct-23
Central Costs,PS ADMINISTRATION LTD (T/A XPS ADMINISTRATION),1000,Project Costs,Oct-23
Central Costs,PS ADMINISTRATION LTD (T/A XPS ADMINISTRATION),5418,Project Costs,Oct-23
Central Costs,RESTORE STORAGE GROUP (BRUNSWICK),805.23,External Storage Charges,Oct-23
Central Costs,SOPRA STERIA LTD,69485.78,Project Costs,Oct-23
Central Costs,SOPRA STERIA LTD,49706.700000000004,Project Costs,Oct-23
Central Costs,STERON LOCKSMITHS LTD,750,Project Costs,Oct-23
Crime & Justice Command,ABBOTT TOXICOLOGY LTD,1800,General Equipment,Oct-23
Crime & Justice Command,ALLSTAR BUSINESS SOLUTIONS,540.99,Petrol,Oct-23
Crime & Justice Command,ALLSTAR BUSINESS SOLUTIONS,868.82,Petrol,Oct-23
Crime & Justice Command,ALLSTAR BUSINESS SOLUTIONS,828.13,Petrol,Oct-23
Crime & Justice Command,ARCH TEESSIDE,3422.38,Professional Fees,Oct-23
Crime & Justice Command,ARCH TEESSIDE,3422.38,Professional Fees,Oct-23
Crime & Justice Command,ARCH TEESSIDE,3422.38,Professional Fees,Oct-23
Crime & Justice Command,BARNARDOS,10742.22,General Equipment,Oct-23
Crime & Justice Command,CAMBRIDGE CENTRE FOR EVIDENCE BASED POLICING,5835,Training - Course Fees / Seminars etc - Staff,Oct-23
Crime & Justice Command,CLEVELAND FIRE AUTHORITY,775,General Equipment,Oct-23
Crime & Justice Command,COLLEGE OF POLICING,4230,Training - Course Fees / Seminars etc - Police,Oct-23
Crime & Justice Command,EXPERIAN LTD,1744.51,Professional Fees,Oct-23
Crime & Justice Command,FORENSIC VOICE CENTRE LIMITED,4950,Professional Fees,Oct-23
Crime & Justice Command,FRICTIONLESS TRADE SERVICES LTD,620.92,Uniforms,Oct-23
Crime & Justice Command,INSIGHT DIRECT (UK) LTD,540.66,Maintenance Agreements - General,Oct-23
Crime & Justice Command,LIONHEART (EUROPE) LTD,1350,Professional Fees,Oct-23
Crime & Justice Command,MARTEK DRONES LTD T/A COPTRZ,4473.83,General Equipment,Oct-23
Crime & Justice Command,MARTEK DRONES LTD T/A COPTRZ,2926.85,Training - Course Fees / Seminars etc - Police,Oct-23
Crime & Justice Command,MIDDLESBROUGH BOROUGH COUNCIL,9941,Professional Fees,Oct-23
Crime & Justice Command,REDACTED,696.44,Intermediary Services,Oct-23
Crime & Justice Command,REDACTED,700,Maintenance Agreements - General,Oct-23
Crime & Justice Command,REDACTED,630,General Equipment,Oct-23
Crime & Justice Command,REDACTED,2300,General Equipment,Oct-23
Crime & Justice Command,REDACTED,11200,Training - Course Fees / Seminars etc - Staff,Oct-23
Crime & Justice Command,REDACTED,3010.44,Pathologists,Oct-23
Crime & Justice Command,REDACTED,3010.44,Pathologists,Oct-23
Crime & Justice Command,REDACTED,2918.15,Pathologists,Oct-23
Crime & Justice Command,REDACTED,2913.15,Pathologists,Oct-23
Crime & Justice Command,REDACTED,2913.15,Pathologists,Oct-23
Crime & Justice Command,REDACTED,3011.07,Pathologists,Oct-23
Crime & Justice Command,REDACTED,3041.9900000000002,Pathologists,Oct-23
Crime & Justice Command,REDACTED,854.9200000000001,Forensic Charges,Oct-23
Crime & Justice Command,REDACTED,2089,Forensic Charges,Oct-23
Crime & Justice Command,REDACTED,4083,Forensic Charges,Oct-23
Crime & Justice Command,REDACTED,1262,Forensic Charges,Oct-23
Crime & Justice Command,REDACTED,3265,Forensic Charges,Oct-23
Crime & Justice Command,REDACTED,37327,Forensic Charges,Oct-23
Crime & Justice Command,REDACTED,6263.31,Forensic Charges,Oct-23
Crime & Justice Command,REDACTED,633.45,Forensic Charges,Oct-23
Crime & Justice Command,REDACTED,2307.35,Forensic Charges,Oct-23
Crime & Justice Command,REDACTED,10469.51,Forensic Charges,Oct-23
Crime & Justice Command,REDACTED,12160.08,Forensic Charges,Oct-23
Crime & Justice Command,REDACTED,1116.28,Forensic Charges,Oct-23
Crime & Justice Command,REDACTED,1357.68,Forensic Charges,Oct-23
Crime & Justice Command,REDACTED,2949.55,Forensic Charges,Oct-23
Crime & Justice Command,REDACTED,2089,Forensic Charges,Oct-23
Crime & Justice Command,REDACTED,37327,Forensic Charges,Oct-23
Crime & Justice Command,REDACTED,4083,Forensic Charges,Oct-23
Crime & Justice Command,REDACTED,1262,Forensic Charges,Oct-23
Crime & Justice Command,REDACTED,3265,Forensic Charges,Oct-23
Crime & Justice Command,REDACTED,2192.01,Forensic Charges,Oct-23
Crime & Justice Command,REDACTED,10161.43,Forensic Charges,Oct-23
Crime & Justice Command,REDACTED,811.84,Forensic Charges,Oct-23
Crime & Justice Command,REDACTED,905.12,Forensic Charges,Oct-23
Crime & Justice Command,REDACTED,632.0500000000001,Forensic Charges,Oct-23
Crime & Justice Command,REDACTED,10477.97,Forensic Charges,Oct-23
Crime & Justice Command,REDACTED,2377,Forensic Charges,Oct-23
Crime & Justice Command,REDACTED,4189.21,Forensic Charges,Oct-23
Crime & Justice Command,REDACTED,8895.35,Forensic Charges,Oct-23
Crime & Justice Command,REDACTED,1180,Forensic Charges,Oct-23
Crime & Justice Command,REDACTED,2056.33,Forensic Charges,Oct-23
Crime & Justice Command,REDACTED,4006.05,Forensic Charges,Oct-23
Crime & Justice Command,REDACTED,543.42,Intermediary Services,Oct-23
Crime & Justice Command,REDACTED,562.02,Intermediary Services,Oct-23
Crime & Justice Command,REDACTED,533.66,Intermediary Services,Oct-23
Crime & Justice Command,REDACTED,621.62,Intermediary Services,Oct-23
Crime & Justice Command,REDACTED,585.46,Intermediary Services,Oct-23
Crime & Justice Command,REDACTED,1166.94,Intermediary Services,Oct-23
Crime & Justice Command,REDACTED,3080,Professional Fees,Oct-23
Crime & Justice Command,RESTORE STORAGE GROUP (BRUNSWICK),957.91,External Storage Charges,Oct-23
Crime & Justice Command,SAMUEL BANNER AND CO LTD,1125,Scientific Support Materials & Equipment,Oct-23
Crime & Justice Command,SCOT GROUP LTD T/A THRIFTY CAR & VAN RENTAL,541.8,Training - Expenses - Police,Oct-23
Crime & Justice Command,SCOT GROUP LTD T/A THRIFTY CAR & VAN RENTAL,629.44,Vehicle Hire,Oct-23
Crime & Justice Command,SCOT GROUP LTD T/A THRIFTY CAR & VAN RENTAL,629.44,Vehicle Hire,Oct-23
Crime & Justice Command,SCOT GROUP LTD T/A THRIFTY CAR & VAN RENTAL,827.4,Vehicle Hire,Oct-23
Crime & Justice Command,SCOT GROUP LTD T/A THRIFTY CAR & VAN RENTAL,797.85,Vehicle Hire,Oct-23
Crime & Justice Command,SCOT GROUP LTD T/A THRIFTY CAR & VAN RENTAL,827.4,Vehicle Hire,Oct-23
Crime & Justice Command,STRONGMIND RESILIENCY TRAINING LIMITED,9600,Training - Course Fees / Seminars etc - Police,Oct-23
Crime & Justice Command,TRAVEL PERK UK IRL LTD,541.67,Training - Expenses - Police,Oct-23
Crime & Justice Command,TRAVEL PERK UK IRL LTD,500,Training - Expenses - Police,Oct-23
Crime & Justice Command,UNITED KINGDOM ACCREDITATION SERVICE,1528.5,International Standardisation Organisation (ISO) Accreditation,Oct-23
Crime & Justice Command,UNITED KINGDOM ACCREDITATION SERVICE,2547.5,International Standardisation Organisation (ISO) Accreditation,Oct-23
Crime & Justice Command,UNITED KINGDOM ACCREDITATION SERVICE,916,International Standardisation Organisation (ISO) Accreditation,Oct-23
Crime & Justice Command,UNITED KINGDOM ACCREDITATION SERVICE,2038,International Standardisation Organisation (ISO) Accreditation,Oct-23
Crime & Justice Command,UNITED KINGDOM ACCREDITATION SERVICE,1528.5,International Standardisation Organisation (ISO) Accreditation,Oct-23
Crime & Justice Command,UNITED KINGDOM ACCREDITATION SERVICE,1019,International Standardisation Organisation (ISO) Accreditation,Oct-23
Crime & Justice Command,UNITED KINGDOM ACCREDITATION SERVICE,3057,International Standardisation Organisation (ISO) Accreditation,Oct-23
Crime & Justice Command,UNITED KINGDOM ACCREDITATION SERVICE,687,International Standardisation Organisation (ISO) Accreditation,Oct-23
Neighbourhood & Partnership Policing Command,ALLSTAR BUSINESS SOLUTIONS,1204.99,Petrol,Oct-23
Neighbourhood & Partnership Policing Command,ALLSTAR BUSINESS SOLUTIONS,1980.8600000000001,Petrol,Oct-23
Neighbourhood & Partnership Policing Command,ALLSTAR BUSINESS SOLUTIONS,1670.3500000000001,Petrol,Oct-23
Neighbourhood & Partnership Policing Command,ALLSTAR BUSINESS SOLUTIONS,1917.54,Petrol,Oct-23
Neighbourhood & Partnership Policing Command,ALLSTAR BUSINESS SOLUTIONS,1473.02,Petrol,Oct-23
Neighbourhood & Partnership Policing Command,ALLSTAR BUSINESS SOLUTIONS,562.53,Petrol,Oct-23
Neighbourhood & Partnership Policing Command,ALLSTAR BUSINESS SOLUTIONS,1779.91,Petrol,Oct-23
Neighbourhood & Partnership Policing Command,ALLSTAR BUSINESS SOLUTIONS,1585.08,Petrol,Oct-23
Neighbourhood & Partnership Policing Command,ALLSTAR BUSINESS SOLUTIONS,790.9200000000001,Petrol,Oct-23
Neighbourhood & Partnership Policing Command,ALLSTAR BUSINESS SOLUTIONS,686.21,Petrol,Oct-23
Neighbourhood & Partnership Policing Command,ALLSTAR BUSINESS SOLUTIONS,1339.2,Petrol,Oct-23
Neighbourhood & Partnership Policing Command,ALLSTAR BUSINESS SOLUTIONS,513.99,Petrol,Oct-23
Neighbourhood & Partnership Policing Command,ALLSTAR BUSINESS SOLUTIONS,1480.58,Petrol,Oct-23
Neighbourhood & Partnership Policing Command,ALLSTAR BUSINESS SOLUTIONS,1042.92,Petrol,Oct-23
Neighbourhood & Partnership Policing Command,ALLSTAR BUSINESS SOLUTIONS,1440.84,Petrol,Oct-23
Neighbourhood & Partnership Policing Command,ALLSTAR BUSINESS SOLUTIONS,968.44,Petrol,Oct-23
Neighbourhood & Partnership Policing Command,ALLSTAR BUSINESS SOLUTIONS,1540.69,Petrol,Oct-23
Neighbourhood & Partnership Policing Command,ALLSTAR BUSINESS SOLUTIONS,2106.79,Petrol,Oct-23
Neighbourhood & Partnership Policing Command,ALLSTAR BUSINESS SOLUTIONS,2380.36,Petrol,Oct-23
Neighbourhood & Partnership Policing Command,ALLSTAR BUSINESS SOLUTIONS,1779.43,Petrol,Oct-23
Neighbourhood & Partnership Policing Command,ALLSTAR BUSINESS SOLUTIONS,2574.07,Petrol,Oct-23
Neighbourhood & Partnership Policing Command,ALLSTAR BUSINESS SOLUTIONS,1882.41,Petrol,Oct-23
Neighbourhood & Partnership Policing Command,ALLSTAR BUSINESS SOLUTIONS,1007.01,Petrol,Oct-23
Neighbourhood & Partnership Policing Command,ARCO LIMITED,767.7,General Equipment,Oct-23
Neighbourhood & Partnership Policing Command,LION PRESENTATION LIMITED,930,General Equipment,Oct-23
Neighbourhood & Partnership Policing Command,MIDDLESBROUGH COLLEGE,800,Professional Fees,Oct-23
Neighbourhood & Partnership Policing Command,REDACTED,2394,Alarms,Oct-23
Neighbourhood & Partnership Policing Command,REDACTED,544.5,Alarms,Oct-23
Neighbourhood & Partnership Policing Command,REDACTED,789,Alarms,Oct-23
Neighbourhood & Partnership Policing Command,SCENESAFE,591.75,General Equipment,Oct-23
Neighbourhood & Partnership Policing Command,SCENESAFE,591.75,General Equipment,Oct-23
Neighbourhood & Partnership Policing Command,SCENESAFE,560,General Equipment,Oct-23
Neighbourhood & Partnership Policing Command,SCENESAFE,840,General Equipment,Oct-23
Neighbourhood & Partnership Policing Command,SCENESAFE,560,General Equipment,Oct-23
Neighbourhood & Partnership Policing Command,WILLIAMS MEDICAL SUPPLIES LTD,614,General Equipment,Oct-23
Office of Police & Crime Commissioner,A WAY OUT,7566.64,Professional Fees,Oct-23
Office of Police & Crime Commissioner,ARCH TEESSIDE,41566,Professional Fees,Oct-23
Office of Police & Crime Commissioner,ARCH TEESSIDE,32681.99,Professional Fees,Oct-23
Office of Police & Crime Commissioner,ASSOCIATION OF POLICE AND CRIME COMMISSIONER CHIEF EXECUTIVES,525,Professional Fees,Oct-23
Office of Police & Crime Commissioner,BARNARDOS,8435.75,Professional Fees,Oct-23
Office of Police & Crime Commissioner,BARNARDOS,10742.22,Professional Fees,Oct-23
Office of Police & Crime Commissioner,BDMN LTD,850,Professional Fees,Oct-23
Office of Police & Crime Commissioner,BDMN LTD,850,Professional Fees,Oct-23
Office of Police & Crime Commissioner,BDMN LTD,850,Professional Fees,Oct-23
Office of Police & Crime Commissioner,BDMN LTD,850,Professional Fees,Oct-23
Office of Police & Crime Commissioner,BELLE VUE COMMUNITY CENTRE,3083.33,Professional Fees,Oct-23
Office of Police & Crime Commissioner,BILLINGHAM BOXING ACADEMY CIC,2350,Professional Fees,Oct-23
Office of Police & Crime Commissioner,CENTRE FOR ASSESSMENT,1300,Professional Fees,Oct-23
Office of Police & Crime Commissioner,CLEVELAND FM SERVICES LTD,514505.35000000003,PFI Service Charge,Oct-23
Office of Police & Crime Commissioner,CORNER HOUSE YOUTH PROJECT,9075,Professional Fees,Oct-23
Office of Police & Crime Commissioner,HARTLEPOOL BOROUGH COUNCIL,975,Professional Fees,Oct-23
Office of Police & Crime Commissioner,HM PRISON AND PROBATION,51739.28,Professional Fees,Oct-23
Office of Police & Crime Commissioner,MALLINA GROUP,990,Advertising / Recruitment,Oct-23
Office of Police & Crime Commissioner,MIDDLESBROUGH BOROUGH COUNCIL,76107.83,Professional Fees,Oct-23
Office of Police & Crime Commissioner,MIDDLESBROUGH BOROUGH COUNCIL,52600,Professional Fees,Oct-23
Office of Police & Crime Commissioner,MIDDLESBROUGH BOROUGH COUNCIL,65000,Professional Fees,Oct-23
Office of Police & Crime Commissioner,POWER OF WOMEN CIC,17500,Professional Fees,Oct-23
Office of Police & Crime Commissioner,REDACTED,22716.22,Professional Fees,Oct-23
Office of Police & Crime Commissioner,REDACTED,1718.75,Professional Fees,Oct-23
Office of Police & Crime Commissioner,REDACTED,1718.75,Professional Fees,Oct-23
Office of Police & Crime Commissioner,RSM RISK ASSURANCE SERVICES LLP,25395.25,Professional Fees,Oct-23
Office of Police & Crime Commissioner,SAFER COMMUNITIES,111353,Professional Fees,Oct-23
Office of Police & Crime Commissioner,SELECTAMARK SECURITY SYSTEMS PLC,1430,Professional Fees,Oct-23
Office of Police & Crime Commissioner,SERVICE SUPPORT (CLEVELAND) LTD,181430.4,PFI Service Charge,Oct-23
Office of Police & Crime Commissioner,SERVICE SUPPORT (CLEVELAND) LTD,181430.4,PFI Service Charge,Oct-23
Office of Police & Crime Commissioner,STOCKTON-ON-TEES BOROUGH COUNCIL,24000,Professional Fees,Oct-23
Office of Police & Crime Commissioner,STREETGAMES UK,9045,Professional Fees,Oct-23
Office of Police & Crime Commissioner,STREETGAMES UK,4455,Professional Fees,Oct-23
Office of Police & Crime Commissioner,SUBSTANCE 2005 LTD,5000,Professional Fees,Oct-23
Office of Police & Crime Commissioner,SUZY LAMPLUGH TRUST,23993,Professional Fees,Oct-23
Office of Police & Crime Commissioner,TEES VALLEY INCLUSION PROJECT,6750,Professional Fees,Oct-23
Office of Police & Crime Commissioner,TEES VALLEY INCLUSION PROJECT,6750,Professional Fees,Oct-23
Office of Police & Crime Commissioner,THE JUNCTION FOUNDATION,6176,Professional Fees,Oct-23
Prevention Command,ACS BUSINESS SUPPLIES LTD,651.4,General Equipment,Oct-23
Prevention Command,REDACTED,2220,Maintenance Agreements - General,Oct-23
Seconded Officers,BT GLOBAL SERVICES SOLUTIONS,656.49,Telephone Charges - Landlines,Oct-23
Specialist Operations Unit,AI TRAINING SERVICES LTD,8239.74,Training - Course Fees / Seminars etc - Police,Oct-23
Specialist Operations Unit,ALLSTAR BUSINESS SOLUTIONS,506.52000000000004,Petrol,Oct-23
Specialist Operations Unit,ALLSTAR BUSINESS SOLUTIONS,2269.2400000000002,Petrol,Oct-23
Specialist Operations Unit,ALLSTAR BUSINESS SOLUTIONS,1283.28,Petrol,Oct-23
Specialist Operations Unit,ALLSTAR BUSINESS SOLUTIONS,2051.96,Petrol,Oct-23
Specialist Operations Unit,ALLSTAR BUSINESS SOLUTIONS,590.4300000000001,Petrol,Oct-23
Specialist Operations Unit,ALLSTAR BUSINESS SOLUTIONS,1200.76,Petrol,Oct-23
Specialist Operations Unit,ALLSTAR BUSINESS SOLUTIONS,2626.2000000000003,Petrol,Oct-23
Specialist Operations Unit,ALLSTAR BUSINESS SOLUTIONS,1168.66,Petrol,Oct-23
Specialist Operations Unit,ALLSTAR BUSINESS SOLUTIONS,2061.89,Petrol,Oct-23
Specialist Operations Unit,ALLSTAR BUSINESS SOLUTIONS,1283.8,Petrol,Oct-23
Specialist Operations Unit,ALLSTAR BUSINESS SOLUTIONS,772.69,Petrol,Oct-23
Specialist Operations Unit,ALLSTAR BUSINESS SOLUTIONS,1972.78,Petrol,Oct-23
Specialist Operations Unit,ALLSTAR BUSINESS SOLUTIONS,2356.71,Petrol,Oct-23
Specialist Operations Unit,BOING RAPID SECURE LTD,1420,Forced Entry Costs,Oct-23
Specialist Operations Unit,BRITISH TRANSPORT POLICE,750,Training - Course Fees / Seminars etc - Police,Oct-23
Specialist Operations Unit,CARE & CUSTODY (HEALTH) LTD,5096,Professional Fees,Oct-23
Specialist Operations Unit,CHARLES FELLOW SUPPLIES LTD,852,Drugs & Medical Waste,Oct-23
Specialist Operations Unit,CHARLES FELLOW SUPPLIES LTD,852,Drugs & Medical Waste,Oct-23
Specialist Operations Unit,COMMIFY,1116.89,Maintenance Agreements - General,Oct-23
Specialist Operations Unit,COMMIFY,1800,Maintenance Agreements - General,Oct-23
Specialist Operations Unit,D TEC INTERNATIONAL,5160,General Equipment,Oct-23
Specialist Operations Unit,EARLE INTERNATIONAL,572,Uniforms,Oct-23
Specialist Operations Unit,GO2 TELECOM LTD,1875,General Equipment,Oct-23
Specialist Operations Unit,MARTEK DRONES LTD T/A COPTRZ,780,General Equipment,Oct-23
Specialist Operations Unit,MSG BIKE GEAR LTD,885,General Equipment,Oct-23
Specialist Operations Unit,REDACTED,936.25,Animal Feed,Oct-23
Specialist Operations Unit,REDACTED,15040.5,Dangerous Dogs,Oct-23
Specialist Operations Unit,REDACTED,10779.5,Dangerous Dogs,Oct-23
Specialist Operations Unit,REDACTED,7670.5,Dangerous Dogs,Oct-23
Specialist Operations Unit,REDACTED,3000,Kennelling Costs,Oct-23
Specialist Operations Unit,RESTORE STORAGE GROUP (BRUNSWICK),550.13,External Storage Charges,Oct-23
Specialist Operations Unit,ROYAL MAIL,1040.52,Postage Costs,Oct-23
Specialist Operations Unit,ROYAL MAIL,890.88,Postage Costs,Oct-23
Specialist Operations Unit,ROYAL MAIL,701.22,Postage Costs,Oct-23
Specialist Operations Unit,ROYAL MAIL,755.16,Postage Costs,Oct-23
Specialist Operations Unit,ROYAL MAIL,1085.52,Postage Costs,Oct-23
Specialist Operations Unit,ROYAL MAIL,717.84,Postage Costs,Oct-23
Specialist Operations Unit,SCENESAFE,672,Drugs & Medical Waste,Oct-23
Specialist Operations Unit,SCENESAFE,672,Drugs & Medical Waste,Oct-23
Specialist Operations Unit,SCENESAFE,862.5,Drugs & Medical Waste,Oct-23
Specialist Operations Unit,SCENESAFE,840,Drugs & Medical Waste,Oct-23
Specialist Operations Unit,SCENESAFE,840,Drugs & Medical Waste,Oct-23
Specialist Operations Unit,SCENESAFE,560,Drugs & Medical Waste,Oct-23
Specialist Operations Unit,SIGMA SECURITY DEVICES LTD,1245,Public Order Equipment,Oct-23
Specialist Operations Unit,SPANSET LIMITED,1650,General Equipment,Oct-23
Specialist Operations Unit,SPANSET LIMITED,1185,General Equipment,Oct-23
Specialist Operations Unit,THEBIGWORD,7116.87,Interpreter Fees,Oct-23
Specialist Operations Unit,THEBIGWORD,1271.19,Interpreter Fees,Oct-23
,,8019398.490000003,,
,,,,