Body Name,Body,Service Division,Expense Type,Date Paid,Transaction Ref,Invoice Amount,Supplier Name
East Lindsey District Council,http://statistics.data.gov.uk/id/local-authority/32UC,AD Chief Finance Officer,Banking Charges,03/06/2024,30034917,"1,657.20 ",King and Shaxson
East Lindsey District Council,http://statistics.data.gov.uk/id/local-authority/32UC,Environmental Health,Professional and Contractors Fees,04/06/2024,30034377,"1,345.00 ",Ajet Drain Services Ltd
East Lindsey District Council,http://statistics.data.gov.uk/id/local-authority/32UC,AD Capital - Strategic Projects,Other Miscellaneous Expenses,06/06/2024,30034447,"1,275.00 ",NU Focus Education Community interest Company
East Lindsey District Council,http://statistics.data.gov.uk/id/local-authority/32UC,AD Chief Finance Officer,Insurance,06/06/2024,30034458,"52,989.98 ",Zurich Municipal Insurance Co
East Lindsey District Council,http://statistics.data.gov.uk/id/local-authority/32UC,AD Housing & Wellbeing,Grants and Contributions to Outside Bodies - No Service Received,06/06/2024,30034436,"25,000.00 ",Lincolnshire Community Foundation
East Lindsey District Council,http://statistics.data.gov.uk/id/local-authority/32UC,AD Housing & Wellbeing,Other Miscellaneous Expenses,06/06/2024,30034431,500.00 ,Carousel Waste & Recycling LTD
East Lindsey District Council,http://statistics.data.gov.uk/id/local-authority/32UC,AD Housing & Wellbeing,Other Miscellaneous Expenses,06/06/2024,30034438,900.00 ,Waste Away Clearance Service
East Lindsey District Council,http://statistics.data.gov.uk/id/local-authority/32UC,Economic Growth Service Manager (Place),Other Communication Costs,06/06/2024,30034445,500.00 ,Lincolnshire Agricultural Society
East Lindsey District Council,http://statistics.data.gov.uk/id/local-authority/32UC,Economic Growth Service Manager (Place),Performers and Entertainers Fees,06/06/2024,30034466,895.97 ,Levantes Dance Theatre Ltd
East Lindsey District Council,http://statistics.data.gov.uk/id/local-authority/32UC,Environmental Health,Professional and Contractors Fees,06/06/2024,30034470,450.00 ,Carousel Waste & Recycling LTD
East Lindsey District Council,http://statistics.data.gov.uk/id/local-authority/32UC,Environmental Health,Professional and Contractors Fees,06/06/2024,30034481,"2,940.61 ",Foundations and Buildings Ltd
East Lindsey District Council,http://statistics.data.gov.uk/id/local-authority/32UC,Growth Relationships & Growth Promotions,Other Communication Costs,06/06/2024,30034445,500.00 ,Lincolnshire Agricultural Society
East Lindsey District Council,http://statistics.data.gov.uk/id/local-authority/32UC,Growth Relationships & Growth Promotions,Other Miscellaneous Expenses,06/06/2024,30034516,"4,826.00 ",Steffco Ltd T/A Resource
East Lindsey District Council,http://statistics.data.gov.uk/id/local-authority/32UC,Healthy Living Services Manager,Grants and Contributions to Outside Bodies - No Service Received,06/06/2024,30034436,"25,000.00 ",Lincolnshire Community Foundation
East Lindsey District Council,http://statistics.data.gov.uk/id/local-authority/32UC,Housing & Homelessness,Other Miscellaneous Expenses,06/06/2024,30034431,500.00 ,Carousel Waste & Recycling LTD
East Lindsey District Council,http://statistics.data.gov.uk/id/local-authority/32UC,Housing & Homelessness,Other Miscellaneous Expenses,06/06/2024,30034438,900.00 ,Waste Away Clearance Service
East Lindsey District Council,http://statistics.data.gov.uk/id/local-authority/32UC,Invest East Lindsey,Grounds Maintenance Contract (External),06/06/2024,30034486,350.00 ,Wold Tree Works Limited
East Lindsey District Council,http://statistics.data.gov.uk/id/local-authority/32UC,Invest East Lindsey,Grounds Maintenance Contract (External),06/06/2024,30034487,300.00 ,Wold Tree Works Limited
East Lindsey District Council,http://statistics.data.gov.uk/id/local-authority/32UC,Neighbourhoods,Agency Staff,06/06/2024,30034494,"2,038.32 ",The Workshop (Wisbech) Ltd
East Lindsey District Council,http://statistics.data.gov.uk/id/local-authority/32UC,Neighbourhoods,Professional and Contractors Fees,06/06/2024,30034495,"1,458.00 ",Sid Dennis and Sons Ltd
East Lindsey District Council,http://statistics.data.gov.uk/id/local-authority/32UC,"Performance, Governance & Commissioning",Agency Staff,06/06/2024,30034514,888.00 ,The One Group
East Lindsey District Council,http://statistics.data.gov.uk/id/local-authority/32UC,Property,Maintenance,06/06/2024,30034474,693.50 ,The Tractor Shop
East Lindsey District Council,http://statistics.data.gov.uk/id/local-authority/32UC,Property,Materials and Consumables,06/06/2024,30034135,355.25 ,Eastern Shires Purchasing Organisation
East Lindsey District Council,http://statistics.data.gov.uk/id/local-authority/32UC,Property,Works to Buildings (Main Contractor),06/06/2024,30034469,"1,219.08 ",The Workshop (Wisbech) Ltd
East Lindsey District Council,http://statistics.data.gov.uk/id/local-authority/32UC,Waste,Agency Staff,06/06/2024,30034506,"5,127.38 ",Red Rock Partnership Ltd
East Lindsey District Council,http://statistics.data.gov.uk/id/local-authority/32UC,AD Capital - Regulation,Professional and Contractors Fees,11/06/2024,30034608,"7,264.00 ",Boston Borough Council
East Lindsey District Council,http://statistics.data.gov.uk/id/local-authority/32UC,AD Capital - Regulation,Professional Fees,11/06/2024,30034584,377.09 ,Hill Phelan Equine Farm Vet Surgeons
East Lindsey District Council,http://statistics.data.gov.uk/id/local-authority/32UC,AD Capital - Strategic Projects,Other Miscellaneous Expenses,11/06/2024,30034255,895.00 ,Image Skool
East Lindsey District Council,http://statistics.data.gov.uk/id/local-authority/32UC,AD Capital - Strategic Projects,Performers and Entertainers Fees,11/06/2024,30034510,"1,055.08 ",Popcorn Media
East Lindsey District Council,http://statistics.data.gov.uk/id/local-authority/32UC,AD Capital - Strategic Projects,Performers and Entertainers Fees,11/06/2024,30034544,550.00 ,Popcorn Media
East Lindsey District Council,http://statistics.data.gov.uk/id/local-authority/32UC,AD Chief Finance Officer,Lincolnshire Legal Services,11/06/2024,30034587,"28,879.50 ",Lincolnshire County Council
East Lindsey District Council,http://statistics.data.gov.uk/id/local-authority/32UC,AD Housing & Wellbeing,Furniture and Equipment,11/06/2024,30034550,329.99 ,Faulkners
East Lindsey District Council,http://statistics.data.gov.uk/id/local-authority/32UC,AD Housing & Wellbeing,Grants and Contributions - Where a Service is Received,11/06/2024,30034602,"20,000.00 ",Charis Grants Ltd
East Lindsey District Council,http://statistics.data.gov.uk/id/local-authority/32UC,AD Housing & Wellbeing,Grants and Contributions to Outside Bodies - No Service Received,11/06/2024,30034563,"10,000.00 ",Spilsby Christian Fellowship
East Lindsey District Council,http://statistics.data.gov.uk/id/local-authority/32UC,AD Housing & Wellbeing,Grants and Contributions to Outside Bodies - No Service Received,11/06/2024,30034570,"10,000.00 ",Mablethorpe and Sutton on Sea Coastal Community Team
East Lindsey District Council,http://statistics.data.gov.uk/id/local-authority/32UC,AD Housing & Wellbeing,Grants and Contributions to Outside Bodies - No Service Received,11/06/2024,30034571,"5,000.00 ",Horncastle Crisis Support Team
East Lindsey District Council,http://statistics.data.gov.uk/id/local-authority/32UC,AD Housing & Wellbeing,Other Miscellaneous Expenses,11/06/2024,30034551,299.00 ,Class Cleaning of Louth
East Lindsey District Council,http://statistics.data.gov.uk/id/local-authority/32UC,AD Housing & Wellbeing,Other Miscellaneous Expenses,11/06/2024,30034552,220.00 ,Waste Away Clearance Service
East Lindsey District Council,http://statistics.data.gov.uk/id/local-authority/32UC,AD Leisure & Culture,Buildings Maintenance - Programmed,11/06/2024,30034591,535.22 ,TVF UK Limited
East Lindsey District Council,http://statistics.data.gov.uk/id/local-authority/32UC,Building Control,Professional and Contractors Fees,11/06/2024,30034608,"3,632.00 ",Boston Borough Council
East Lindsey District Council,http://statistics.data.gov.uk/id/local-authority/32UC,Enforcement,Clothing Uniforms And Laundry,11/06/2024,30033871,568.51 ,Arco Ltd
East Lindsey District Council,http://statistics.data.gov.uk/id/local-authority/32UC,Healthy Living Services Manager,Grants and Contributions - Where a Service is Received,11/06/2024,30034602,"20,000.00 ",Charis Grants Ltd
East Lindsey District Council,http://statistics.data.gov.uk/id/local-authority/32UC,Healthy Living Services Manager,Grants and Contributions to Outside Bodies - No Service Received,11/06/2024,30034563,"10,000.00 ",Spilsby Christian Fellowship
East Lindsey District Council,http://statistics.data.gov.uk/id/local-authority/32UC,Healthy Living Services Manager,Grants and Contributions to Outside Bodies - No Service Received,11/06/2024,30034570,"10,000.00 ",Mablethorpe and Sutton on Sea Coastal Community Team
East Lindsey District Council,http://statistics.data.gov.uk/id/local-authority/32UC,Healthy Living Services Manager,Grants and Contributions to Outside Bodies - No Service Received,11/06/2024,30034571,"5,000.00 ",Horncastle Crisis Support Team
East Lindsey District Council,http://statistics.data.gov.uk/id/local-authority/32UC,Housing & Homelessness,Furniture and Equipment,11/06/2024,30034550,329.99 ,Faulkners
East Lindsey District Council,http://statistics.data.gov.uk/id/local-authority/32UC,Housing & Homelessness,Other Miscellaneous Expenses,11/06/2024,30034551,299.00 ,Class Cleaning of Louth
East Lindsey District Council,http://statistics.data.gov.uk/id/local-authority/32UC,Housing & Homelessness,Other Miscellaneous Expenses,11/06/2024,30034552,220.00 ,Waste Away Clearance Service
East Lindsey District Council,http://statistics.data.gov.uk/id/local-authority/32UC,Invest East Lindsey,Cleaning Contract,11/06/2024,30034248,435.00 ,Carlton Cleaning UK Ltd
East Lindsey District Council,http://statistics.data.gov.uk/id/local-authority/32UC,Neighbourhoods,Agency Staff,11/06/2024,30034649,"3,219.31 ",The Workshop (Wisbech) Ltd
East Lindsey District Council,http://statistics.data.gov.uk/id/local-authority/32UC,Neighbourhoods,Clothing Uniforms And Laundry,11/06/2024,30034475,415.20 ,Engelbert Strauss
East Lindsey District Council,http://statistics.data.gov.uk/id/local-authority/32UC,Neighbourhoods,Materials and Consumables,11/06/2024,30034166,401.20 ,Eastern Shires Purchasing Organisation
East Lindsey District Council,http://statistics.data.gov.uk/id/local-authority/32UC,Neighbourhoods,Materials and Consumables,11/06/2024,30034533,312.00 ,Greenaway
East Lindsey District Council,http://statistics.data.gov.uk/id/local-authority/32UC,Neighbourhoods,Professional and Contractors Fees,11/06/2024,30034437,"1,594.93 ",Gelder Ltd
East Lindsey District Council,http://statistics.data.gov.uk/id/local-authority/32UC,Neighbourhoods,Professional and Contractors Fees,11/06/2024,30034496,880.00 ,“Personal Information Redacted”
East Lindsey District Council,http://statistics.data.gov.uk/id/local-authority/32UC,Neighbourhoods,Professional and Contractors Fees,11/06/2024,30034626,324.00 ,Sid Dennis and Sons Ltd
East Lindsey District Council,http://statistics.data.gov.uk/id/local-authority/32UC,"Performance, Governance & Commissioning",Grants and Contributions to Outside Bodies - No Service Received,11/06/2024,30034565,400.00 ,East and West Barkwith Parish Council
East Lindsey District Council,http://statistics.data.gov.uk/id/local-authority/32UC,"Performance, Governance & Commissioning",PSPS Recharges to Services,11/06/2024,30034502,"1,317.65 ",Public Sector Partnership Services Ltd
East Lindsey District Council,http://statistics.data.gov.uk/id/local-authority/32UC,"Performance, Governance & Commissioning",Rent Payments,11/06/2024,30034638,975.00 ,Gipsey Bridge Methodist Chapel
East Lindsey District Council,http://statistics.data.gov.uk/id/local-authority/32UC,Property,Buildings Maintenance - Responsive,11/06/2024,30034569,380.00 ,Second Element Limited
East Lindsey District Council,http://statistics.data.gov.uk/id/local-authority/32UC,Property,Legal Fees,11/06/2024,30034579,"24,150.00 ",CMS Cameron McKenna Nabarro Olswang LLP
East Lindsey District Council,http://statistics.data.gov.uk/id/local-authority/32UC,Property,Materials and Consumables,11/06/2024,30034634,"6,068.00 ",Mitsubishi Electric Europe B.V
East Lindsey District Council,http://statistics.data.gov.uk/id/local-authority/32UC,Property,Other Private Contractors,11/06/2024,30034597,"1,490.00 ",S Campbell Electrical
East Lindsey District Council,http://statistics.data.gov.uk/id/local-authority/32UC,Property,Rent Payments,11/06/2024,30034526,"1,494.67 ",Lincolnshire County Council
East Lindsey District Council,http://statistics.data.gov.uk/id/local-authority/32UC,Service Manager - Affordable & Accessible Homes-Housing,Works to Buildings (Main Contractor),11/06/2024,30034555,"6,038.20 ",Westone Housing Ltd
East Lindsey District Council,http://statistics.data.gov.uk/id/local-authority/32UC,Waste,Agency Staff,11/06/2024,30034426,"1,358.49 ",Red Rock Partnership Ltd
East Lindsey District Council,http://statistics.data.gov.uk/id/local-authority/32UC,Waste,External Printing and Design Costs,11/06/2024,30034317,565.95 ,Systematic Print Management Ltd
East Lindsey District Council,http://statistics.data.gov.uk/id/local-authority/32UC,Waste,External Printing and Design Costs,11/06/2024,30034523,482.79 ,Systematic Print Management Ltd
East Lindsey District Council,http://statistics.data.gov.uk/id/local-authority/32UC,Waste,Vehicle Hire,11/06/2024,30033339,653.33 ,Lincs Van Hire
East Lindsey District Council,http://statistics.data.gov.uk/id/local-authority/32UC,Waste,Vehicle Hire,11/06/2024,30033340,537.14 ,Lincs Van Hire
East Lindsey District Council,http://statistics.data.gov.uk/id/local-authority/32UC,Waste,Workshop Parts,11/06/2024,30034525,"4,963.89 ",Sharmans of Louth
East Lindsey District Council,http://statistics.data.gov.uk/id/local-authority/32UC,AD Capital - Economic Growth,Professional Fees,13/06/2024,30034598,"5,484.46 ",Heritage Trust of Lincolnshire Ltd
East Lindsey District Council,http://statistics.data.gov.uk/id/local-authority/32UC,AD Capital - Strategic Growth and Development,Grants and Contributions to Outside Bodies - No Service Received,13/06/2024,30034521,"8,911.20 ",Louth Navigation Trust
East Lindsey District Council,http://statistics.data.gov.uk/id/local-authority/32UC,AD Capital - Strategic Growth and Development,Grants and Contributions to Outside Bodies - No Service Received,13/06/2024,30034545,"68,981.30 ",Active Lincolnshire
East Lindsey District Council,http://statistics.data.gov.uk/id/local-authority/32UC,AD Capital - Strategic Projects,Other Miscellaneous Expenses,13/06/2024,30034689,"1,120.00 ",The Sessions House CIC
East Lindsey District Council,http://statistics.data.gov.uk/id/local-authority/32UC,AD Capital - Strategic Projects,Professional Fees,13/06/2024,30034598,"5,484.46 ",Heritage Trust of Lincolnshire Ltd
East Lindsey District Council,http://statistics.data.gov.uk/id/local-authority/32UC,AD Chief Finance Officer,Insurance,13/06/2024,30034457,"20,557.98 ",Zurich Municipal Insurance Co
East Lindsey District Council,http://statistics.data.gov.uk/id/local-authority/32UC,AD Economic Growth,Professional Fees,13/06/2024,30034429,"8,500.00 ",Stem Architects Ltd
East Lindsey District Council,http://statistics.data.gov.uk/id/local-authority/32UC,AD Economic Growth,Professional Fees,13/06/2024,30034430,"3,000.00 ",Stem Architects Ltd
East Lindsey District Council,http://statistics.data.gov.uk/id/local-authority/32UC,AD Housing & Wellbeing,Grants and Contributions to Outside Bodies - No Service Received,13/06/2024,30034675,"10,000.00 ",Alford Hub
East Lindsey District Council,http://statistics.data.gov.uk/id/local-authority/32UC,AD Housing & Wellbeing,Grants and Contributions to Outside Bodies - No Service Received,13/06/2024,30034677,"10,000.00 ",The Storehouse Church Skegness
East Lindsey District Council,http://statistics.data.gov.uk/id/local-authority/32UC,AD Housing & Wellbeing,Grants and Contributions to Outside Bodies - No Service Received,13/06/2024,30034678,"10,000.00 ",The Storehouse Church Alford
East Lindsey District Council,http://statistics.data.gov.uk/id/local-authority/32UC,AD Housing & Wellbeing,Grants and Contributions to Outside Bodies - No Service Received,13/06/2024,30034679,"10,000.00 ",New Life Community Church
East Lindsey District Council,http://statistics.data.gov.uk/id/local-authority/32UC,AD Housing & Wellbeing,Grants and Contributions to Outside Bodies - No Service Received,13/06/2024,30034680,"5,000.00 ",Woodhall Spa and Kirkby on Bain
East Lindsey District Council,http://statistics.data.gov.uk/id/local-authority/32UC,AD Housing & Wellbeing,Grants and Contributions to Outside Bodies - No Service Received,13/06/2024,30034681,"25,000.00 ",Lincolnshire Community Foundation
East Lindsey District Council,http://statistics.data.gov.uk/id/local-authority/32UC,AD Housing & Wellbeing,Grants and Contributions to Outside Bodies - No Service Received,13/06/2024,30034688,"10,000.00 ",AGE UK LINDSEY
East Lindsey District Council,http://statistics.data.gov.uk/id/local-authority/32UC,AD Housing & Wellbeing,Grants and Contributions to Outside Bodies - No Service Received,13/06/2024,30034740,"2,000.00 ",The LighthouseProject
East Lindsey District Council,http://statistics.data.gov.uk/id/local-authority/32UC,AD Housing & Wellbeing,Other Miscellaneous Expenses,13/06/2024,30034421,255.00 ,Keystone Locks
East Lindsey District Council,http://statistics.data.gov.uk/id/local-authority/32UC,AD Housing & Wellbeing,Other Miscellaneous Expenses,13/06/2024,30034698,500.00 ,“Personal Information Redacted”
East Lindsey District Council,http://statistics.data.gov.uk/id/local-authority/32UC,AD Leisure & Culture,Buildings Maintenance - Programmed,13/06/2024,30034432,300.00 ,Nugent Pump Services Ltd
East Lindsey District Council,http://statistics.data.gov.uk/id/local-authority/32UC,AD Leisure & Culture,Buildings Maintenance - Programmed,13/06/2024,30034433,300.00 ,Nugent Pump Services Ltd
East Lindsey District Council,http://statistics.data.gov.uk/id/local-authority/32UC,Development Control,Legal Fees,13/06/2024,30034676,"7,683.65 ",Masons (Rural) Co Unlimited
East Lindsey District Council,http://statistics.data.gov.uk/id/local-authority/32UC,Development Control,Legal Fees,13/06/2024,30034683,"2,000.00 ",South Holland District Council
East Lindsey District Council,http://statistics.data.gov.uk/id/local-authority/32UC,Economic Growth Project Manager,Professional Fees,13/06/2024,30034429,"8,500.00 ",Stem Architects Ltd
East Lindsey District Council,http://statistics.data.gov.uk/id/local-authority/32UC,Economic Growth Project Manager,Professional Fees,13/06/2024,30034430,"3,000.00 ",Stem Architects Ltd
East Lindsey District Council,http://statistics.data.gov.uk/id/local-authority/32UC,Economic Growth Service Manager (Place),Buildings Maintenance - Responsive,13/06/2024,30034631,50.00 ,Petwood Hotel
East Lindsey District Council,http://statistics.data.gov.uk/id/local-authority/32UC,Economic Growth Service Manager (Place),Rent Payments,13/06/2024,30034631,374.42 ,Petwood Hotel
East Lindsey District Council,http://statistics.data.gov.uk/id/local-authority/32UC,Environmental Health,Professional and Contractors Fees,13/06/2024,30034172,250.00 ,Foundations and Buildings Ltd
East Lindsey District Council,http://statistics.data.gov.uk/id/local-authority/32UC,Growth Relationships & Growth Promotions,Other Miscellaneous Expenses,13/06/2024,30034703,390.00 ,F Hunt (Coach Hire) Ltd
East Lindsey District Council,http://statistics.data.gov.uk/id/local-authority/32UC,Growth Relationships & Growth Promotions,Professional and Contractors Fees,13/06/2024,30034610,"4,491.66 ",Rose Regeneration Ltd
East Lindsey District Council,http://statistics.data.gov.uk/id/local-authority/32UC,Growth Relationships & Growth Promotions,Shared Management,13/06/2024,30034725,"4,976.72 ",South Holland District Council
East Lindsey District Council,http://statistics.data.gov.uk/id/local-authority/32UC,Growth Relationships & Growth Promotions,Shared Management,13/06/2024,30034726,"2,750.29 ",South Holland District Council
East Lindsey District Council,http://statistics.data.gov.uk/id/local-authority/32UC,Healthy Living Services Manager,Grants and Contributions to Outside Bodies - No Service Received,13/06/2024,30034675,"10,000.00 ",Alford Hub
East Lindsey District Council,http://statistics.data.gov.uk/id/local-authority/32UC,Healthy Living Services Manager,Grants and Contributions to Outside Bodies - No Service Received,13/06/2024,30034677,"10,000.00 ",The Storehouse Church Skegness
East Lindsey District Council,http://statistics.data.gov.uk/id/local-authority/32UC,Healthy Living Services Manager,Grants and Contributions to Outside Bodies - No Service Received,13/06/2024,30034678,"10,000.00 ",The Storehouse Church Alford
East Lindsey District Council,http://statistics.data.gov.uk/id/local-authority/32UC,Healthy Living Services Manager,Grants and Contributions to Outside Bodies - No Service Received,13/06/2024,30034679,"10,000.00 ",New Life Community Church
East Lindsey District Council,http://statistics.data.gov.uk/id/local-authority/32UC,Healthy Living Services Manager,Grants and Contributions to Outside Bodies - No Service Received,13/06/2024,30034680,"5,000.00 ",Woodhall Spa and Kirkby on Bain
East Lindsey District Council,http://statistics.data.gov.uk/id/local-authority/32UC,Healthy Living Services Manager,Grants and Contributions to Outside Bodies - No Service Received,13/06/2024,30034681,"25,000.00 ",Lincolnshire Community Foundation
East Lindsey District Council,http://statistics.data.gov.uk/id/local-authority/32UC,Healthy Living Services Manager,Grants and Contributions to Outside Bodies - No Service Received,13/06/2024,30034688,"10,000.00 ",AGE UK LINDSEY
East Lindsey District Council,http://statistics.data.gov.uk/id/local-authority/32UC,Healthy Living Services Manager,Grants and Contributions to Outside Bodies - No Service Received,13/06/2024,30034740,"2,000.00 ",The LighthouseProject
East Lindsey District Council,http://statistics.data.gov.uk/id/local-authority/32UC,Housing & Homelessness,Other Miscellaneous Expenses,13/06/2024,30034421,255.00 ,Keystone Locks
East Lindsey District Council,http://statistics.data.gov.uk/id/local-authority/32UC,Housing & Homelessness,Other Miscellaneous Expenses,13/06/2024,30034698,500.00 ,“Personal Information Redacted”
East Lindsey District Council,http://statistics.data.gov.uk/id/local-authority/32UC,Information Technology,Computer Software Licence Costs,13/06/2024,30035104,"2,017.42 ",Known Keep
East Lindsey District Council,http://statistics.data.gov.uk/id/local-authority/32UC,Invest East Lindsey,Other Communication Costs,13/06/2024,30034422,300.00 ,Digicube Ltd
East Lindsey District Council,http://statistics.data.gov.uk/id/local-authority/32UC,Invest East Lindsey,Other Communication Costs,13/06/2024,30034423,300.00 ,Digicube Ltd
East Lindsey District Council,http://statistics.data.gov.uk/id/local-authority/32UC,Neighbourhoods,Buildings Maintenance - Responsive,13/06/2024,30034655,660.00 ,Second Element Limited
East Lindsey District Council,http://statistics.data.gov.uk/id/local-authority/32UC,Neighbourhoods,Buildings Maintenance - Responsive,13/06/2024,30034684,568.50 ,Second Element Limited
East Lindsey District Council,http://statistics.data.gov.uk/id/local-authority/32UC,Neighbourhoods,Maintenance,13/06/2024,30034704,540.99 ,Ams Bobcat Limited
East Lindsey District Council,http://statistics.data.gov.uk/id/local-authority/32UC,Neighbourhoods,Materials and Consumables,13/06/2024,30034628,388.80 ,Eastern Shires Purchasing Organisation
East Lindsey District Council,http://statistics.data.gov.uk/id/local-authority/32UC,Organisation Improvement & Development,Staff Training Expenses (Non-Payroll),13/06/2024,30034682,480.00 ,Imagine Public Services Ltd
East Lindsey District Council,http://statistics.data.gov.uk/id/local-authority/32UC,"Performance, Governance & Commissioning",Agency Staff,13/06/2024,30034713,888.00 ,The One Group
East Lindsey District Council,http://statistics.data.gov.uk/id/local-authority/32UC,Planning Policy,Grants and Contributions to Outside Bodies - No Service Received,13/06/2024,30034549,"13,534.98 ",Persimmon Homes (Nottingham)
East Lindsey District Council,http://statistics.data.gov.uk/id/local-authority/32UC,Property,Buildings Maintenance - Responsive,13/06/2024,30034655,660.00 ,Second Element Limited
East Lindsey District Council,http://statistics.data.gov.uk/id/local-authority/32UC,Property,Buildings Maintenance - Responsive,13/06/2024,30034684,568.50 ,Second Element Limited
East Lindsey District Council,http://statistics.data.gov.uk/id/local-authority/32UC,Property,Legal Fees,13/06/2024,30034419,"2,000.00 ",Freeths LLP
East Lindsey District Council,http://statistics.data.gov.uk/id/local-authority/32UC,Service Manager - Affordable & Accessible Homes-Housing,Grants and Contributions to Outside Bodies - No Service Received,13/06/2024,30034399,"38,652.00 ",Lincolnshire County Council
East Lindsey District Council,http://statistics.data.gov.uk/id/local-authority/32UC,Waste,Agency Staff,13/06/2024,30034720,"5,415.82 ",Red Rock Partnership Ltd
East Lindsey District Council,http://statistics.data.gov.uk/id/local-authority/32UC,Waste,Agency Staff,13/06/2024,30034721,"2,320.33 ",Red Rock Partnership Ltd
East Lindsey District Council,http://statistics.data.gov.uk/id/local-authority/32UC,Waste,Computer Software Licence Costs,13/06/2024,30034630,"9,252.00 ",Dennis Eagle Ltd
East Lindsey District Council,http://statistics.data.gov.uk/id/local-authority/32UC,Waste,Professional and Contractors Fees,13/06/2024,30034588,238.77 ,Vending Enterprises
East Lindsey District Council,http://statistics.data.gov.uk/id/local-authority/32UC,Waste,Workshop Parts,13/06/2024,30034428,"9,261.43 ",Vaculug Technologies Ltd
East Lindsey District Council,http://statistics.data.gov.uk/id/local-authority/32UC,AD Capital - Regulation,Subscriptions to Organisations and Other Bodies,14/06/2024,30034838,154.98 ,Institute of Licensing  Ltd
East Lindsey District Council,http://statistics.data.gov.uk/id/local-authority/32UC,Enforcement,Subscriptions to Organisations and Other Bodies,14/06/2024,30034838,155.04 ,Institute of Licensing  Ltd
East Lindsey District Council,http://statistics.data.gov.uk/id/local-authority/32UC,Environmental Health,Subscriptions to Organisations and Other Bodies,14/06/2024,30034838,310.02 ,Institute of Licensing  Ltd
East Lindsey District Council,http://statistics.data.gov.uk/id/local-authority/32UC,AD Capital - Economic Growth,Professional Fees,18/06/2024,30034617,"723,172.17 ",TEC Partnership
East Lindsey District Council,http://statistics.data.gov.uk/id/local-authority/32UC,AD Capital - Economic Growth,Professional Fees,18/06/2024,30034734,"11,436.15 ",Heritage Trust of Lincolnshire Ltd
East Lindsey District Council,http://statistics.data.gov.uk/id/local-authority/32UC,AD Capital - Economic Growth,Professional Fees,18/06/2024,30034735,"5,812.04 ",Heritage Trust of Lincolnshire Ltd
East Lindsey District Council,http://statistics.data.gov.uk/id/local-authority/32UC,AD Capital - Economic Growth,Professional Fees,18/06/2024,30034738,"13,633.37 ",Heritage Trust of Lincolnshire Ltd
East Lindsey District Council,http://statistics.data.gov.uk/id/local-authority/32UC,AD Capital - Regulation,Agency Staff,18/06/2024,30034880,"3,955.50 ",BRG Interim Solutions Ltd
East Lindsey District Council,http://statistics.data.gov.uk/id/local-authority/32UC,AD Capital - Regulation,Subscriptions to Organisations and Other Bodies,18/06/2024,30034835,"5,000.00 ",Lincolnshire County Council
East Lindsey District Council,http://statistics.data.gov.uk/id/local-authority/32UC,AD Capital - Strategic Growth and Development,Grants and Contributions to Outside Bodies - No Service Received,18/06/2024,30033129,"367,560.24 ",South Holland District Council
East Lindsey District Council,http://statistics.data.gov.uk/id/local-authority/32UC,AD Capital - Strategic Growth and Development,Grants and Contributions to Outside Bodies - No Service Received,18/06/2024,30034599,"3,171.00 ",Sutton Sheds
East Lindsey District Council,http://statistics.data.gov.uk/id/local-authority/32UC,AD Capital - Strategic Growth and Development,Works to Buildings (Sub Contractors),18/06/2024,30034801,"7,407.68 ",Parochial Church Council of Old Bollingbroke Parish
East Lindsey District Council,http://statistics.data.gov.uk/id/local-authority/32UC,AD Capital - Strategic Growth and Development,Works to Buildings (Sub Contractors),18/06/2024,30034808,"10,153.28 ",Parochial Church Council of Old Bollingbroke Parish
East Lindsey District Council,http://statistics.data.gov.uk/id/local-authority/32UC,AD Capital - Strategic Growth and Development,Works to Buildings (Sub Contractors),18/06/2024,30034813,"2,252.00 ",Scorer Hawkins Properties
East Lindsey District Council,http://statistics.data.gov.uk/id/local-authority/32UC,AD Capital - Strategic Projects,Professional Fees,18/06/2024,30034617,"723,172.17 ",TEC Partnership
East Lindsey District Council,http://statistics.data.gov.uk/id/local-authority/32UC,AD Capital - Strategic Projects,Professional Fees,18/06/2024,30034734,"11,436.15 ",Heritage Trust of Lincolnshire Ltd
East Lindsey District Council,http://statistics.data.gov.uk/id/local-authority/32UC,AD Capital - Strategic Projects,Professional Fees,18/06/2024,30034735,"5,812.04 ",Heritage Trust of Lincolnshire Ltd
East Lindsey District Council,http://statistics.data.gov.uk/id/local-authority/32UC,AD Capital - Strategic Projects,Professional Fees,18/06/2024,30034738,"13,633.37 ",Heritage Trust of Lincolnshire Ltd
East Lindsey District Council,http://statistics.data.gov.uk/id/local-authority/32UC,AD Capital - Strategic Projects,Works to Buildings (Main Contractor),18/06/2024,30034718,"849,053.48 ",Alliance Leisure Services Limited
East Lindsey District Council,http://statistics.data.gov.uk/id/local-authority/32UC,AD Chief Finance Officer,Staff Training Expenses (Non-Payroll),18/06/2024,30034693,"4,918.00 ",Get Sorted Manufacturing
East Lindsey District Council,http://statistics.data.gov.uk/id/local-authority/32UC,AD Housing & Wellbeing,Other local authorities,18/06/2024,30034604,"94,019.40 ",West Lindsey District Council
East Lindsey District Council,http://statistics.data.gov.uk/id/local-authority/32UC,AD Housing & Wellbeing,Other Miscellaneous Expenses,18/06/2024,30034729,625.00 ,“Personal Information Redacted”
East Lindsey District Council,http://statistics.data.gov.uk/id/local-authority/32UC,AD Housing & Wellbeing,Other Miscellaneous Expenses,18/06/2024,30034739,"3,750.00 ",“Personal Information Redacted”
East Lindsey District Council,http://statistics.data.gov.uk/id/local-authority/32UC,AD Housing & Wellbeing,Other Miscellaneous Expenses,18/06/2024,30034742,"1,800.00 ",“Personal Information Redacted”
East Lindsey District Council,http://statistics.data.gov.uk/id/local-authority/32UC,AD Housing & Wellbeing,Other Miscellaneous Expenses,18/06/2024,30034780,240.00 ,Waste Away Clearance Service
East Lindsey District Council,http://statistics.data.gov.uk/id/local-authority/32UC,AD Housing & Wellbeing,Other Miscellaneous Expenses,18/06/2024,30034874,"1,100.00 ",Waste Away Clearance Service
East Lindsey District Council,http://statistics.data.gov.uk/id/local-authority/32UC,Building Control,Agency Staff,18/06/2024,30034880,"1,977.75 ",BRG Interim Solutions Ltd
East Lindsey District Council,http://statistics.data.gov.uk/id/local-authority/32UC,Climate Change and Environment,Professional Fees,18/06/2024,30034860,"59,819.84 ",Yes Energy Solutions
East Lindsey District Council,http://statistics.data.gov.uk/id/local-authority/32UC,Climate Change and Environment,Professional Fees,18/06/2024,30034873,"52,279.40 ",Yes Energy Solutions
East Lindsey District Council,http://statistics.data.gov.uk/id/local-authority/32UC,Growth Relationships & Growth Promotions,Professional and Contractors Fees,18/06/2024,30034881,"1,650.00 ",The Engaging People Company
East Lindsey District Council,http://statistics.data.gov.uk/id/local-authority/32UC,Growth Relationships & Growth Promotions,Shared Management,18/06/2024,30034856,"2,750.29 ",South Holland District Council
East Lindsey District Council,http://statistics.data.gov.uk/id/local-authority/32UC,Housing & Homelessness,Other Miscellaneous Expenses,18/06/2024,30034729,625.00 ,“Personal Information Redacted”
East Lindsey District Council,http://statistics.data.gov.uk/id/local-authority/32UC,Housing & Homelessness,Other Miscellaneous Expenses,18/06/2024,30034739,"3,750.00 ",“Personal Information Redacted”
East Lindsey District Council,http://statistics.data.gov.uk/id/local-authority/32UC,Housing & Homelessness,Other Miscellaneous Expenses,18/06/2024,30034742,"1,800.00 ",“Personal Information Redacted”
East Lindsey District Council,http://statistics.data.gov.uk/id/local-authority/32UC,Housing & Homelessness,Other Miscellaneous Expenses,18/06/2024,30034780,240.00 ,Waste Away Clearance Service
East Lindsey District Council,http://statistics.data.gov.uk/id/local-authority/32UC,Housing & Homelessness,Other Miscellaneous Expenses,18/06/2024,30034874,"1,100.00 ",Waste Away Clearance Service
East Lindsey District Council,http://statistics.data.gov.uk/id/local-authority/32UC,Information Technology,Computer Software Licence Costs,18/06/2024,30034814,"14,248.84 ",Public Sector Partnership Services Ltd
East Lindsey District Council,http://statistics.data.gov.uk/id/local-authority/32UC,Information Technology,Mobile Phones,18/06/2024,30034794,"3,096.28 ",Vodafone Ltd Corporate
East Lindsey District Council,http://statistics.data.gov.uk/id/local-authority/32UC,Information Technology,Mobile Phones,18/06/2024,30034807,401.56 ,Public Sector Partnership Services Ltd
East Lindsey District Council,http://statistics.data.gov.uk/id/local-authority/32UC,Invest East Lindsey,Gas,18/06/2024,30035210,895.40 ,Espo Gas and Electricity
East Lindsey District Council,http://statistics.data.gov.uk/id/local-authority/32UC,Invest East Lindsey,Gas,18/06/2024,30035213,588.57 ,Espo Gas and Electricity
East Lindsey District Council,http://statistics.data.gov.uk/id/local-authority/32UC,Neighbourhoods,Professional and Contractors Fees,18/06/2024,30034803,695.00 ,Latus Group (UK) Ltd
East Lindsey District Council,http://statistics.data.gov.uk/id/local-authority/32UC,Neighbourhoods,Professional and Contractors Fees,18/06/2024,30034809,995.00 ,Latus Group (UK) Ltd
East Lindsey District Council,http://statistics.data.gov.uk/id/local-authority/32UC,Neighbourhoods,Water and Sewerage Charges,18/06/2024,30034846,"4,907.07 ",Wave Anglian Water Business National Ltd
East Lindsey District Council,http://statistics.data.gov.uk/id/local-authority/32UC,"Performance, Governance & Commissioning",Agency Staff,18/06/2024,30034759,720.00 ,The One Group
East Lindsey District Council,http://statistics.data.gov.uk/id/local-authority/32UC,"Performance, Governance & Commissioning",Rent Payments,18/06/2024,30034863,600.00 ,The Boars Head
East Lindsey District Council,http://statistics.data.gov.uk/id/local-authority/32UC,"Performance, Governance & Commissioning",Rent Payments,18/06/2024,30034866,500.00 ,Winthorpe Community Partnership
East Lindsey District Council,http://statistics.data.gov.uk/id/local-authority/32UC,Planning Policy,Agency Staff,18/06/2024,30034624,"1,318.13 ",G2 Recruitment Solutions
East Lindsey District Council,http://statistics.data.gov.uk/id/local-authority/32UC,Planning Policy,Subscriptions to Organisations and Other Bodies,18/06/2024,30034467,"12,827.00 ",Lincolnshire Wildlife Trust
East Lindsey District Council,http://statistics.data.gov.uk/id/local-authority/32UC,Property,Gas,18/06/2024,30035209,821.08 ,Espo Gas and Electricity
East Lindsey District Council,http://statistics.data.gov.uk/id/local-authority/32UC,Property,Gas,18/06/2024,30035217,"2,489.81 ",Espo Gas and Electricity
East Lindsey District Council,http://statistics.data.gov.uk/id/local-authority/32UC,Property,Other Private Contractors,18/06/2024,30034822,450.00 ,Dave Skells Traffic Management Ltd
East Lindsey District Council,http://statistics.data.gov.uk/id/local-authority/32UC,Property,Water and Sewerage Charges,18/06/2024,30034846,"4,907.07 ",Wave Anglian Water Business National Ltd
East Lindsey District Council,http://statistics.data.gov.uk/id/local-authority/32UC,Property,Works to Buildings (Main Contractor),18/06/2024,30034416,"3,150.00 ",Carousel Waste & Recycling LTD
East Lindsey District Council,http://statistics.data.gov.uk/id/local-authority/32UC,Property,Works to Buildings (Main Contractor),18/06/2024,30034482,"15,373.00 ",H20 Servicing Ltd
East Lindsey District Council,http://statistics.data.gov.uk/id/local-authority/32UC,Property,Works to Buildings (Main Contractor),18/06/2024,30034619,"1,650.00 ",Carousel Waste & Recycling LTD
East Lindsey District Council,http://statistics.data.gov.uk/id/local-authority/32UC,Service Manager - Affordable & Accessible Homes-Housing,Works to Buildings (Main Contractor),18/06/2024,30034387,"8,311.31 ",Clough Build Limited
East Lindsey District Council,http://statistics.data.gov.uk/id/local-authority/32UC,Service Manager - Affordable & Accessible Homes-Housing,Works to Buildings (Main Contractor),18/06/2024,30034844,312.00 ,Andrew Wrisdale Building Contractor
East Lindsey District Council,http://statistics.data.gov.uk/id/local-authority/32UC,Waste,Clothing Uniforms And Laundry,18/06/2024,30034534,242.00 ,Johnsons Workwear
East Lindsey District Council,http://statistics.data.gov.uk/id/local-authority/32UC,Waste,Workshop Parts,18/06/2024,30034519,650.00 ,Partic Motor Spares Ltd
East Lindsey District Council,http://statistics.data.gov.uk/id/local-authority/32UC,Waste,Workshop Parts,18/06/2024,30034671,555.91 ,Sharmans of Louth
East Lindsey District Council,http://statistics.data.gov.uk/id/local-authority/32UC,Waste,Workshop Parts,18/06/2024,30034701,395.80 ,Chandlers (Farm Equipment) Ltd
East Lindsey District Council,http://statistics.data.gov.uk/id/local-authority/32UC,Wellbeing Services Manager,Other local authorities,18/06/2024,30034604,"94,019.40 ",West Lindsey District Council
East Lindsey District Council,http://statistics.data.gov.uk/id/local-authority/32UC,AD Chief Finance Officer,Business Rates - Contribution to Surplus/Deficit,19/06/2024,30035199,"17,460.00 ",MHCLG
East Lindsey District Council,http://statistics.data.gov.uk/id/local-authority/32UC,AD Chief Finance Officer,Business Rates - Share of Income Central Government,19/06/2024,30035199,"1,673,400.00 ",MHCLG
East Lindsey District Council,http://statistics.data.gov.uk/id/local-authority/32UC,AD Chief Finance Officer,Business Rates - Transitional Protection Payments,19/06/2024,30035199,"-117,370.00 ",MHCLG
East Lindsey District Council,http://statistics.data.gov.uk/id/local-authority/32UC,AD Chief Finance Officer,Business Rates Tariff,19/06/2024,30035195,"728,744.00 ",Lincolnshire County Council
East Lindsey District Council,http://statistics.data.gov.uk/id/local-authority/32UC,AD Chief Finance Officer,Business Rates Tariff,19/06/2024,30035199,-870.00 ,MHCLG
East Lindsey District Council,http://statistics.data.gov.uk/id/local-authority/32UC,AD Chief Finance Officer,Non-Ringfenced Government Grants - RSG,19/06/2024,30035199,"-125,682.00 ",MHCLG
East Lindsey District Council,http://statistics.data.gov.uk/id/local-authority/32UC,AD Capital - Strategic Growth and Development,"Purchase of Plant, Machinery and Equipment",20/06/2024,30034961,"17,511.34 ",High Toynton PCC
East Lindsey District Council,http://statistics.data.gov.uk/id/local-authority/32UC,AD Capital - Strategic Projects,Professional and Contractors Fees,20/06/2024,30034868,"508,659.06 ",Lindum Group Ltd
East Lindsey District Council,http://statistics.data.gov.uk/id/local-authority/32UC,AD Capital - Strategic Projects,Professional Fees,20/06/2024,30034871,"45,882.75 ",Alliance Leisure Services Limited
East Lindsey District Council,http://statistics.data.gov.uk/id/local-authority/32UC,AD Capital - Strategic Projects,Professional Fees,20/06/2024,30034872,"70,003.43 ",Alliance Leisure Services Limited
East Lindsey District Council,http://statistics.data.gov.uk/id/local-authority/32UC,AD Chief Finance Officer,Advertising - Events,20/06/2024,30034621,"7,320.00 ",emap
East Lindsey District Council,http://statistics.data.gov.uk/id/local-authority/32UC,AD Chief Finance Officer,Postages,20/06/2024,30034600,869.00 ,Royal Mail Group Ltd
East Lindsey District Council,http://statistics.data.gov.uk/id/local-authority/32UC,AD Housing & Wellbeing,Bed and Breakfast Accommodation (Homelessness Service),20/06/2024,30034973,504.17 ,Lakeside Hotel
East Lindsey District Council,http://statistics.data.gov.uk/id/local-authority/32UC,AD Housing & Wellbeing,Computer Software Licence Costs,20/06/2024,30034827,"1,950.00 ",South Holland District Council
East Lindsey District Council,http://statistics.data.gov.uk/id/local-authority/32UC,AD Housing & Wellbeing,Grants and Contributions to Outside Bodies - No Service Received,20/06/2024,30034741,"2,000.00 ",Horncastle Chef
East Lindsey District Council,http://statistics.data.gov.uk/id/local-authority/32UC,AD Housing & Wellbeing,Grants and Contributions to Outside Bodies - No Service Received,20/06/2024,30034896,"10,000.00 ",Alford Hub
East Lindsey District Council,http://statistics.data.gov.uk/id/local-authority/32UC,AD Housing & Wellbeing,Grants and Contributions to Outside Bodies - No Service Received,20/06/2024,30034897,"25,000.00 ",Lincolnshire Community Foundation
East Lindsey District Council,http://statistics.data.gov.uk/id/local-authority/32UC,AD Housing & Wellbeing,Grants and Contributions to Outside Bodies - No Service Received,20/06/2024,30034898,"10,000.00 ",Furinchurch
East Lindsey District Council,http://statistics.data.gov.uk/id/local-authority/32UC,AD Housing & Wellbeing,Grants and Contributions to Outside Bodies - No Service Received,20/06/2024,30034986,"10,000.00 ",East Lincolnshire Food Collective
East Lindsey District Council,http://statistics.data.gov.uk/id/local-authority/32UC,AD Leisure & Culture,Buildings Maintenance - Programmed,20/06/2024,30034929,524.00 ,Aegis Technologies
East Lindsey District Council,http://statistics.data.gov.uk/id/local-authority/32UC,AD Leisure & Culture,Buildings Maintenance - Programmed,20/06/2024,30034937,572.69 ,TVF UK Limited
East Lindsey District Council,http://statistics.data.gov.uk/id/local-authority/32UC,AD Leisure & Culture,Buildings Maintenance - Responsive,20/06/2024,30034935,372.44 ,TVF UK Limited
East Lindsey District Council,http://statistics.data.gov.uk/id/local-authority/32UC,Climate Change and Environment,Professional and Contractors Fees,20/06/2024,30034841,380.00 ,Zinc E-Consulting Ltd T/A Drivers Domain UK
East Lindsey District Council,http://statistics.data.gov.uk/id/local-authority/32UC,Economic Growth Service Manager (Place),Other Communication Costs,20/06/2024,30034783,694.00 ,Allinsons Print and Supplies
East Lindsey District Council,http://statistics.data.gov.uk/id/local-authority/32UC,Enabling Activities Housing Development,Computer Software Licence Costs,20/06/2024,30034827,650.00 ,South Holland District Council
East Lindsey District Council,http://statistics.data.gov.uk/id/local-authority/32UC,Growth Relationships & Growth Promotions,Other Communication Costs,20/06/2024,30034783,694.00 ,Allinsons Print and Supplies
East Lindsey District Council,http://statistics.data.gov.uk/id/local-authority/32UC,Growth Relationships & Growth Promotions,Shared Management,20/06/2024,30034819,"2,750.29 ",South Holland District Council
East Lindsey District Council,http://statistics.data.gov.uk/id/local-authority/32UC,Healthy Living Services Manager,Grants and Contributions to Outside Bodies - No Service Received,20/06/2024,30034741,"2,000.00 ",Horncastle Chef
East Lindsey District Council,http://statistics.data.gov.uk/id/local-authority/32UC,Healthy Living Services Manager,Grants and Contributions to Outside Bodies - No Service Received,20/06/2024,30034896,"10,000.00 ",Alford Hub
East Lindsey District Council,http://statistics.data.gov.uk/id/local-authority/32UC,Healthy Living Services Manager,Grants and Contributions to Outside Bodies - No Service Received,20/06/2024,30034897,"25,000.00 ",Lincolnshire Community Foundation
East Lindsey District Council,http://statistics.data.gov.uk/id/local-authority/32UC,Healthy Living Services Manager,Grants and Contributions to Outside Bodies - No Service Received,20/06/2024,30034898,"10,000.00 ",Furinchurch
East Lindsey District Council,http://statistics.data.gov.uk/id/local-authority/32UC,Healthy Living Services Manager,Grants and Contributions to Outside Bodies - No Service Received,20/06/2024,30034986,"10,000.00 ",East Lincolnshire Food Collective
East Lindsey District Council,http://statistics.data.gov.uk/id/local-authority/32UC,Housing & Homelessness,Bed and Breakfast Accommodation (Homelessness Service),20/06/2024,30034973,504.17 ,Lakeside Hotel
East Lindsey District Council,http://statistics.data.gov.uk/id/local-authority/32UC,Housing & Homelessness,Computer Software Licence Costs,20/06/2024,30034827,650.00 ,South Holland District Council
East Lindsey District Council,http://statistics.data.gov.uk/id/local-authority/32UC,Information Technology,External Printing and Design Costs,20/06/2024,30034901,"1,750.00 ",Public Sector Partnership Services Ltd
East Lindsey District Council,http://statistics.data.gov.uk/id/local-authority/32UC,Information Technology,Professional and Contractors Fees,20/06/2024,30034900,508.00 ,Public Sector Partnership Services Ltd
East Lindsey District Council,http://statistics.data.gov.uk/id/local-authority/32UC,Invest East Lindsey,Cleaning Contract,20/06/2024,30034585,227.01 ,Eastern Shires Purchasing Organisation
East Lindsey District Council,http://statistics.data.gov.uk/id/local-authority/32UC,Invest East Lindsey,Other Communication Costs,20/06/2024,30034927,418.55 ,New Start Networks Ltd
East Lindsey District Council,http://statistics.data.gov.uk/id/local-authority/32UC,Neighbourhoods,Professional and Contractors Fees,20/06/2024,30034930,972.00 ,Sid Dennis and Sons Ltd
East Lindsey District Council,http://statistics.data.gov.uk/id/local-authority/32UC,"Performance, Governance & Commissioning",Agency Staff,20/06/2024,30034957,324.00 ,The One Group
East Lindsey District Council,http://statistics.data.gov.uk/id/local-authority/32UC,"Performance, Governance & Commissioning",Legal Fees,20/06/2024,30034818,810.00 ,South Holland District Council
East Lindsey District Council,http://statistics.data.gov.uk/id/local-authority/32UC,"Performance, Governance & Commissioning",PSPS Recharges to Services,20/06/2024,30034899,528.00 ,Public Sector Partnership Services Ltd
East Lindsey District Council,http://statistics.data.gov.uk/id/local-authority/32UC,Planning Policy,Agency Staff,20/06/2024,30034616,"1,757.50 ",G2 Recruitment Solutions
East Lindsey District Council,http://statistics.data.gov.uk/id/local-authority/32UC,Planning Policy,Agency Staff,20/06/2024,30034623,"1,757.50 ",G2 Recruitment Solutions
East Lindsey District Council,http://statistics.data.gov.uk/id/local-authority/32UC,Property,Works to Buildings (Main Contractor),20/06/2024,30034926,643.88 ,The Workshop (Wisbech) Ltd
East Lindsey District Council,http://statistics.data.gov.uk/id/local-authority/32UC,Property,Works to Buildings (Main Contractor),20/06/2024,30034991,643.88 ,The Workshop (Wisbech) Ltd
East Lindsey District Council,http://statistics.data.gov.uk/id/local-authority/32UC,Service Manager - Affordable & Accessible Homes-Housing,Computer Software Licence Costs,20/06/2024,30034827,"1,300.00 ",South Holland District Council
East Lindsey District Council,http://statistics.data.gov.uk/id/local-authority/32UC,Waste,Materials and Consumables,20/06/2024,30034252,"12,911.50 ",ESE Ltd
East Lindsey District Council,http://statistics.data.gov.uk/id/local-authority/32UC,Waste,Workshop Parts,20/06/2024,30034757,330.97 ,Partic Motor Spares Ltd
East Lindsey District Council,http://statistics.data.gov.uk/id/local-authority/32UC,Waste,Workshop Parts,20/06/2024,30034766,307.86 ,Partic Motor Spares Ltd
East Lindsey District Council,http://statistics.data.gov.uk/id/local-authority/32UC,AD Capital - Regulation,Professional and Contractors Fees,25/06/2024,30033077,"3,036.89 ",Lincolnshire County Council
East Lindsey District Council,http://statistics.data.gov.uk/id/local-authority/32UC,AD Capital - Strategic Growth and Development,Grants and Contributions to Outside Bodies - No Service Received,25/06/2024,30034790,"31,561.84 ",Lincolnshire Chamber of Commerce and
East Lindsey District Council,http://statistics.data.gov.uk/id/local-authority/32UC,AD Capital - Strategic Growth and Development,Grants and Contributions to Outside Bodies - No Service Received,25/06/2024,30034793,"47,604.00 ",Magna Vitae
East Lindsey District Council,http://statistics.data.gov.uk/id/local-authority/32UC,AD Capital - Strategic Growth and Development,Grants and Contributions to Outside Bodies - No Service Received,25/06/2024,30034980,"50,000.00 ",Abbey Warren Retreat Ltd
East Lindsey District Council,http://statistics.data.gov.uk/id/local-authority/32UC,AD Capital - Strategic Growth and Development,Grants and Contributions to Outside Bodies - No Service Received,25/06/2024,30035001,"2,440.78 ",Bishop Grosseteste University
East Lindsey District Council,http://statistics.data.gov.uk/id/local-authority/32UC,AD Capital - Strategic Growth and Development,Grants and Contributions to Outside Bodies - No Service Received,25/06/2024,30035002,"42,183.04 ",NBV Enterprise Solutions Limited
East Lindsey District Council,http://statistics.data.gov.uk/id/local-authority/32UC,AD Capital - Strategic Growth and Developments,Legal Fees,25/06/2024,30034441,"1,863.34 ",Howes Percival
East Lindsey District Council,http://statistics.data.gov.uk/id/local-authority/32UC,AD Capital - Strategic Projects,Professional and Contractors Fees,25/06/2024,30035032,"2,905.00 ",The Oyster Partnership Ltd
East Lindsey District Council,http://statistics.data.gov.uk/id/local-authority/32UC,AD Capital - Strategic Projects,Professional and Contractors Fees,25/06/2024,30035060,"107,440.88 ",Alliance Leisure Services Limited
East Lindsey District Council,http://statistics.data.gov.uk/id/local-authority/32UC,AD Capital - Strategic Projects,Professional Fees,25/06/2024,30034820,"14,302.80 ",Boston Borough Council
East Lindsey District Council,http://statistics.data.gov.uk/id/local-authority/32UC,AD Chief Finance Officer,Professional and Contractors Fees,25/06/2024,30034651,"69,533.50 ",KPMG LLP
East Lindsey District Council,http://statistics.data.gov.uk/id/local-authority/32UC,AD Chief Finance Officer,Public Sector Partnership Services,25/06/2024,30034546,"563,291.48 ",Public Sector Partnership Services Ltd
East Lindsey District Council,http://statistics.data.gov.uk/id/local-authority/32UC,AD Economic Growth,Professional Fees,25/06/2024,30034319,"2,100.00 ",Land Survey Solutions Ltd
East Lindsey District Council,http://statistics.data.gov.uk/id/local-authority/32UC,AD Economic Growth,Professional Fees,25/06/2024,30034367,"3,000.00 ",The Millward Partnership
East Lindsey District Council,http://statistics.data.gov.uk/id/local-authority/32UC,AD Economic Growth,Professional Fees,25/06/2024,30034477,"2,950.00 ",The Millward Partnership
East Lindsey District Council,http://statistics.data.gov.uk/id/local-authority/32UC,AD Economic Growth,Professional Fees,25/06/2024,30034491,"2,474.66 ",Focus Consultants 2010 LLP
East Lindsey District Council,http://statistics.data.gov.uk/id/local-authority/32UC,AD Economic Growth,Professional Fees,25/06/2024,30034492,"1,250.00 ",Focus Consultants 2010 LLP
East Lindsey District Council,http://statistics.data.gov.uk/id/local-authority/32UC,AD Economic Growth,Professional Fees,25/06/2024,30034493,"1,250.00 ",Focus Consultants 2010 LLP
East Lindsey District Council,http://statistics.data.gov.uk/id/local-authority/32UC,AD Economic Growth,Professional Fees,25/06/2024,30034960,"32,504.78 ",Tim Ronalds Architects
East Lindsey District Council,http://statistics.data.gov.uk/id/local-authority/32UC,AD Economic Growth,Professional Fees,25/06/2024,30035031,"3,763.00 ",Focus Consultants 2010 LLP
East Lindsey District Council,http://statistics.data.gov.uk/id/local-authority/32UC,AD Leisure & Culture,Buildings Maintenance - Programmed,25/06/2024,30034932,"20,438.47 ",Centrica Business Solutions
East Lindsey District Council,http://statistics.data.gov.uk/id/local-authority/32UC,AD Leisure & Culture,Buildings Maintenance - Responsive,25/06/2024,30034473,234.00 ,H20 Servicing Ltd
East Lindsey District Council,http://statistics.data.gov.uk/id/local-authority/32UC,AD Leisure & Culture,Buildings Maintenance - Responsive,25/06/2024,30034566,712.50 ,Park Control Systems Ltd
East Lindsey District Council,http://statistics.data.gov.uk/id/local-authority/32UC,AD Leisure & Culture,Buildings Maintenance - Responsive,25/06/2024,30034589,435.04 ,Airco Refrigeration Air Conditioning Ltd
East Lindsey District Council,http://statistics.data.gov.uk/id/local-authority/32UC,AD Leisure & Culture,Buildings Maintenance - Responsive,25/06/2024,30034590,663.00 ,Fred Margarson Ltd
East Lindsey District Council,http://statistics.data.gov.uk/id/local-authority/32UC,Climate Change and Environment,Capital Grants and Contributions (Non-Government),25/06/2024,30035036,"3,467.14 ",Department for Energy Security & Net Zero
East Lindsey District Council,http://statistics.data.gov.uk/id/local-authority/32UC,Climate Change and Environment,Professional Fees,25/06/2024,30034869,"221,849.33 ",Everwarm Ltd
East Lindsey District Council,http://statistics.data.gov.uk/id/local-authority/32UC,Climate Change and Environment,Professional Fees,25/06/2024,30034940,"176,072.31 ",Everwarm Ltd
East Lindsey District Council,http://statistics.data.gov.uk/id/local-authority/32UC,Development Control,Professional and Contractors Fees,25/06/2024,30034418,807.50 ,Acoustic Associates (Peterborough)
East Lindsey District Council,http://statistics.data.gov.uk/id/local-authority/32UC,Economic Growth Project Manager,Professional Fees,25/06/2024,30034319,"2,100.00 ",Land Survey Solutions Ltd
East Lindsey District Council,http://statistics.data.gov.uk/id/local-authority/32UC,Economic Growth Project Manager,Professional Fees,25/06/2024,30034367,"3,000.00 ",The Millward Partnership
East Lindsey District Council,http://statistics.data.gov.uk/id/local-authority/32UC,Economic Growth Project Manager,Professional Fees,25/06/2024,30034477,"2,950.00 ",The Millward Partnership
East Lindsey District Council,http://statistics.data.gov.uk/id/local-authority/32UC,Economic Growth Project Manager,Professional Fees,25/06/2024,30034491,"2,474.66 ",Focus Consultants 2010 LLP
East Lindsey District Council,http://statistics.data.gov.uk/id/local-authority/32UC,Economic Growth Project Manager,Professional Fees,25/06/2024,30034492,"1,250.00 ",Focus Consultants 2010 LLP
East Lindsey District Council,http://statistics.data.gov.uk/id/local-authority/32UC,Economic Growth Project Manager,Professional Fees,25/06/2024,30034493,"1,250.00 ",Focus Consultants 2010 LLP
East Lindsey District Council,http://statistics.data.gov.uk/id/local-authority/32UC,Economic Growth Project Manager,Professional Fees,25/06/2024,30034960,"32,504.78 ",Tim Ronalds Architects
East Lindsey District Council,http://statistics.data.gov.uk/id/local-authority/32UC,Economic Growth Project Manager,Professional Fees,25/06/2024,30035031,"3,763.00 ",Focus Consultants 2010 LLP
East Lindsey District Council,http://statistics.data.gov.uk/id/local-authority/32UC,Economic Growth Service Manager (Place),Other Miscellaneous Expenses,25/06/2024,30034417,"8,750.00 ",Huq Industries Limited
East Lindsey District Council,http://statistics.data.gov.uk/id/local-authority/32UC,Economic Growth Service Manager (Place),Other Miscellaneous Expenses,25/06/2024,30034825,350.00 ,Lincolnshire County Council
East Lindsey District Council,http://statistics.data.gov.uk/id/local-authority/32UC,Economic Growth Service Manager (Place),Other Miscellaneous Expenses,25/06/2024,30035098,368.00 ,Singleton Event Services Ltd
East Lindsey District Council,http://statistics.data.gov.uk/id/local-authority/32UC,Economic Growth Service Manager (Place),Performers and Entertainers Fees,25/06/2024,30034543,"13,553.49 ",ETC UK Ltd t/a The Projection Studio
East Lindsey District Council,http://statistics.data.gov.uk/id/local-authority/32UC,Economic Growth Service Manager (Place),Performers and Entertainers Fees,25/06/2024,30034761,800.00 ,The SHENANIGANS
East Lindsey District Council,http://statistics.data.gov.uk/id/local-authority/32UC,Environmental Health,Furniture and Equipment,25/06/2024,30034288,"1,727.00 ",Campbell Associates Ltd
East Lindsey District Council,http://statistics.data.gov.uk/id/local-authority/32UC,Environmental Health,Works to Buildings (Main Contractor),25/06/2024,30035016,655.00 ,Ajet Drain Services Ltd
East Lindsey District Council,http://statistics.data.gov.uk/id/local-authority/32UC,Growth Relationships & Growth Promotions,Other Miscellaneous Expenses,25/06/2024,30034417,"8,750.00 ",Huq Industries Limited
East Lindsey District Council,http://statistics.data.gov.uk/id/local-authority/32UC,Growth Relationships & Growth Promotions,Other Miscellaneous Expenses,25/06/2024,30034825,350.00 ,Lincolnshire County Council
East Lindsey District Council,http://statistics.data.gov.uk/id/local-authority/32UC,Growth Relationships & Growth Promotions,Performers and Entertainers Fees,25/06/2024,30034761,800.00 ,The SHENANIGANS
East Lindsey District Council,http://statistics.data.gov.uk/id/local-authority/32UC,Information Technology,Computer Hardware Maintenance,25/06/2024,30034400,"1,842.11 ",Softcat Plc
East Lindsey District Council,http://statistics.data.gov.uk/id/local-authority/32UC,Information Technology,Computer Software Licence Costs,25/06/2024,30034556,266.32 ,Transunion International UK limited
East Lindsey District Council,http://statistics.data.gov.uk/id/local-authority/32UC,Information Technology,Internet Broadband Payments,25/06/2024,30034573,119.85 ,Multidata
East Lindsey District Council,http://statistics.data.gov.uk/id/local-authority/32UC,Information Technology,Mobile Phones,25/06/2024,30035005,"7,498.55 ",Public Sector Partnership Services Ltd
East Lindsey District Council,http://statistics.data.gov.uk/id/local-authority/32UC,Invest East Lindsey,Furniture and Equipment,25/06/2024,30034420,625.00 ,Lincolnshire Office Friends
East Lindsey District Council,http://statistics.data.gov.uk/id/local-authority/32UC,Invest East Lindsey,Grounds Maintenance Contract (External),25/06/2024,30035008,350.00 ,Wold Tree Works Limited
East Lindsey District Council,http://statistics.data.gov.uk/id/local-authority/32UC,Invest East Lindsey,Grounds Maintenance Contract (External),25/06/2024,30035010,300.00 ,Wold Tree Works Limited
East Lindsey District Council,http://statistics.data.gov.uk/id/local-authority/32UC,Invest East Lindsey,Other Communication Costs,25/06/2024,30034959,545.11 ,New Start Networks Ltd
East Lindsey District Council,http://statistics.data.gov.uk/id/local-authority/32UC,Neighbourhoods,Agency Staff,25/06/2024,30035091,"3,729.07 ",The Workshop (Wisbech) Ltd
East Lindsey District Council,http://statistics.data.gov.uk/id/local-authority/32UC,Neighbourhoods,Buildings Maintenance - Programmed,25/06/2024,30034471,944.60 ,H20 Servicing Ltd
East Lindsey District Council,http://statistics.data.gov.uk/id/local-authority/32UC,Neighbourhoods,Buildings Maintenance - Programmed,25/06/2024,30034476,944.60 ,H20 Servicing Ltd
East Lindsey District Council,http://statistics.data.gov.uk/id/local-authority/32UC,Neighbourhoods,Buildings Maintenance - Programmed,25/06/2024,30034938,"10,000.00 ",Gelder Ltd
East Lindsey District Council,http://statistics.data.gov.uk/id/local-authority/32UC,Neighbourhoods,Grounds Maintenance Contract (External),25/06/2024,30034700,"13,751.38 ",Glendale Grounds Management Limited
East Lindsey District Council,http://statistics.data.gov.uk/id/local-authority/32UC,Neighbourhoods,Materials and Consumables,25/06/2024,30034648,680.41 ,Probrush Northern Municipal Spares Ltd
East Lindsey District Council,http://statistics.data.gov.uk/id/local-authority/32UC,Neighbourhoods,Other Private Contractors,25/06/2024,30034401,"64,658.75 ",Healthmatic Limited
East Lindsey District Council,http://statistics.data.gov.uk/id/local-authority/32UC,Neighbourhoods,Professional and Contractors Fees,25/06/2024,30035071,972.00 ,Sid Dennis and Sons Ltd
East Lindsey District Council,http://statistics.data.gov.uk/id/local-authority/32UC,Neighbourhoods,Purchase of Vehicles,25/06/2024,30034882,"21,100.00 ",Burdens Group Ltd
East Lindsey District Council,http://statistics.data.gov.uk/id/local-authority/32UC,Neighbourhoods,Vehicle Hire,25/06/2024,30034697,"1,016.67 ",Lincs Van Hire
East Lindsey District Council,http://statistics.data.gov.uk/id/local-authority/32UC,Organisation Improvement & Development,Staff Training Expenses (Non-Payroll),25/06/2024,30034314,320.00 ,Imagine Public Services Ltd
East Lindsey District Council,http://statistics.data.gov.uk/id/local-authority/32UC,"Performance, Governance & Commissioning",Course Fees,25/06/2024,30034840,"1,500.00 ",Link Treasury Services
East Lindsey District Council,http://statistics.data.gov.uk/id/local-authority/32UC,"Performance, Governance & Commissioning",External Printing and Design Costs,25/06/2024,30034652,869.86 ,CFH Docmail Ltd
East Lindsey District Council,http://statistics.data.gov.uk/id/local-authority/32UC,"Performance, Governance & Commissioning",External Printing and Design Costs,25/06/2024,30034653,225.00 ,CFH Docmail Ltd
East Lindsey District Council,http://statistics.data.gov.uk/id/local-authority/32UC,"Performance, Governance & Commissioning",Postages,25/06/2024,30034652,"1,856.75 ",CFH Docmail Ltd
East Lindsey District Council,http://statistics.data.gov.uk/id/local-authority/32UC,Planning Policy,Agency Staff,25/06/2024,30034622,"1,619.75 ",G2 Recruitment Solutions
East Lindsey District Council,http://statistics.data.gov.uk/id/local-authority/32UC,Planning Policy,Professional and Contractors Fees,25/06/2024,30034817,475.57 ,Create Consulting Engineers Ltd
East Lindsey District Council,http://statistics.data.gov.uk/id/local-authority/32UC,Property,Buildings Maintenance - Programmed,25/06/2024,30034471,944.60 ,H20 Servicing Ltd
East Lindsey District Council,http://statistics.data.gov.uk/id/local-authority/32UC,Property,Buildings Maintenance - Programmed,25/06/2024,30034476,944.60 ,H20 Servicing Ltd
East Lindsey District Council,http://statistics.data.gov.uk/id/local-authority/32UC,Property,Buildings Maintenance - Programmed,25/06/2024,30034660,220.90 ,The Keyholding Company
East Lindsey District Council,http://statistics.data.gov.uk/id/local-authority/32UC,Property,Buildings Maintenance - Programmed,25/06/2024,30034938,"10,000.00 ",Gelder Ltd
East Lindsey District Council,http://statistics.data.gov.uk/id/local-authority/32UC,Property,Buildings Maintenance - Programmed,25/06/2024,30035030,753.00 ,Bates Environmental Ltd
East Lindsey District Council,http://statistics.data.gov.uk/id/local-authority/32UC,Property,Buildings Maintenance - Responsive,25/06/2024,30034618,"7,697.03 ",Airco Refrigeration Air Conditioning Ltd
East Lindsey District Council,http://statistics.data.gov.uk/id/local-authority/32UC,Property,Buildings Maintenance - Responsive,25/06/2024,30034902,224.07 ,Pest Detective Ltd
East Lindsey District Council,http://statistics.data.gov.uk/id/local-authority/32UC,Property,Buildings Maintenance - Responsive,25/06/2024,30034904,224.07 ,Pest Detective Ltd
East Lindsey District Council,http://statistics.data.gov.uk/id/local-authority/32UC,Property,Computer Hardware Purchase,25/06/2024,30034993,"3,004.98 ",Paperwork
East Lindsey District Council,http://statistics.data.gov.uk/id/local-authority/32UC,Property,Grounds Maintenance Contract (External),25/06/2024,30034699,895.08 ,Glendale Grounds Management Limited
East Lindsey District Council,http://statistics.data.gov.uk/id/local-authority/32UC,Property,Grounds Maintenance Contract (External),25/06/2024,30034700,"13,751.38 ",Glendale Grounds Management Limited
East Lindsey District Council,http://statistics.data.gov.uk/id/local-authority/32UC,Property,Internet Broadband Payments,25/06/2024,30034573,"1,213.98 ",Multidata
East Lindsey District Council,http://statistics.data.gov.uk/id/local-authority/32UC,Property,Professional and Contractors Fees,25/06/2024,30034536,"13,148.69 ",IPS (UK) Ltd
East Lindsey District Council,http://statistics.data.gov.uk/id/local-authority/32UC,Property,Professional and Contractors Fees,25/06/2024,30034574,943.10 ,Chipside Ltd
East Lindsey District Council,http://statistics.data.gov.uk/id/local-authority/32UC,Property,Professional and Contractors Fees,25/06/2024,30034575,384.22 ,Chipside Ltd
East Lindsey District Council,http://statistics.data.gov.uk/id/local-authority/32UC,Property,Professional and Contractors Fees,25/06/2024,30034609,"3,411.18 ",Kings Armoured Security Services Ltd
East Lindsey District Council,http://statistics.data.gov.uk/id/local-authority/32UC,Property,Telephones,25/06/2024,30034573,50.34 ,Multidata
East Lindsey District Council,http://statistics.data.gov.uk/id/local-authority/32UC,Property,Works to Buildings (Main Contractor),25/06/2024,30035027,"1,746.00 ",Carousel Waste & Recycling LTD
East Lindsey District Council,http://statistics.data.gov.uk/id/local-authority/32UC,Public Protection,Professional and Contractors Fees,25/06/2024,30034573,119.85 ,Multidata
East Lindsey District Council,http://statistics.data.gov.uk/id/local-authority/32UC,Service Manager - Affordable & Accessible Homes-Housing,Works to Buildings (Main Contractor),25/06/2024,30034987,"5,042.00 ",Obam Stairlifts
East Lindsey District Council,http://statistics.data.gov.uk/id/local-authority/32UC,Service Manager - Affordable & Accessible Homes-Housing,Works to Buildings (Main Contractor),25/06/2024,30035023,"7,055.58 ",Denniss and Marwood Ltd
East Lindsey District Council,http://statistics.data.gov.uk/id/local-authority/32UC,Service Manager - Affordable & Accessible Homes-Housing,Works to Buildings (Main Contractor),25/06/2024,30035024,"7,602.04 ",Andrew Wrisdale Building Contractor
East Lindsey District Council,http://statistics.data.gov.uk/id/local-authority/32UC,Service Manager - Affordable & Accessible Homes-Housing,Works to Buildings (Main Contractor),25/06/2024,30035025,"6,471.70 ",Kes Building
East Lindsey District Council,http://statistics.data.gov.uk/id/local-authority/32UC,Service Manager - Affordable & Accessible Homes-Housing,Works to Buildings (Main Contractor),25/06/2024,30035026,"5,348.00 ",Dolphin Mobility
East Lindsey District Council,http://statistics.data.gov.uk/id/local-authority/32UC,Service Manager - Affordable & Accessible Homes-Housing,Works to Buildings (Main Contractor),25/06/2024,30035029,"3,372.08 ",Lincolnshire Bathrooms and Wetrooms
East Lindsey District Council,http://statistics.data.gov.uk/id/local-authority/32UC,Waste,Agency Staff,25/06/2024,30035013,"3,573.00 ",Red Rock Partnership Ltd
East Lindsey District Council,http://statistics.data.gov.uk/id/local-authority/32UC,Waste,Agency Staff,25/06/2024,30035014,"1,627.39 ",Red Rock Partnership Ltd
East Lindsey District Council,http://statistics.data.gov.uk/id/local-authority/32UC,Waste,Computer Hardware Maintenance,25/06/2024,30034573,119.85 ,Multidata
East Lindsey District Council,http://statistics.data.gov.uk/id/local-authority/32UC,Waste,External Printing and Design Costs,25/06/2024,30034851,395.01 ,Systematic Print Management Ltd
East Lindsey District Council,http://statistics.data.gov.uk/id/local-authority/32UC,Waste,Fuel and Oil,25/06/2024,30034527,"6,204.84 ",Allstar Business Solutions Ltd
East Lindsey District Council,http://statistics.data.gov.uk/id/local-authority/32UC,Waste,Fuel and Oil,25/06/2024,30034829,680.00 ,Sharmans of Louth
East Lindsey District Council,http://statistics.data.gov.uk/id/local-authority/32UC,Waste,Internet Broadband Payments,25/06/2024,30034573,81.99 ,Multidata
East Lindsey District Council,http://statistics.data.gov.uk/id/local-authority/32UC,Waste,Materials and Consumables,25/06/2024,30034999,400.00 ,ESE Ltd
East Lindsey District Council,http://statistics.data.gov.uk/id/local-authority/32UC,Waste,Other Private Contractors,25/06/2024,30034723,262.24 ,Glass Recycling UK Ltd
East Lindsey District Council,http://statistics.data.gov.uk/id/local-authority/32UC,Waste,Telephones,25/06/2024,30034573,50.34 ,Multidata
East Lindsey District Council,http://statistics.data.gov.uk/id/local-authority/32UC,Waste,Workshop Parts,25/06/2024,30034498,302.81 ,Dennis Eagle Ltd
East Lindsey District Council,http://statistics.data.gov.uk/id/local-authority/32UC,Waste,Workshop Parts,25/06/2024,30034499,233.01 ,Dennis Eagle Ltd
East Lindsey District Council,http://statistics.data.gov.uk/id/local-authority/32UC,Waste,Workshop Parts,25/06/2024,30034522,503.71 ,Tjs Self Drive
East Lindsey District Council,http://statistics.data.gov.uk/id/local-authority/32UC,AD Capital - Regulation,Subscriptions to Organisations and Other Bodies,27/06/2024,30035220,"1,639.34 ",South Holland District Council
East Lindsey District Council,http://statistics.data.gov.uk/id/local-authority/32UC,AD Capital - Strategic Projects,Professional and Contractors Fees,27/06/2024,30035087,"2,905.00 ",The Oyster Partnership Ltd
East Lindsey District Council,http://statistics.data.gov.uk/id/local-authority/32UC,AD Capital - Strategic Projects,Professional and Contractors Fees,27/06/2024,30035228,"2,905.00 ",The Oyster Partnership Ltd
East Lindsey District Council,http://statistics.data.gov.uk/id/local-authority/32UC,AD Capital - Strategic Projects,Works to Buildings (Sub Contractors),27/06/2024,30035015,"2,775.00 ",GRS Signs Ltd
East Lindsey District Council,http://statistics.data.gov.uk/id/local-authority/32UC,AD Economic Growth,Professional Fees,27/06/2024,30035148,"3,800.00 ",Focus Consultants 2010 LLP
East Lindsey District Council,http://statistics.data.gov.uk/id/local-authority/32UC,AD Housing & Wellbeing,Furniture and Equipment,27/06/2024,30034518,341.45 ,Solon Security Limited
East Lindsey District Council,http://statistics.data.gov.uk/id/local-authority/32UC,AD Housing & Wellbeing,Grants and Contributions to Outside Bodies - No Service Received,27/06/2024,30035130,"25,000.00 ",Lincolnshire Community Foundation
East Lindsey District Council,http://statistics.data.gov.uk/id/local-authority/32UC,AD Housing & Wellbeing,Water and Sewerage Charges,27/06/2024,30034662,499.59 ,Anglian Water
East Lindsey District Council,http://statistics.data.gov.uk/id/local-authority/32UC,AD Leisure & Culture,Buildings Maintenance - Programmed,27/06/2024,30035232,861.83 ,Evoqua Water Technologies Ltd
East Lindsey District Council,http://statistics.data.gov.uk/id/local-authority/32UC,AD Leisure & Culture,Buildings Maintenance - Responsive,27/06/2024,30035154,318.05 ,TVF UK Limited
East Lindsey District Council,http://statistics.data.gov.uk/id/local-authority/32UC,Building Control,Subscriptions to Organisations and Other Bodies,27/06/2024,30035220,819.67 ,South Holland District Council
East Lindsey District Council,http://statistics.data.gov.uk/id/local-authority/32UC,Development Control,Planning Application Fees,27/06/2024,30035133,258.00 ,Portal Plan Quest Ltd
East Lindsey District Council,http://statistics.data.gov.uk/id/local-authority/32UC,Economic Growth Project Manager,Professional Fees,27/06/2024,30035148,"3,800.00 ",Focus Consultants 2010 LLP
East Lindsey District Council,http://statistics.data.gov.uk/id/local-authority/32UC,Economic Growth Service Manager (Place),Other Miscellaneous Expenses,27/06/2024,30034425,812.50 ,“Personal Information Redacted”
East Lindsey District Council,http://statistics.data.gov.uk/id/local-authority/32UC,Environmental Health,Professional and Contractors Fees,27/06/2024,30034706,"1,554.30 ",Ark Givendale Ltd
East Lindsey District Council,http://statistics.data.gov.uk/id/local-authority/32UC,Healthy Living Services Manager,Grants and Contributions to Outside Bodies - No Service Received,27/06/2024,30035130,"25,000.00 ",Lincolnshire Community Foundation
East Lindsey District Council,http://statistics.data.gov.uk/id/local-authority/32UC,Housing & Homelessness,Furniture and Equipment,27/06/2024,30034518,341.45 ,Solon Security Limited
East Lindsey District Council,http://statistics.data.gov.uk/id/local-authority/32UC,Housing & Homelessness,Water and Sewerage Charges,27/06/2024,30034662,499.59 ,Anglian Water
East Lindsey District Council,http://statistics.data.gov.uk/id/local-authority/32UC,Neighbourhoods,Agency Staff,27/06/2024,30035227,"4,023.63 ",The Workshop (Wisbech) Ltd
East Lindsey District Council,http://statistics.data.gov.uk/id/local-authority/32UC,Neighbourhoods,Clothing Uniforms And Laundry,27/06/2024,30034116,"1,010.50 ",SMI Int Group
East Lindsey District Council,http://statistics.data.gov.uk/id/local-authority/32UC,Neighbourhoods,Professional and Contractors Fees,27/06/2024,30034483,282.60 ,Asbestos Compliance Management Services Ltd
East Lindsey District Council,http://statistics.data.gov.uk/id/local-authority/32UC,Neighbourhoods,Vehicle Hire,27/06/2024,30034539,999.96 ,Dack Motor Group
East Lindsey District Council,http://statistics.data.gov.uk/id/local-authority/32UC,"Performance, Governance & Commissioning",Agency Staff,27/06/2024,30035219,444.00 ,The One Group
East Lindsey District Council,http://statistics.data.gov.uk/id/local-authority/32UC,"Performance, Governance & Commissioning",External Printing and Design Costs,27/06/2024,30034845,300.38 ,Civica Election Services
East Lindsey District Council,http://statistics.data.gov.uk/id/local-authority/32UC,"Performance, Governance & Commissioning",Postages,27/06/2024,30034845,434.90 ,Civica Election Services
East Lindsey District Council,http://statistics.data.gov.uk/id/local-authority/32UC,Property,Buildings Maintenance - Responsive,27/06/2024,30034568,"1,090.00 ",Senator Group
East Lindsey District Council,http://statistics.data.gov.uk/id/local-authority/32UC,Property,Buildings Maintenance - Responsive,27/06/2024,30034795,484.80 ,MKM Building Supplies Holdings Limited
East Lindsey District Council,http://statistics.data.gov.uk/id/local-authority/32UC,Property,Clothing Uniforms And Laundry,27/06/2024,30034515,578.70 ,Keltic Clothing
East Lindsey District Council,http://statistics.data.gov.uk/id/local-authority/32UC,Property,Materials and Consumables,27/06/2024,30034667,227.50 ,Huws Gray Buildbase
East Lindsey District Council,http://statistics.data.gov.uk/id/local-authority/32UC,Property,Other Miscellaneous Expenses,27/06/2024,30034515,9.95 ,Keltic Clothing
East Lindsey District Council,http://statistics.data.gov.uk/id/local-authority/32UC,Property,Professional and Contractors Fees,27/06/2024,30035137,"2,000.00 ",Eddisons Commercial Ltd
East Lindsey District Council,http://statistics.data.gov.uk/id/local-authority/32UC,Property,Works to Buildings (Main Contractor),27/06/2024,30035139,626.71 ,The Workshop (Wisbech) Ltd
East Lindsey District Council,http://statistics.data.gov.uk/id/local-authority/32UC,Public Protection,Other Miscellaneous Expenses,27/06/2024,30034501,300.00 ,BT Redcare
East Lindsey District Council,http://statistics.data.gov.uk/id/local-authority/32UC,Service Manager - Affordable & Accessible Homes-Housing,Works to Buildings (Main Contractor),27/06/2024,30035156,528.00 ,Andrew Wrisdale Building Contractor
East Lindsey District Council,http://statistics.data.gov.uk/id/local-authority/32UC,Service Manager - Affordable & Accessible Homes-Housing,Works to Buildings (Main Contractor),27/06/2024,30035230,"7,211.81 ",Baptist Building and Roofing Co Ltd
East Lindsey District Council,http://statistics.data.gov.uk/id/local-authority/32UC,Service Manager - Affordable & Accessible Homes-Housing,Works to Buildings (Main Contractor),27/06/2024,30035231,"7,798.36 ",Dave Howard Building and Joinery Serv
East Lindsey District Council,http://statistics.data.gov.uk/id/local-authority/32UC,Waste,Workshop Parts,27/06/2024,30034540,518.83 ,Dennis Eagle Ltd
