Payment Date, Description ,Gross Amount, Supplier Name 
27-Jul-23, S/W Licences ,"£2,726,982.46",Insight Direct (UK) Ltd
20-Jul-23, Payments to Other Police Authorities ,"£2,442,324.49",GMCA (PCC for Greater Manchester)
13-Jul-23, Comp. Operations ,"£1,293,378.11",Niche Technology UK Limited
13-Jul-23, Capital Asset Clearing A/c Building ,"£1,057,103.99",ISG Construction Ltd
13-Jul-23, Payments to Other Police Authorities ,"£994,207.19",Police and Crime Commissioner For Lancashire
20-Jul-23, Payment for Services ,"£663,475.82",Hardstaff Barriers A Division of Hill & Smith Limited
13-Jul-23, Comp. Operations ,"£480,000.00",Nice Systems UK Limited
13-Jul-23, Electricity General Tariffs ,"£465,028.30",EDF Energy Customers Limited
27-Jul-23, Services & Legal Expenses ,"£221,118.00",Crea8ing Community t/a Crea8ing Careers
25-Jul-23, AirWave Communications ,"£187,885.34",Airwave ASL
06-Jul-23, Payment for Services ,"£150,000.00",Everton in the Community
13-Jul-23, Payments to Other Police Authorities ,"£147,967.42",Police and Crime Commissioner For Cheshire
27-Jul-23, Consultants Fees ,"£144,194.84",Mitie Care and Custody Ltd
13-Jul-23, Building Programmed Maintenance ,"£100,632.68",Anthony Dever Construction Limited
13-Jul-23, General Subscriptions ,"£96,000.00",Redacted
27-Jul-23, Gas General Tariffs ,"£95,577.50",TotalEnergies Gas & Power Limited
27-Jul-23, Support Staff-Temporary Staff Wages ,"£74,641.64",Adecco UK Limited
06-Jul-23, Services & Legal Expenses ,"£71,000.00",St Helens MBC
27-Jul-23, Support Staff-Temporary Staff Wages ,"£69,699.77",Adecco UK Limited
27-Jul-23, Support Staff-Temporary Staff Wages ,"£69,537.23",Adecco UK Limited
27-Jul-23, Services & Legal Expenses ,"£65,000.00",Redacted
13-Jul-23, Support Staff-Temporary Staff Wages ,"£63,433.33",Adecco UK Limited
13-Jul-23, Firearms ,"£62,052.00",Redacted
27-Jul-23, Support Staff-Temporary Staff Wages ,"£61,234.43",Adecco UK Limited
27-Jul-23, Water & Sewerage Rates ,"£54,818.37",Water Plus Limited
27-Jul-23, Forensic Fees - General ,"£49,000.56",Siemens Financial Services Ltd
06-Jul-23, Outsourced Contractors ,"£47,941.50",Softcat Plc
20-Jul-23, Payments to Other Police Authorities ,"£46,236.65",Police and Crime Commissioner For Cheshire
13-Jul-23, Building Quoted Works ,"£43,009.80",Pure Audio Visual Limited
06-Jul-23, Payment for Services ,"£42,342.00",Think Fast Academy CIC
20-Jul-23, Payment for Services ,"£42,000.00",St Helens MBC
06-Jul-23, Payment for Services ,"£41,654.00",Parents Against Child Exploitation PACE
27-Jul-23, Capital Asset Clearing A/c Intangibles ,"£40,800.00",Bluestar Software Ltd
06-Jul-23, Payment for Services ,"£40,500.00",Chorus Intelligence Limited
20-Jul-23, Equipment Purchases ,"£40,427.69",Tuskerdirect Limited
27-Jul-23, Miscellaneous Expenses ,"£39,494.52",Agiito Ltd
06-Jul-23, Payment for Services ,"£39,109.00",Knowsley Borough Council
13-Jul-23, Outsourced Contractors ,"£38,777.35",Kier Business Services Limited
27-Jul-23, Payment for Services ,"£35,876.49",Venus Working Creatively with Young Women
20-Jul-23, Payments to Other Police Authorities ,"£35,280.04",Police and Crime Commissioner For Cumbria
27-Jul-23, Payment for Services ,"£35,000.00",Parenting 2000
20-Jul-23, Capital Asset Clearing A/C Plant & Equipment ,"£34,549.20",Dell Corporation Ltd
20-Jul-23, Capital Asset Clearing A/C Plant & Equipment ,"£34,549.20",Dell Corporation Ltd
20-Jul-23, Capital Asset Clearing A/C Plant & Equipment ,"£34,549.20",Dell Corporation Ltd
20-Jul-23, Capital Asset Clearing A/C Plant & Equipment ,"£34,549.20",Dell Corporation Ltd
27-Jul-23, Payment for Services ,"£31,968.40",Liverpool County FA
13-Jul-23, Miscellaneous Contributions ,"£29,764.86",Mayor`s Office for Policing and Crime (MOPC)
13-Jul-23, Forensic Fees - General ,"£28,466.28",Orchid Cellmark Ltd
13-Jul-23, Payment for Services ,"£28,200.00",Birkenhead Park Football Club
13-Jul-23, General Subscriptions ,"£28,157.76",PS Administration Ltd (T/A XPS Administration)
20-Jul-23, General Subscriptions ,"£27,860.00",PS Administration Ltd (T/A XPS Administration)
27-Jul-23, Telecommunications ,"£27,816.00",BT Global Services Solutions
20-Jul-23, Forensic Fees - General ,"£27,057.60",Redacted
06-Jul-23, Payments to Other Police Authorities ,"£26,107.90",Police and Crime Commissioner For Cheshire
27-Jul-23, Services & Legal Expenses ,"£25,000.00",Merseyside Youth Association Ltd
20-Jul-23, Capital Asset Clearing A/c Intangibles ,"£23,790.00",Bluestar Software Ltd
27-Jul-23, Miscellaneous Expenses ,"£23,434.98",Agiito Ltd
20-Jul-23, Uniform and Clothing ,"£23,349.74",Cooneen At Work Limited
27-Jul-23, Mobile Data Costs ,"£22,669.22",EE Ltd (Airtime)
13-Jul-23, Miscellaneous Expenses ,"£22,265.32",Redacted
20-Jul-23, Capital Asset Clearing A/c Intangibles ,"£19,780.02",Simpson Associates Information Services Ltd
20-Jul-23, Training Course Fees ,"£19,633.80",College of Policing Limited
06-Jul-23, H/W Purchases ,"£19,518.00",Pure Audio Visual Limited
20-Jul-23, Ex Gratia Payments ,"£19,500.00",Redacted
05-Jul-23, Direct Transport Costs ,"£19,345.41",Allstar
26-Jul-23, Direct Transport Costs ,"£19,077.90",Allstar
13-Jul-23, Payment for Services ,"£18,175.00",Rydal Education Programme CIC
12-Jul-23, Direct Transport Costs ,"£17,859.53",Allstar
20-Jul-23, Rents ,"£17,458.58",Merseyside Police Federation
27-Jul-23, Miscellaneous Expenses ,"£17,261.77",Agiito Ltd
06-Jul-23, Forensic Fees - General ,"£17,049.79",Redacted
06-Jul-23, Services & Legal Expenses ,"£17,000.00",The Cyrenians Ltd T/A Changing Lives
20-Jul-23, Kennelling External Dogs ,"£16,914.48",Redacted
20-Jul-23, Capital Asset Clearing A/c Building ,"£16,650.40",Mace Limited
19-Jul-23, Direct Transport Costs ,"£16,261.72",Allstar
06-Jul-23, Kennelling External Dogs ,"£16,235.04",Redacted
27-Jul-23, Payment for Services ,"£16,170.00",Redacted
13-Jul-23, Services & Legal Expenses ,"£16,000.00",Redacted
20-Jul-23, Comp. Operations ,"£15,570.60",Restore Technology Limited T/A Euro Recycling
06-Jul-23, Consultants Fees ,"£15,180.00",HKS IT Consultants Ltd
13-Jul-23, Forensic Fees - General ,"£14,678.40",Eurofins Forensic Services Ltd
20-Jul-23, Vehicle Costs ,"£14,640.59",Halliwell Jones Ltd
06-Jul-23, Building Programmed Maintenance ,"£14,244.73",Greenmount Projects Limited
06-Jul-23, S/W Licences ,"£14,125.33",Insight Direct (UK) Ltd
20-Jul-23, Vehicle Police Equipment ,"£13,766.40",Redacted
27-Jul-23, Vehicle Costs ,"£13,232.86",BMC Mechanical LTD
13-Jul-23, Forensic Fees - General ,"£13,062.00",Orchid Cellmark Ltd
27-Jul-23, S/W Licences ,"£13,050.00",Micro Systemation Ltd
06-Jul-23, Catering Service ,"£13,017.60",BlueRunner Solutions
13-Jul-23, Forensic Fees - General ,"£12,963.60",Orchid Cellmark Ltd
20-Jul-23, General Subscriptions ,"£12,960.00",GB Group Plc
20-Jul-23, Water & Sewerage Rates ,"£12,955.46",Water Plus Limited
06-Jul-23, Capital Asset Clearing A/c Vehicles ,"£12,824.65",Vauxhall Motors Ltd
06-Jul-23, Capital Asset Clearing A/c Vehicles ,"£12,824.65",Vauxhall Motors Ltd
27-Jul-23, Services & Legal Expenses ,"£12,595.19",Bruntwood Estates Limited
20-Jul-23, Comp. Operations ,"£12,508.86",Ivanti UK Ltd
06-Jul-23, Forensic Fees - General ,"£12,457.44",Orchid Cellmark Ltd
06-Jul-23, Rates ,"£12,083.00",St Helens MBC
20-Jul-23, Services & Legal Expenses ,"£12,000.00",Redacted
13-Jul-23, Consultants Fees ,"£11,880.00",Solus Management Limited
27-Jul-23, Vehicle Repairs ,"£11,841.84",Freight Transport Association Ltd
06-Jul-23, Diesel ,"£11,827.08",Standard Fuel Oils Limited
20-Jul-23, Call Charges ,"£11,802.00",Ivanti UK Ltd
27-Jul-23, Board N.I. ,"£11,634.43",HM Revenue and Customs2
27-Jul-23, Rates ,"£11,162.00",Warrington Borough Council
27-Jul-23, Mobile Data Costs ,"£11,109.83",EE Ltd (Airtime)
13-Jul-23, Technical Equipment ,"£10,932.00",Redacted
20-Jul-23, Diesel ,"£10,705.92",Standard Fuel Oils Limited
27-Jul-23, Service Charges ,"£10,614.00",Coggin Sustainable Office Solutions Limited
27-Jul-23, Diesel ,"£10,589.76",Standard Fuel Oils Limited
06-Jul-23, Service Charges ,"£10,260.79",BAM FM Ltd
13-Jul-23, Service Charges ,"£10,260.79",BAM FM Ltd
27-Jul-23, Vehicle Costs ,"£10,219.34",BMC Mechanical LTD
13-Jul-23, Services & Legal Expenses ,"£10,000.00",Redacted
13-Jul-23, Removal of Police Vehicles ,"£9,834.00",Automobile Association Developments Limited
13-Jul-23, Services & Legal Expenses ,"£9,827.40",Redacted
06-Jul-23, Outsourced Contractors ,"£9,600.00",Redacted
13-Jul-23, Forensic Fees - General ,"£9,451.20",Eurofins Forensic Services Ltd
27-Jul-23, Telecommunications ,"£9,432.00",BT Global Services Solutions
27-Jul-23, Diesel ,"£9,282.84",Standard Fuel Oils Limited
06-Jul-23, Payment for Services ,"£9,159.84",Access Bookings Limited
20-Jul-23, Equipment Purchases ,"£9,127.14",Tuskerdirect Limited
13-Jul-23, Vehicle Repairs ,"£9,064.74",Peoples Liverpool Limited
06-Jul-23, Diesel ,"£9,020.76",Standard Fuel Oils Limited
13-Jul-23, Water & Sewerage Rates ,"£9,006.09",Leep Utilities Services Ltd
27-Jul-23, Services & Legal Expenses ,"£9,000.00",Redacted
20-Jul-23, Diesel ,"£8,944.80",Standard Fuel Oils Limited
27-Jul-23, Forensic Fees - General ,"£8,935.92",Orchid Cellmark Ltd
20-Jul-23, Services & Legal Expenses ,"£8,930.82",Redacted
06-Jul-23, Other Public Bodies ,"£8,911.20",Lion Laboratories PLC
13-Jul-23, Vehicle Repairs ,"£8,770.09",Peoples Liverpool Limited
20-Jul-23, Support Staff-Temporary Staff Wages ,"£8,638.98",Reed Specialist Recruitment Ltd
13-Jul-23, Diesel ,"£8,590.14",Standard Fuel Oils Limited
17-Jul-23, Services and Legal Expenses ,"£8,588.00",HM Courts & Tribunals Service
13-Jul-23, Diesel ,"£8,336.40",Standard Fuel Oils Limited
27-Jul-23, Rates ,"£8,294.00",Wirral MBC
27-Jul-23, Support Staff-Temporary Staff Wages ,"£8,100.00",Medlock Partners Limited t/a Medlock Partners
13-Jul-23, Forensic Fees - General ,"£7,930.80",Redacted
12-Jul-23, Other Expenses ,"£7,922.91",Redacted
27-Jul-23, Payment for Services ,"£7,833.90",UKAS
27-Jul-23, Rates ,"£7,680.00",Wirral MBC
13-Jul-23, Uniform and Clothing ,"£7,606.80",ilasco Ltd (Keela International Ltd)
31-Jul-23, Services and Legal Expenses ,"£7,593.15",Commercial Card
20-Jul-23, Diesel ,"£7,360.32",Standard Fuel Oils Limited
27-Jul-23, Rates ,"£7,270.00",Wirral MBC
20-Jul-23, Water & Sewerage Rates ,"£7,269.66",Water Plus Limited
20-Jul-23, Electricity General Tariffs ,"£7,231.20",EDF Energy Customer Field Services
12-Jul-23, Miscellaneous Expenses ,"£7,188.18",Redacted
06-Jul-23, Rates ,"£7,168.00",St Helens MBC
20-Jul-23, Payment for Services ,"£7,167.12",Tullett Prebon Limited
13-Jul-23, Electricity General Tariffs ,"£7,057.20",Leep Electricity Services Ltd
06-Jul-23, Technical Equipment ,"£7,028.60",Redacted
20-Jul-23, Uniform and Clothing ,"£6,985.80",Cooneen Defence Limited
20-Jul-23, Uniform and Clothing ,"£6,966.00",John Roberts Associates Ltd
27-Jul-23, Forensic Fees - General ,"£6,909.00",Orchid Cellmark Ltd
20-Jul-23, Service Charges ,"£6,856.80",City Transport & Storage Ltd
13-Jul-23, Purchase of Horses ,"£6,843.00",Village Saddlery (Yalcraft)
20-Jul-23, Diesel ,"£6,691.20",Standard Fuel Oils Limited
20-Jul-23, Vehicle Costs ,"£6,672.72",Halliwell Jones Ltd
27-Jul-23, Diesel ,"£6,618.60",Standard Fuel Oils Limited
13-Jul-23, Vehicle Costs ,"£6,609.23",R2U Limited (Accident Repair Centre)
13-Jul-23, Diesel ,"£6,609.12",Standard Fuel Oils Limited
13-Jul-23, Payment for Services ,"£6,530.00",Mode Training Ltd
27-Jul-23, Payment for Services ,"£6,480.00",New Horizons Enrichment and Education
20-Jul-23, Forensic Fees - General ,"£6,456.96",Eurofins Forensic Services Ltd
20-Jul-23, Vehicle Costs ,"£6,454.18",PJ Automotive Ltd
13-Jul-23, Forensic Fees - General ,"£6,408.00",Orchid Cellmark Ltd
06-Jul-23, Rates ,"£6,400.00",Sefton MBC (Rates Account) 
13-Jul-23, Equipment for prisoners ,"£6,134.40",Charles Fellows Supplies Ltd
06-Jul-23, Specialist Advice ,"£6,120.00",Acume Forensics Ltd
13-Jul-23, Forensic Fees - General ,"£6,114.60",Orchid Cellmark Ltd
27-Jul-23, Comp. Operations ,"£6,051.60",Cisilion Limited
06-Jul-23, Training Course Fees ,"£5,900.00",Durham Constabulary
06-Jul-23, Forensic Fees - General ,"£5,808.13",Softcat Plc
20-Jul-23, Vehicle Licenses ,"£5,639.00",Driver and Vehicle Licensing Agency
13-Jul-23, Comp. Operations ,"£5,534.53",Softcat Plc
13-Jul-23, Training Course Fees ,"£5,500.00",Police & Crime Commissioner for Suffolk
20-Jul-23, Horticultural Maintenance ,"£5,456.10",Countrywide Grounds Maintenance Ltd
27-Jul-23, Forensic Fees - General ,"£5,379.60",Orchid Cellmark Ltd
13-Jul-23, Vehicle Costs ,"£5,210.31",A P Fleet Services Ltd
06-Jul-23, Forensic Fees - General ,"£5,207.40",DTec International Ltd
06-Jul-23, Forensic Fees - General ,"£5,207.40",DTec International Ltd
20-Jul-23, Uniform and Clothing ,"£5,174.40",CW Headdress Ltd
20-Jul-23, Forensic Fees - General ,"£5,127.38",Eurofins Forensic Services Ltd
06-Jul-23, Rentals & Maintenance ,"£5,115.48",Redacted
27-Jul-23, Capital Asset Clearing A/c Intangibles ,"£5,100.00",Bluestar Software Ltd
13-Jul-23, Vehicle Repairs ,"£5,093.90",Halliwell Jones Ltd
13-Jul-23, Forensic Fees - General ,"£5,040.00",Orchid Cellmark Ltd
27-Jul-23, Vehicle Costs ,"£5,004.90",PJ Automotive Ltd
27-Jul-23, Forensic Fees - General ,"£5,003.59",Orchid Cellmark Ltd
13-Jul-23, Services & Legal Expenses ,"£5,000.00",AurTistic
13-Jul-23, Services & Legal Expenses ,"£5,000.00",Kids Activities and Bootcamp (Kabs)
20-Jul-23, Services & Legal Expenses ,"£5,000.00",Activate Body and Mind Community Activities CIC
20-Jul-23, Services & Legal Expenses ,"£5,000.00",Evolving Mindset
20-Jul-23, Services & Legal Expenses ,"£5,000.00",Young Person's Advisory Service (YPAS)
06-Jul-23, Rates ,"£4,992.00",Sefton MBC (Rates Account) 
27-Jul-23, Rates ,"£4,941.00",Knowsley MBC
20-Jul-23, Support Staff-Temporary Staff Wages ,"£4,908.23",Reed Specialist Recruitment Ltd
20-Jul-23, Payment for Services ,"£4,904.11",ICAP Securities Ltd
13-Jul-23, Operational Equipment ,"£4,865.12",Redacted
13-Jul-23, Vehicle Repairs ,"£4,854.00",Peoples Liverpool Limited
20-Jul-23, Vehicle Repairs ,"£4,825.58",Swansway Garages Ltd t/a Swansway Chester Peugeot
27-Jul-23, Forensic Fees - General ,"£4,805.69",Merck Life Science Ltd
27-Jul-23, Services & Legal Expenses ,"£4,800.00",Redacted
13-Jul-23, Operational Equipment ,"£4,782.72",Michael Lupton Associates Limited
17-Jul-23, Services and Legal Expenses ,"£4,746.00",HM Courts & Tribunals Service
06-Jul-23, Service Charges ,"£4,738.80",Redacted
27-Jul-23, Rates ,"£4,685.00",Wirral MBC
06-Jul-23, Payment for Services ,"£4,644.00",Redacted
27-Jul-23, Vehicle Repairs ,"£4,623.59",Peoples Liverpool Limited
20-Jul-23, Training Course Fees ,"£4,599.00",Skills For Justice Awards Ltd
20-Jul-23, Uniform and Clothing ,"£4,596.48",Try & Lilly Ltd
27-Jul-23, Vehicle Costs ,"£4,588.94",PJ Automotive Ltd
06-Jul-23, Rates ,"£4,509.00",Sefton MBC (Rates Account) 
11-Jul-23, Public Transport and Allowance ,"£4,500.00",MerseyTravel
06-Jul-23, Payment for Services ,"£4,486.34",Organisation Development Limited
06-Jul-23, Payments to Other Police Authorities ,"£4,436.64",West Yorkshire Combined Authority (WYCA)
06-Jul-23, Postages ,"£4,432.12",Royal Mail Group Limited t/a Royal Mail
06-Jul-23, Horticultural Maintenance ,"£4,352.60",Countrywide Grounds Maintenance Ltd
06-Jul-23, Horticultural Maintenance ,"£4,352.60",Countrywide Grounds Maintenance Ltd
20-Jul-23, Payment for Services ,"£4,320.00",Abbott Toxicology Ltd
27-Jul-23, Rates ,"£4,224.00",Knowsley MBC
06-Jul-23, Services & Legal Expenses ,"£4,216.67",Collaborate Digital Ltd
20-Jul-23, Training Course Fees ,"£4,200.00",Redacted
27-Jul-23, Vehicle Repairs ,"£4,178.90",Peoples Liverpool Limited
20-Jul-23, Training Course Fees ,"£4,162.03",Redacted
27-Jul-23, Vehicle Costs ,"£4,144.42",BMC Mechanical LTD
13-Jul-23, Electricity General Tariffs ,"£4,131.62",Leep Electricity Services Ltd
27-Jul-23, Electricity General Tariffs ,"£4,103.56",Leep Electricity Services Ltd
06-Jul-23, Vehicle Costs ,"£4,057.24",Halliwell Jones Ltd
27-Jul-23, Support Staff-Temporary Staff Wages ,"£4,050.00",OH Medical Recruitment Ltd
27-Jul-23, Support Staff-Temporary Staff Wages ,"£4,050.00",OH Medical Recruitment Ltd
27-Jul-23, Support Staff-Temporary Staff Wages ,"£4,050.00",OH Medical Recruitment Ltd
27-Jul-23, Medical Fees ,"£4,050.00",OH Medical Recruitment Ltd
06-Jul-23, Event Costs ,"£4,031.51",Jockey Club Racecourses Limited
27-Jul-23, Services & Legal Expenses ,"£4,000.00",Redacted
06-Jul-23, Rates ,"£3,890.00",Sefton MBC (Rates Account) 
13-Jul-23, Payment for Services ,"£3,770.42",Warwick University Training Limited
06-Jul-23, Operational Equipment ,"£3,753.00",Redacted
27-Jul-23, Payment for Services ,"£3,744.00",UKAS
06-Jul-23, Vehicle Repairs ,"£3,722.66",Rybrook Cars Ltd ( Chester)
06-Jul-23, Catering Service ,"£3,718.02",BFS Group Limited t/a Bidvest Foodservice
06-Jul-23, Uniform and Clothing ,"£3,696.00",Safariland UK Ltd.
27-Jul-23, Rates ,"£3,686.00",Knowsley MBC
13-Jul-23, Furniture Purchases ,"£3,642.00",Manutan
20-Jul-23, Operational Equipment ,"£3,636.48",Michael Lupton Associates Limited
20-Jul-23, Prisoner Meals ,"£3,616.72",BFS Group Limited t/a Bidvest Foodservice
13-Jul-23, Training Course Fees ,"£3,600.00",Redacted
27-Jul-23, Rents ,"£3,600.00",Maghull Town Council
27-Jul-23, Data Network ,"£3,591.55",Vodafone Ltd (Formerly Cable & Wireless)
13-Jul-23, Equipment for prisoners ,"£3,578.40",Charles Fellows Supplies Ltd
27-Jul-23, Training Course Fees ,"£3,519.00",College of Policing Limited
06-Jul-23, Payment for Services ,"£3,460.00",Skills For Justice Awards Ltd
20-Jul-23, Service Charges ,"£3,456.00",City Transport & Storage Ltd
06-Jul-23, Vehicle Costs ,"£3,437.32",R2U Limited (Accident Repair Centre)
13-Jul-23, Data Network ,"£3,418.06",Softcat Plc
06-Jul-23, Forensic Fees - General ,"£3,399.60",Orchid Cellmark Ltd
13-Jul-23, Tyres & Tubes ,"£3,348.00",ATS Euromaster Limited
13-Jul-23, Payment for Services ,"£3,320.00",Police and Crime Commissioner For Cheshire
20-Jul-23, Building Maintenance Contracts ,"£3,318.00",CTech Europe T/A Rovert Equip Co
13-Jul-23, Vehicle Police Equipment ,"£3,307.20",Redacted
13-Jul-23, Diesel ,"£3,303.90",Standard Fuel Oils Limited
20-Jul-23, Forensic Fees - General ,"£3,294.00",Orchid Cellmark Ltd
06-Jul-23, Diesel ,"£3,285.30",Standard Fuel Oils Limited
20-Jul-23, Payment for Services ,"£3,240.00",Abbott Toxicology Ltd
06-Jul-23, Vehicle Licenses ,"£3,220.00",Driver and Vehicle Licensing Agency
20-Jul-23, Uniform and Clothing ,"£3,201.24",Cooneen Defence Limited
27-Jul-23, Forensic Fees - General ,"£3,184.20",Orchid Cellmark Ltd
13-Jul-23, Building Reactive Maintenance ,"£3,167.24",Graham Asset Management Ltd
06-Jul-23, Services & Legal Expenses ,"£3,166.67",Collaborate Digital Ltd
13-Jul-23, Breathalyzers ,"£3,156.00",Redacted
20-Jul-23, Mobile Data Costs ,"£3,152.40",Telefonica UK Limited (O2) 
06-Jul-23, Training Course Fees ,"£3,120.00",CJS Event Solutions
06-Jul-23, Support Staff-Temporary Staff Wages ,"£3,112.20",Michael Page International Recruitment Limited
13-Jul-23, Support Staff-Temporary Staff Wages ,"£3,112.20",Michael Page International Recruitment Limited
13-Jul-23, Support Staff-Temporary Staff Wages ,"£3,112.20",Michael Page International Recruitment Limited
20-Jul-23, Support Staff-Temporary Staff Wages ,"£3,112.20",Michael Page International Recruitment Limited
06-Jul-23, Pathologists Fees ,"£3,016.03",Redacted
06-Jul-23, Pathologists Fees ,"£3,016.03",Redacted
06-Jul-23, Pathologists Fees ,"£3,016.03",Redacted
06-Jul-23, Pathologists Fees ,"£3,009.58",Redacted
06-Jul-23, Pathologists Fees ,"£3,009.58",Redacted
06-Jul-23, Pathologists Fees ,"£3,009.58",Redacted
20-Jul-23, Pathologists Fees ,"£3,009.58",Redacted
20-Jul-23, Pathologists Fees ,"£3,009.58",Redacted
06-Jul-23, Electrical Reactive Maintenance ,"£3,000.96",BAM FM Ltd
13-Jul-23, Services & Legal Expenses ,"£3,000.00",Stop Hate UK
20-Jul-23, Comp. Operations ,"£2,979.46",Cell Tech Innovations
06-Jul-23, Rates ,"£2,977.00",Sefton MBC (Rates Account) 
27-Jul-23, Support Staff-Temporary Staff Wages ,"£2,962.20",Michael Page International Recruitment Limited
13-Jul-23, Training Course Fees ,"£2,900.00",GMCA (PCC for Greater Manchester)
13-Jul-23, General Subscriptions ,"£2,880.00",PS Administration Ltd (T/A XPS Administration)
06-Jul-23, Pathologists Fees ,"£2,863.10",Redacted
20-Jul-23, Training Course Fees ,"£2,843.40",College of Policing Limited
20-Jul-23, Diesel ,"£2,823.68",Standard Fuel Oils Limited
06-Jul-23, Waste Disposal ,"£2,769.22",Shred Station Ltd
06-Jul-23, Uniform and Clothing ,"£2,764.80",Yaffy Protective Clothing (Part of Mi Hub Ltd)
13-Jul-23, Vehicle Costs ,"£2,727.23",Lookers Motor Group Limited t/a Lookers Liverpool
13-Jul-23, Uniform and Clothing ,"£2,662.38",ilasco Ltd (Keela International Ltd)
06-Jul-23, Payment for Services ,"£2,654.64",3Cubed Limited
13-Jul-23, Equipment for prisoners ,"£2,651.81",WA Products (UK) Ltd t/a SceneSafe
13-Jul-23, Training Course Fees ,"£2,650.00",GMCA (PCC for Greater Manchester)
13-Jul-23, Diesel ,"£2,644.44",Standard Fuel Oils Limited
06-Jul-23, Payment for Services ,"£2,632.38",3Cubed Limited
27-Jul-23, Call Charges ,"£2,580.00",Talk Talk Business
27-Jul-23, Technical Equipment ,"£2,566.80",Redacted
13-Jul-23, Training Course Fees ,"£2,550.00",ITAI
20-Jul-23, Vehicle Modifications ,"£2,550.00",Redacted
13-Jul-23, Vehicle Repairs ,"£2,515.00",Swansway Garages Ltd t/a Swansway Chester Peugeot
06-Jul-23, Tyres & Tubes ,"£2,514.22",Michelin Tyre PLC
20-Jul-23, Vehicle Repairs ,"£2,503.78",Arnold Clark Finance Ltd
27-Jul-23, Services & Legal Expenses ,"£2,500.00",Redacted
13-Jul-23, Services & Legal Expenses ,"£2,489.40",Redacted
06-Jul-23, Vehicle Repairs ,"£2,448.49",Halliwell Jones Ltd
13-Jul-23, Payment for Services ,"£2,445.60",UKAS
20-Jul-23, Hired Vehicle & Plant ,"£2,444.06",Arnold Clark Finance Ltd
06-Jul-23, Capital Asset Clearing A/C Plant & Equipment ,"£2,410.48",RS Components
27-Jul-23, Tyres & Tubes ,"£2,406.88",Michelin Tyre PLC
27-Jul-23, Technical Equipment ,"£2,400.00",Redacted
20-Jul-23, Services & Legal Expenses ,"£2,394.00",Redacted
19-Jul-23, Direct Transport Costs ,"£2,389.91",Allstar
06-Jul-23, Consultants Fees ,"£2,389.22",The Big Word
13-Jul-23, Additional Vehicle Recharge ,"£2,388.00",Automobile Association Developments Limited
06-Jul-23, Forensic Fees - General ,"£2,366.18",Redacted
13-Jul-23, Tyres & Tubes ,"£2,364.42",Michelin Tyre PLC
06-Jul-23, Training Course Fees ,"£2,357.00",College of Policing Limited
13-Jul-23, Training Course Fees ,"£2,357.00",College of Policing Limited
13-Jul-23, Employers Liability & TP ,"£2,325.12",The Copyright Licensing Agency Ltd
06-Jul-23, Printing Stationery & Office Exps. ,"£2,321.38",Redacted
06-Jul-23, Vehicle Costs ,"£2,319.79",Halliwell Jones Ltd
27-Jul-23, Vehicle Police Equipment ,"£2,318.40",Redacted
27-Jul-23, Training Course Fees ,"£2,304.00",College of Policing Limited
13-Jul-23, Building Reactive Maintenance ,"£2,300.98",Graham Asset Management Ltd
12-Jul-23, Direct Transport Costs ,"£2,295.86",Allstar
06-Jul-23, Postages ,"£2,292.00",Pitney Bowes Ltd (machines/consumables/maintenance)
27-Jul-23, Forensic Fees - General ,"£2,239.51",Orchid Cellmark Ltd
27-Jul-23, Telecommunications ,"£2,226.00",Redacted
13-Jul-23, Forensic Fees - General ,"£2,220.00",Orchid Cellmark Ltd
20-Jul-23, Cleaning and Domestic Supplies ,"£2,212.46",Arrow County Supplies
13-Jul-23, Forensic Fees - General ,"£2,200.08",WA Products (UK) Ltd t/a SceneSafe
13-Jul-23, Training Course Fees ,"£2,195.00",SafeLives
06-Jul-23, Pathologists Fees ,"£2,185.83",Redacted
20-Jul-23, Pathologists Fees ,"£2,185.83",Redacted
20-Jul-23, Pathologists Fees ,"£2,185.83",Redacted
20-Jul-23, Pathologists Fees ,"£2,185.83",Redacted
13-Jul-23, Data Network ,"£2,170.58",SCC Specialist Computer Centres PLC
06-Jul-23, Miscellaneous Contributions ,"£2,167.02",St Helens MBC
06-Jul-23, Brokerage Fees ,"£2,160.00",CIPFA Business Limited
13-Jul-23, Medical Fees ,"£2,160.00",Redacted
13-Jul-23, Medical Fees ,"£2,160.00",Redacted
13-Jul-23, Medical Fees ,"£2,160.00",Redacted
20-Jul-23, Medical Fees ,"£2,160.00",Redacted
27-Jul-23, Medical Fees ,"£2,160.00",Redacted
27-Jul-23, Medical Fees ,"£2,160.00",Redacted
27-Jul-23, Forensic Fees - General ,"£2,160.00",Orchid Cellmark Ltd
27-Jul-23, Medical Equipment ,"£2,157.60",Healthmed Supplies (HMS) Limited
13-Jul-23, Building Reactive Maintenance ,"£2,124.00",Redacted
27-Jul-23, Training Course Fees ,"£2,120.00",Skills For Justice Awards Ltd
10-Jul-23, Services and Legal Expenses ,"£2,087.62",Bank Charges
06-Jul-23, Support Staff-Temporary Staff Wages ,"£2,079.00",Adecco UK Limited
20-Jul-23, Services & Legal Expenses ,"£2,075.00",Redacted
20-Jul-23, Services & Legal Expenses ,"£2,075.00",Redacted
13-Jul-23, H/W Purchases ,"£2,072.95",Dell Corporation Ltd
27-Jul-23, Cleaning and Domestic Supplies ,"£2,059.26",Arrow County Supplies
20-Jul-23, Payment for Services ,"£2,048.31",MLR Networks Ltd
06-Jul-23, Uniform and Clothing ,"£2,040.00",Michael Lupton Associates Limited
06-Jul-23, Forensic Fees - General ,"£2,034.00",SOCOTEC UK Ltd
13-Jul-23, Vehicle Repairs ,"£2,023.79",Swansway Garages Ltd t/a Swansway Chester Peugeot
27-Jul-23, Firearms ,"£2,016.00",Redacted
13-Jul-23, Forensic Fees - General ,"£2,013.60",Orchid Cellmark Ltd
20-Jul-23, Training Course Fees ,"£2,000.00",Redacted
20-Jul-23, Services & Legal Expenses ,"£2,000.00",Redacted
27-Jul-23, Services & Legal Expenses ,"£2,000.00",Redacted
27-Jul-23, Conveyance of Prisoners ,"£2,000.00",Arriva Northwest Ltd
27-Jul-23, General Subscriptions ,"£1,980.00",Social & Market Strategic Research Ltd
20-Jul-23, Operational Equipment ,"£1,971.06",Redacted
27-Jul-23, Call Charges ,"£1,950.00",BT Global Services Solutions
27-Jul-23, Vehicle Repairs ,"£1,944.82",Rybrook Cars Ltd ( Chester)
26-Jul-23, Direct Transport Costs ,"£1,929.87",Allstar
13-Jul-23, Building Reactive Maintenance ,"£1,927.30",Graham Asset Management Ltd
20-Jul-23, Vehicle Repairs ,"£1,912.03",Arnold Clark Finance Ltd
27-Jul-23, Rates ,"£1,909.00",Knowsley MBC
06-Jul-23, Operational Equipment ,"£1,901.40",Ultimat Defence Limited
13-Jul-23, Training Course Fees ,"£1,900.00",Liverpool John Moores University
27-Jul-23, Training Course Fees ,"£1,896.00",City of London Police
05-Jul-23, Direct Transport Costs ,"£1,881.55",Allstar
20-Jul-23, Hired Vehicle & Plant ,"£1,879.20",Redacted
13-Jul-23, Forensic Fees - General ,"£1,878.00",Redacted
20-Jul-23, Payment for Services ,"£1,872.00",Redacted
27-Jul-23, Cleaning and Domestic Supplies ,"£1,861.44",Arrow County Supplies
13-Jul-23, Technical Equipment ,"£1,852.80",Redacted
06-Jul-23, Support Staff Recruitment Advertisements ,"£1,848.00",Thirty Three LLP
13-Jul-23, Building Reactive Maintenance ,"£1,836.00",Graham Asset Management Ltd
20-Jul-23, Service Charges ,"£1,836.00",Coggin Sustainable Office Solutions Limited
27-Jul-23, Comp. Operations ,"£1,820.75",Virgin Media Ltd 
27-Jul-23, Comp. Operations ,"£1,820.75",Virgin Media Ltd 
06-Jul-23, Printing Stationery & Office Exps. ,"£1,820.40",ACS Business Supplies Ltd
20-Jul-23, Operational Equipment ,"£1,819.80",Michael Lupton Associates Limited
20-Jul-23, Uniform and Clothing ,"£1,804.15",Cooneen At Work Limited
27-Jul-23, Services & Legal Expenses ,"£1,800.00",Redacted
06-Jul-23, Payment for Services ,"£1,783.86",Marten Walsh Cherer
13-Jul-23, Cleaning and Domestic Supplies ,"£1,778.56",Arrow County Supplies
27-Jul-23, Rates ,"£1,771.00",Wirral MBC
13-Jul-23, Services & Legal Expenses ,"£1,750.00",Redacted
27-Jul-23, Protective Clothing ,"£1,743.91",Elis UK
06-Jul-23, Vehicle Repairs ,"£1,730.14",Halliwell Jones Ltd
13-Jul-23, S/W Licences ,"£1,700.00",ForceMapping Ltd
27-Jul-23, Forensic Fees - General ,"£1,695.74",WA Products (UK) Ltd t/a SceneSafe
20-Jul-23, Support Staff-Temporary Staff Wages ,"£1,680.43",Red Snapper Recruitment Limited
13-Jul-23, General Subscriptions ,"£1,680.00",PS Administration Ltd (T/A XPS Administration)
13-Jul-23, Specialist Advice ,"£1,680.00",Harper Shaw Investigation Consultants Ltd
13-Jul-23, Horticultural Maintenance ,"£1,674.00",Countrywide Grounds Maintenance Ltd
27-Jul-23, Equipment for prisoners ,"£1,656.00",WA Products (UK) Ltd t/a SceneSafe
20-Jul-23, Uniform and Clothing ,"£1,655.04",M C Products UK Ltd
06-Jul-23, Forensic Fees - General ,"£1,642.80",WA Products (UK) Ltd t/a SceneSafe
06-Jul-23, Vehicle Repairs ,"£1,640.23",Halliwell Jones Ltd
27-Jul-23, Waste Disposal ,"£1,630.01",Shred Station Ltd
27-Jul-23, Support Staff-Temporary Staff Wages ,"£1,625.88",Hays Specialist Recruitment Ltd
27-Jul-23, Support Staff-Temporary Staff Wages ,"£1,625.88",Hays Specialist Recruitment Ltd
27-Jul-23, Support Staff-Temporary Staff Wages ,"£1,625.88",Hays Specialist Recruitment Ltd
13-Jul-23, Vehicle Parts ,"£1,625.00",Hyundai Motor UK Ltd
20-Jul-23, Forensic Fees - General ,"£1,620.00",Hamilton Sales & Service UK Ltd
06-Jul-23, Mobiles-rental ,"£1,600.00",Redacted
27-Jul-23, Training Course Fees ,"£1,584.00",NW RFCA
13-Jul-23, Vehicle Costs ,"£1,580.02",Halliwell Jones Ltd
06-Jul-23, Purchase of Horses ,"£1,575.60",Village Saddlery (Yalcraft)
13-Jul-23, Training Course Fees ,"£1,561.68",College of Policing Limited
06-Jul-23, Support Staff-Temporary Staff Wages ,"£1,560.00",Grayce Group Limited
06-Jul-23, Rates ,"£1,547.00",St Helens MBC
13-Jul-23, Vehicle Repairs ,"£1,545.02",Peoples Liverpool Limited
06-Jul-23, Payment for Services ,"£1,544.40",Clearway Environmental Services (UK) Limited
13-Jul-23, Vehicle Repairs ,"£1,535.39",Vision Unique Equipment Ltd
13-Jul-23, Telecommunications ,"£1,526.82",Avoira Limited
27-Jul-23, Payment for Services ,"£1,524.00",PSL Print Management Ltd
06-Jul-23, Payments to Other Police Authorities ,"£1,522.87",GMCA (PCC for Greater Manchester)
06-Jul-23, Capital Asset Clearing A/c Intangibles ,"£1,500.60",Softcat Plc
20-Jul-23, Training Course Fees ,"£1,498.00",College of Policing Limited
06-Jul-23, Forensic Fees - General ,"£1,490.40",Eurofins Forensic Services Ltd
13-Jul-23, Support Staff-Temporary Staff Wages ,"£1,489.16",Red Snapper Recruitment Limited
13-Jul-23, Service Charges ,"£1,485.00",BAM FM Ltd
06-Jul-23, Capital Asset Clearing A/C Plant & Equipment ,"£1,475.30",Softcat Plc
20-Jul-23, Technical Equipment ,"£1,464.00",Redacted
13-Jul-23, Catering Service ,"£1,459.60",BFS Group Limited t/a Bidvest Foodservice
13-Jul-23, Support Staff Recruitment Advertisements ,"£1,434.00",The Law Society
20-Jul-23, Cleaning and Domestic Supplies ,"£1,426.26",Arrow County Supplies
27-Jul-23, Cleaning and Domestic Supplies ,"£1,426.26",Arrow County Supplies
13-Jul-23, Training Course Fees ,"£1,400.00",Uclan (University Of Central Lancashire)
17-Jul-23, Services and Legal Expenses ,"£1,389.00",HM Courts & Tribunals Service
27-Jul-23, Rates ,"£1,385.00",Wirral MBC
27-Jul-23, Service Charges ,"£1,375.00",North Birkenhead Development Trust Ltd
27-Jul-23, Support Staff-Temporary Staff Wages ,"£1,350.00",OH Medical Recruitment Ltd
27-Jul-23, Medical Fees ,"£1,350.00",OH Medical Recruitment Ltd
20-Jul-23, Uniform and Clothing ,"£1,349.41",Try & Lilly Ltd
27-Jul-23, Services & Legal Expenses ,"£1,305.00",Redacted
27-Jul-23, Support Staff-Temporary Staff Wages ,"£1,300.70",Hays Specialist Recruitment Ltd
13-Jul-23, Support Staff-Temporary Staff Wages ,"£1,297.90",Red Snapper Recruitment Limited
13-Jul-23, Forensic Fees - General ,"£1,296.00",Police and Crime Commissioner For Lancashire
27-Jul-23, Training Course Fees ,"£1,281.00",City of London Police
27-Jul-23, Payment for Services ,"£1,279.20",Redacted
27-Jul-23, Vehicle Costs ,"£1,277.30",Lookers Motor Group Limited t/a Lookers Liverpool
20-Jul-23, Training Course Fees ,"£1,270.50",Skills For Justice Awards Ltd
13-Jul-23, Printing Stationery & Office Exps. ,"£1,269.58",Redacted
27-Jul-23, Uniform and Clothing ,"£1,268.76",M C Products UK Ltd
27-Jul-23, Service Charges ,"£1,267.05",Portakabin Limited
13-Jul-23, Event Costs ,"£1,264.33",Jockey Club Racecourses Limited
06-Jul-23, Fuel Pump Repairs ,"£1,260.00",LCM Environmental Services Limited
13-Jul-23, Forensic Fees - General ,"£1,258.74",Softcat Plc
20-Jul-23, Hired Vehicle & Plant ,"£1,250.26",Arnold Clark Finance Ltd
20-Jul-23, Services & Legal Expenses ,"£1,250.00",Redacted
06-Jul-23, Uniform Casual User Mileage ,"£1,248.00",Grayce Group Limited
20-Jul-23, Consultants Fees ,"£1,246.22",Redacted
20-Jul-23, Batteries ,"£1,244.38",GSF Car Parts Limited
06-Jul-23, Mechanical Reactive Maintenance ,"£1,243.97",BAM FM Ltd
20-Jul-23, Furniture Purchases ,"£1,241.42",Online Ergonomics Ltd
27-Jul-23, Hired Vehicle & Plant ,"£1,230.43",Arnold Clark Finance Ltd
13-Jul-23, Support Staff-Temporary Staff Wages ,"£1,229.58",Red Snapper Recruitment Limited
13-Jul-23, Hired Vehicle & Plant ,"£1,222.03",Arnold Clark Finance Ltd
20-Jul-23, Hired Vehicle & Plant ,"£1,222.03",Arnold Clark Finance Ltd
20-Jul-23, Hired Vehicle & Plant ,"£1,222.03",Arnold Clark Finance Ltd
20-Jul-23, Hired Vehicle & Plant ,"£1,222.03",Arnold Clark Finance Ltd
20-Jul-23, Hired Vehicle & Plant ,"£1,222.03",Arnold Clark Finance Ltd
06-Jul-23, Forensic Fees - General ,"£1,213.77",WA Products (UK) Ltd t/a SceneSafe
13-Jul-23, Tyres & Tubes ,"£1,208.74",Michelin Tyre PLC
13-Jul-23, Forensic Fees - General ,"£1,206.90",Orchid Cellmark Ltd
27-Jul-23, Training Course Fees ,"£1,206.00",Professional Development Group t/a Government Events
20-Jul-23, Medical Specialist ,"£1,200.00",Redacted
20-Jul-23, Medical Specialist ,"£1,200.00",Redacted
20-Jul-23, Training Course Fees ,"£1,200.00",Firebrand Training Ltd
27-Jul-23, Medical Specialist ,"£1,200.00",Redacted
27-Jul-23, Ex Gratia Payments ,"£1,195.00",Redacted
20-Jul-23, Forensic Fees - General ,"£1,194.00",Redacted
20-Jul-23, Cleaning and Domestic Supplies ,"£1,193.88",Arrow County Supplies
06-Jul-23, Training Course Fees ,"£1,190.00",That Bournemouth Little Hotel Limited t/a Hampton by Hilton Bournemouth
27-Jul-23, Payment for Services ,"£1,188.00",Redacted
27-Jul-23, Furniture Purchases ,"£1,186.80",Bennett Workplace Solutions Limited
20-Jul-23, Medical Equipment ,"£1,186.20",Redacted
06-Jul-23, Payment for Services ,"£1,175.04",WA Products (UK) Ltd t/a SceneSafe
06-Jul-23, Forensic Fees - General ,"£1,173.17",RS Components
13-Jul-23, Cleaning and Domestic Supplies ,"£1,173.05",Arrow County Supplies
13-Jul-23, Training Course Fees ,"£1,172.00",National Crime Agency (NCA)
20-Jul-23, Capital Asset Clearing A/C Plant & Equipment ,"£1,169.82",Chadwicks (Liverpool) Ltd
06-Jul-23, H/W Purchases ,"£1,165.98",Dell Corporation Ltd
06-Jul-23, H/W Purchases ,"£1,165.98",Dell Corporation Ltd
13-Jul-23, H/W Purchases ,"£1,165.98",Dell Corporation Ltd
20-Jul-23, H/W Purchases ,"£1,165.98",Dell Corporation Ltd
20-Jul-23, H/W Purchases ,"£1,165.98",Dell Corporation Ltd
20-Jul-23, H/W Purchases ,"£1,165.98",Dell Corporation Ltd
20-Jul-23, H/W Purchases ,"£1,165.98",Dell Corporation Ltd
27-Jul-23, H/W Purchases ,"£1,165.98",Dell Corporation Ltd
13-Jul-23, Training Course Fees ,"£1,164.80",College of Policing Limited
13-Jul-23, Uniform and Clothing ,"£1,164.00",Garmentec Group Ltd
06-Jul-23, Vehicle Repairs ,"£1,160.72",Halliwell Jones Ltd
06-Jul-23, Forensic Fees - General ,"£1,156.91",RW Badland Ltd
06-Jul-23, Training Course Fees ,"£1,150.00",GMCA (PCC for Greater Manchester)
06-Jul-23, Forensic Fees - General ,"£1,145.02",WA Products (UK) Ltd t/a SceneSafe
20-Jul-23, Support Staff Recruitment Advertisements ,"£1,142.40",Haymarket Media Group Ltd
20-Jul-23, Vehicle Modifications ,"£1,128.00",SunGuard Solar Control Ltd
06-Jul-23, Capital Asset Clearing A/C Plant & Equipment ,"£1,124.06",Vohkus Limited
20-Jul-23, Vehicle Repairs ,"£1,122.00",A P Fleet Services Ltd
20-Jul-23, Vehicle Repairs ,"£1,122.00",A P Fleet Services Ltd
27-Jul-23, Support Staff-Temporary Staff Wages ,"£1,120.28",Red Snapper Recruitment Limited
13-Jul-23, Garage Equipment ,"£1,110.00",Heywood Electrical & Son Ltd
20-Jul-23, Payment for Services ,"£1,102.46",SRCL Ltd
06-Jul-23, Vets Fees ,"£1,092.28",The Dales Veterinary Practice
13-Jul-23, Uniform and Clothing ,"£1,092.00",Ballyclare Ltd
13-Jul-23, Electrical Reactive Maintenance ,"£1,090.03",BAM FM Ltd
06-Jul-23, General Subscriptions ,"£1,080.00",Buddi Limited
13-Jul-23, Medical Fees ,"£1,080.00",Redacted
13-Jul-23, Medical Fees ,"£1,080.00",Redacted
27-Jul-23, Medical Fees ,"£1,080.00",Redacted
27-Jul-23, Medical Fees ,"£1,080.00",Redacted
27-Jul-23, Forensic Fees - General ,"£1,080.00",Orchid Cellmark Ltd
13-Jul-23, Building Reactive Maintenance ,"£1,079.40",Graham Asset Management Ltd
06-Jul-23, Electrical Reactive Maintenance ,"£1,071.84",BAM FM Ltd
20-Jul-23, Forensic Fees - General ,"£1,064.40",DTec International Ltd
13-Jul-23, Building Reactive Maintenance ,"£1,049.58",Graham Asset Management Ltd
20-Jul-23, Capital Asset Clearing A/C Plant & Equipment ,"£1,045.78",Softcat Plc
06-Jul-23, Equipment for prisoners ,"£1,035.95",Redacted
20-Jul-23, Fuel Pump Repairs ,"£1,032.00",LCM Environmental Services Limited
13-Jul-23, Services & Legal Expenses ,"£1,027.20",Redacted
27-Jul-23, Vehicle Repairs ,"£1,022.58",Peoples Liverpool Limited
13-Jul-23, Hired Vehicle & Plant ,"£1,011.40",West Wallasey Car Hire Ltd
20-Jul-23, Comp. Consumeables ,"£1,011.39",Currys Group Limited t/a Currys Business
20-Jul-23, Vehicle Parts ,"£1,004.41",Stellantis &You UK Limited t/a Stellantis &You Sales & Services
06-Jul-23, Furniture Purchases ,"£1,003.86",Flexiform Business Furniture Limited
06-Jul-23, Electrical Reactive Maintenance ,"£1,002.98",BAM FM Ltd
13-Jul-23, Services & Legal Expenses ,"£1,000.00",Redacted
13-Jul-23, Services & Legal Expenses ,"£1,000.00",Redacted
27-Jul-23, Services & Legal Expenses ,"£1,000.00",Redacted
20-Jul-23, Forensic Fees - General ,£999.68,Scan Computers International
06-Jul-23, Services & Legal Expenses ,£998.40,Redacted
06-Jul-23, Electrical Reactive Maintenance ,£990.00,BAM FM Ltd
20-Jul-23, Vehicle Costs ,£976.87,Lookers Motor Group Limited t/a Lookers Liverpool
13-Jul-23, Vehicle Parts ,£976.32,Halliwell Jones Ltd
13-Jul-23, Hired Vehicle & Plant ,£971.71,Arnold Clark Finance Ltd
20-Jul-23, Uniform and Clothing ,£970.61,Cooneen At Work Limited
20-Jul-23, Payments to Other Police Authorities ,£970.50,Police and Crime Commissioner For Lancashire
06-Jul-23, Electrical Reactive Maintenance ,£966.59,BAM FM Ltd
20-Jul-23, Consultants Fees ,£960.00,Redacted
06-Jul-23, Postages ,£952.20,Toye Kenning & Spencer
13-Jul-23, Forensic Fees - General ,£951.07,WA Products (UK) Ltd t/a SceneSafe
27-Jul-23, Forensic Fees - General ,£950.88,Helix Operations Ltd
06-Jul-23, Training Course Fees ,£948.00,CJS Event Solutions
27-Jul-23, Firearms ,£942.00,Redacted
27-Jul-23, Vehicle Police Equipment ,£936.00,Redacted
06-Jul-23, Vehicle Repairs ,£935.88,Arnold Clark Finance Ltd
06-Jul-23, Electrical Reactive Maintenance ,£933.84,BAM FM Ltd
20-Jul-23, Vehicle Repairs ,£933.73,Halfords Ltd
20-Jul-23, Tyres & Tubes ,£932.40,Michelin Tyre PLC
20-Jul-23, Operational Equipment ,£926.64,Michael Lupton Associates Limited
20-Jul-23, Stable Requirements ,£924.50,CG Services Cheshire Limited t/a Barnyard Pet & Equestrian Supplies
06-Jul-23, Payment for Services ,£924.30,Clearway Environmental Services (UK) Limited
06-Jul-23, Payment for Services ,£920.00,Bridge Chapel Centre
20-Jul-23, Domestic Services Equipment ,£911.97,Nisbets
06-Jul-23, H/W Purchases ,£910.80,CBC Computer Systems Ltd
13-Jul-23, Support Staff-Temporary Staff Wages ,£901.69,Red Snapper Recruitment Limited
20-Jul-23, Support Staff-Temporary Staff Wages ,£901.69,Red Snapper Recruitment Limited
06-Jul-23, Promotional Advertising ,£900.00,Select Business Gifts
06-Jul-23, Operational Equipment ,£900.00,Von Wolf Sport & Service Dog Equipment Ltd
06-Jul-23, Training Course Fees ,£900.00,Trading at the Bluecoat
13-Jul-23, Medical Fees ,£900.00,Redacted
13-Jul-23, Medical Fees ,£900.00,Redacted
13-Jul-23, Medical Fees ,£900.00,Redacted
13-Jul-23, Ex Gratia Payments ,£900.00,Redacted
20-Jul-23, Capital Asset Clearing A/c Intangibles ,£900.00,Infrasys Ltd
27-Jul-23, Medical Specialist ,£900.00,UrOnyx Ltd
27-Jul-23, Medical Specialist ,£900.00,UrOnyx Ltd
27-Jul-23, Medical Specialist ,£900.00,UrOnyx Ltd
13-Jul-23, Furniture Purchases ,£896.82,Custom Group Ltd
27-Jul-23, Technical Equipment ,£887.40,Redacted
06-Jul-23, Mechanical Reactive Maintenance ,£886.13,BAM FM Ltd
06-Jul-23, Catering Service ,£881.58,BFS Group Limited t/a Bidvest Foodservice
13-Jul-23, Building Reactive Maintenance ,£880.82,Graham Asset Management Ltd
27-Jul-23, Hired Vehicle & Plant ,£872.97,Arnold Clark Finance Ltd
06-Jul-23, Forensic Fees - General ,£870.00,Orchid Cellmark Ltd
20-Jul-23, Forensic Fees - General ,£864.00,Orchid Cellmark Ltd
13-Jul-23, Vets Fees ,£860.58,The Dales Veterinary Practice
06-Jul-23, Cleaning and Domestic Supplies ,£858.67,Arrow County Supplies
06-Jul-23, Vehicle Costs ,£855.41,Halliwell Jones Ltd
20-Jul-23, Payments to Other Police Authorities ,£854.64,West Mercia Police & Crime Commissioner
20-Jul-23, Forensic Fees - General ,£849.60,WA Products (UK) Ltd t/a SceneSafe
27-Jul-23, Catering Service ,£843.70,Trading at the Bluecoat
13-Jul-23, Training Course Fees ,£840.00,British Transport Police
20-Jul-23, Stable Requirements ,£840.00,Ivan Stockdale Limited
27-Jul-23, Refreshments ,£840.00,Christ Church Walton Breck
13-Jul-23, Uniform and Clothing ,£834.14,Alt Berg Ltd
06-Jul-23, Consultants Fees ,£828.01,The Big Word
06-Jul-23, Hired Vehicle & Plant ,£825.22,Arnold Clark Finance Ltd
13-Jul-23, Training Course Fees ,£820.00,University of Cumbria
13-Jul-23, Building Reactive Maintenance ,£817.44,Graham Asset Management Ltd
06-Jul-23, Forensic Fees - General ,£815.18,WA Products (UK) Ltd t/a SceneSafe
13-Jul-23, Building Reactive Maintenance ,£813.61,Graham Asset Management Ltd
06-Jul-23, Uniform and Clothing ,£810.00,Redacted
06-Jul-23, Forensic Fees - General ,£810.00,WA Products (UK) Ltd t/a SceneSafe
06-Jul-23, Technical Equipment ,£807.04,Redacted
13-Jul-23, Building Reactive Maintenance ,£807.02,Graham Asset Management Ltd
20-Jul-23, Tyres & Tubes ,£804.38,Michelin Tyre PLC
20-Jul-23, Hired Vehicles ,£801.00,West Wallasey Car Hire Ltd
13-Jul-23, Cleaning and Domestic Supplies ,£795.84,Arrow County Supplies
06-Jul-23, Vets Fees ,£792.00,The Dales Veterinary Practice
20-Jul-23, Uniform and Clothing ,£788.52,Intramark Limited
27-Jul-23, Building Programmed Maintenance ,£784.88,Lucion Environmental Ltd
13-Jul-23, Mechanical Reactive Maintenance ,£779.34,BAM FM Ltd
13-Jul-23, Building Reactive Maintenance ,£778.75,Graham Asset Management Ltd
06-Jul-23, Mechanical Reactive Maintenance ,£772.20,BAM FM Ltd
13-Jul-23, Cleaning and Domestic Supplies ,£769.82,Arrow County Supplies
13-Jul-23, Services & Legal Expenses ,£766.00,Redacted
06-Jul-23, Vehicle Parts ,£765.55,Liverpool TPS 
20-Jul-23, Forensic Fees - General ,£765.00,WA Products (UK) Ltd t/a SceneSafe
06-Jul-23, Mechanical Reactive Maintenance ,£761.47,BAM FM Ltd
06-Jul-23, Payment for Services ,£760.50,Clearway Environmental Services (UK) Limited
20-Jul-23, Vehicle Police Equipment ,£757.86,Redacted
06-Jul-23, Medical Fees ,£750.00,Redacted
06-Jul-23, Vehicle Parts ,£743.59,Stellantis &You UK Limited t/a Stellantis &You Sales & Services
13-Jul-23, Vehicle Parts ,£737.45,Stellantis &You UK Limited t/a Stellantis &You Sales & Services
27-Jul-23, Forensic Fees - General ,£736.80,Orchid Cellmark Ltd
13-Jul-23, Building Reactive Maintenance ,£734.30,Graham Asset Management Ltd
13-Jul-23, Consumables ,£733.55,Wurth Uk Ltd
20-Jul-23, Vehicle Modifications ,£732.00,A P Fleet Services Ltd
20-Jul-23, Vehicle Repairs ,£725.70,A P Fleet Services Ltd
06-Jul-23, Vehicle Parts ,£725.20,Stellantis &You UK Limited t/a Stellantis &You Sales & Services
06-Jul-23, Payment for Services ,£725.00,National Crime Agency (NCA)
20-Jul-23, Forensic Fees - General ,£721.80,Hamilton Sales & Service UK Ltd
06-Jul-23, Forensic Fees - General ,£720.00,Orchid Cellmark Ltd
27-Jul-23, Medical Counselling ,£720.00,Redacted
06-Jul-23, Forensic Fees - General ,£719.28,WA Products (UK) Ltd t/a SceneSafe
20-Jul-23, Photo & Tech Projects ,£718.39,Warehouse Express Ltd t/a Wex Photographic
20-Jul-23, Hired Vehicles ,£717.60,West Wallasey Car Hire Ltd
13-Jul-23, Vehicle Parts ,£717.34,Liverpool TPS 
20-Jul-23, Intermediary Costs ,£716.94,Redacted
27-Jul-23, Rents ,£712.50,Liverpool City Council1
06-Jul-23, Printing Stationery & Office Exps. ,£711.36,Redacted
27-Jul-23, Firearms ,£710.98,Redacted
20-Jul-23, Support Staff-Temporary Staff Wages ,£710.42,Red Snapper Recruitment Limited
27-Jul-23, Support Staff-Temporary Staff Wages ,£710.42,Red Snapper Recruitment Limited
20-Jul-23, Hired Vehicles ,£710.40,West Wallasey Car Hire Ltd
27-Jul-23, Printing Stationery & Office Exps. ,£709.20,ACS Business Supplies Ltd
13-Jul-23, Intermediary Costs ,£706.64,Redacted
27-Jul-23, Vehicle Parts ,£703.51,Liverpool TPS 
06-Jul-23, Intermediary Costs ,£701.80,Redacted
27-Jul-23, Data Network ,£700.00,BT Global Services Solutions
13-Jul-23, Building Reactive Maintenance ,£698.78,Graham Asset Management Ltd
27-Jul-23, Comp. Consumeables ,£696.62,SCC Specialist Computer Centres PLC
27-Jul-23, Forensic Fees - General ,£691.74,WA Products (UK) Ltd t/a SceneSafe
13-Jul-23, H/W Purchases ,£690.98,Dell Corporation Ltd
13-Jul-23, H/W Purchases ,£690.98,Dell Corporation Ltd
27-Jul-23, H/W Purchases ,£690.98,Dell Corporation Ltd
13-Jul-23, Intermediary Costs ,£690.49,Redacted
13-Jul-23, Support Staff-Temporary Staff Wages ,£690.30,Hays Specialist Recruitment Ltd
06-Jul-23, Training Course Fees ,£690.00,Smart Training Solutions (UK) Ltd
13-Jul-23, Training Course Fees ,£690.00,National Crime Agency (NCA)
20-Jul-23, Cleaning and Domestic Supplies ,£686.93,Arrow County Supplies
05-Jul-23, Direct Transport Costs ,£686.04,Allstar
13-Jul-23, Forensic Fees - General ,£682.80,WA Products (UK) Ltd t/a SceneSafe
20-Jul-23, Printing Stationery & Office Exps. ,£682.80,Manutan
20-Jul-23, Vehicle Parts ,£681.49,Stellantis &You UK Limited t/a Stellantis &You Sales & Services
20-Jul-23, Vehicle Parts ,£679.14,Honda (U.K.)
27-Jul-23, Vehicle Parts ,£679.03,Liverpool TPS 
20-Jul-23, Support Staff-Temporary Staff Wages ,£677.90,Hays Specialist Recruitment Ltd
13-Jul-23, Building Reactive Maintenance ,£672.43,Graham Asset Management Ltd
27-Jul-23, Support Staff-Temporary Staff Wages ,£672.36,Hays Specialist Recruitment Ltd
06-Jul-23, Prisoner Meals ,£666.90,BFS Group Limited t/a Bidvest Foodservice
13-Jul-23, Forensic Fees - General ,£660.00,Orchid Cellmark Ltd
13-Jul-23, H/W Purchases ,£659.94,CBC Computer Systems Ltd
13-Jul-23, Vehicle Parts ,£659.47,Stellantis &You UK Limited t/a Stellantis &You Sales & Services
06-Jul-23, Technical Equipment ,£656.40,Redacted
06-Jul-23, Payment for Services ,£656.40,Clarity Information Solutions Ltd
06-Jul-23, Uniform and Clothing ,£655.79,Try & Lilly Ltd
27-Jul-23, Call Charges ,£649.99,BT Global Services Solutions
20-Jul-23, Hired Vehicle & Plant ,£646.13,Arnold Clark Finance Ltd
12-Jul-23, Direct Transport Costs ,£637.53,Allstar
27-Jul-23, Forensic Fees - General ,£633.60,Orchid Cellmark Ltd
20-Jul-23, Vehicle Parts ,£632.35,Ford Motor Company T/A Ford Parts Plus
27-Jul-23, Tyres & Tubes ,£631.73,Michelin Tyre PLC
27-Jul-23, Payment for Services ,£630.00,Ghisallo Ltd
06-Jul-23, Vehicle Parts ,£628.56,Liverpool TPS 
13-Jul-23, Vehicle Repairs ,£627.65,Swansway Garages Ltd t/a Swansway Chester Peugeot
13-Jul-23, Training Course Fees ,£624.00,The Investigator Conferences & Publishing Ltd
13-Jul-23, Miscellaneous Contributions ,£624.00,Lavat Consulting Ltd T/A PSTAX
13-Jul-23, Furniture Purchases ,£624.00,Gresham Office Furniture Ltd
13-Jul-23, Building Reactive Maintenance ,£622.62,Graham Asset Management Ltd
06-Jul-23, Vehicle Parts ,£621.60,Liverpool TPS 
13-Jul-23, Vehicle Parts ,£621.54,Lookers Motor Group Limited t/a Lookers Liverpool
27-Jul-23, Vehicle Parts ,£621.54,Lookers Motor Group Limited t/a Lookers Liverpool
13-Jul-23, Car Washing - Purchase of Equipment ,£621.38,T & P Williams Ltd T/a Autosmart
13-Jul-23, Vehicle Parts ,£621.36,Liverpool TPS 
06-Jul-23, Hired Vehicle & Plant ,£618.58,Arnold Clark Finance Ltd
20-Jul-23, Hired Vehicle & Plant ,£618.58,Arnold Clark Finance Ltd
20-Jul-23, Hired Vehicle & Plant ,£618.58,Arnold Clark Finance Ltd
27-Jul-23, Hired Vehicle & Plant ,£618.58,Arnold Clark Finance Ltd
06-Jul-23, Operational Equipment ,£617.76,Michael Lupton Associates Limited
06-Jul-23, Mechanical Reactive Maintenance ,£614.46,BAM FM Ltd
06-Jul-23, Payment for Services ,£600.00,Bridge Chapel Centre
13-Jul-23, Medical Counselling ,£600.00,Redacted
05-Jul-23, Services & Legal Expenses ,£600.00,Redacted
13-Jul-23, Vehicle Repairs ,£597.60,A P Fleet Services Ltd
13-Jul-23, Operational Equipment ,£597.30,Redacted
13-Jul-23, Mechanical Reactive Maintenance ,£594.00,BAM FM Ltd
06-Jul-23, Mechanical Reactive Maintenance ,£593.95,BAM FM Ltd
27-Jul-23, Iron Mountain & Other Storage Charges ,£592.40,Iron Mountain (UK) PLC
20-Jul-23, Catering Service ,£591.46,BFS Group Limited t/a Bidvest Foodservice
27-Jul-23, Vehicle Parts ,£591.31,Ford Motor Company T/A Ford Parts Plus
20-Jul-23, Purchase of Horses ,£590.00,North West Farrier Services Ltd
20-Jul-23, Operational Equipment ,£588.95,Michael Lupton Associates Limited
27-Jul-23, Forensic Fees - General ,£587.64,Redacted
27-Jul-23, Medical Counselling ,£585.00,Redacted
06-Jul-23, Vehicle Parts ,£584.93,Stellantis &You UK Limited t/a Stellantis &You Sales & Services
06-Jul-23, Uniform and Clothing ,£583.63,Try & Lilly Ltd
06-Jul-23, Cleaning and Domestic Supplies ,£582.86,Arrow County Supplies
27-Jul-23, Vehicle Parts ,£582.31,Lookers Motor Group Limited t/a Lookers Liverpool
13-Jul-23, Waste Disposal ,£582.00,Barrys Skip Hire
27-Jul-23, Equipment for prisoners ,£582.00,Talisman Plastics Ltd
13-Jul-23, Training Course Fees ,£575.00,Durham Constabulary
13-Jul-23, Training Course Fees ,£575.00,Durham Constabulary
27-Jul-23, Vehicle Parts ,£574.86,Rybrook Cars Ltd ( Volvo )
27-Jul-23, Uniform and Clothing ,£574.56,Try & Lilly Ltd
04-Jul-23, Public Transport and Allowance ,£572.00,MerseyTravel
26-Jul-23, Direct Transport Costs ,£571.68,Allstar
13-Jul-23, Building Reactive Maintenance ,£571.14,Graham Asset Management Ltd
20-Jul-23, Vehicle Modifications ,£570.00,Redacted
20-Jul-23, Vehicle Modifications ,£570.00,Redacted
27-Jul-23, Payment for Services ,£570.00,JMC Recycling Systems Ltd
27-Jul-23, Services & Legal Expenses ,£570.00,Redacted
06-Jul-23, Intermediary Costs ,£569.84,Redacted
20-Jul-23, Cleaning and Domestic Supplies ,£569.48,Arrow County Supplies
27-Jul-23, Cleaning and Domestic Supplies ,£566.54,Arrow County Supplies
12-Jul-23, Direct Transport Costs ,£566.02,Allstar
19-Jul-23, Direct Transport Costs ,£564.23,Allstar
06-Jul-23, Rates ,£563.00,Sefton MBC (Rates Account) 
06-Jul-23, Printing Stationery & Office Exps. ,£562.75,ACS Business Supplies Ltd
13-Jul-23, Printing Stationery & Office Exps. ,£562.62,ACS Business Supplies Ltd
06-Jul-23, Operational Equipment ,£558.96,M C Products UK Ltd
27-Jul-23, Vehicle Parts ,£556.68,Hyundai Motor UK Ltd
20-Jul-23, Vehicle Parts ,£552.00,Liverpool TPS 
27-Jul-23, Event Costs ,£552.00,Creative Photography
13-Jul-23, Training Course Fees ,£550.00,State of Mind Sport Charitable Incorp Org
20-Jul-23, Printing Stationery & Office Exps. ,£550.00,C. Atkinson Ltd
06-Jul-23, Medical Equipment ,£549.00,Healthmed Supplies (HMS) Limited
13-Jul-23, Comp. Operations ,£544.00,Softcat Plc
13-Jul-23, Catering Service ,£543.53,Trevors Warehouses Limited t/a Trevors Foodservice
13-Jul-23, Vehicle Repairs ,£541.36,Peoples Liverpool Limited
13-Jul-23, Event Costs ,£540.00,BDA (INITIATIVES) LIMITED
20-Jul-23, Event Costs ,£540.00,BDA (INITIATIVES) LIMITED
27-Jul-23, Event Costs ,£540.00,BDA (INITIATIVES) LIMITED
06-Jul-23, Vehicle Parts ,£538.48,Halliwell Jones Ltd
13-Jul-23, Services & Legal Expenses ,£534.60,Redacted
06-Jul-23, Medical Equipment ,£534.00,Polyco Healthline Ltd
13-Jul-23, Cleaning and Domestic Supplies ,£532.34,Arrow County Supplies
20-Jul-23, Forensic Fees - General ,£530.32,WA Products (UK) Ltd t/a SceneSafe
20-Jul-23, Tyres & Tubes ,£528.48,Michelin Tyre PLC
13-Jul-23, Printing Stationery & Office Exps. ,£528.00,ACS Business Supplies Ltd
20-Jul-23, Uniform and Clothing ,£528.00,Cooneen Defence Limited
13-Jul-23, Building Programmed Maintenance ,£523.26,Lucion Environmental Ltd
27-Jul-23, Building Programmed Maintenance ,£523.26,Lucion Environmental Ltd
06-Jul-23, Electrical Reactive Maintenance ,£523.01,BAM FM Ltd
13-Jul-23, Vehicle Repairs ,£521.72,Swansway Garages Ltd t/a Swansway Chester Peugeot
13-Jul-23, Hired Vehicle & Plant ,£521.67,Arnold Clark Finance Ltd
06-Jul-23, Forensic Fees - General ,£521.64,Redacted
27-Jul-23, Comp. Operations ,£516.00,Redacted
13-Jul-23, Hired Vehicle & Plant ,£515.09,Arnold Clark Finance Ltd
20-Jul-23, Hired Vehicle & Plant ,£515.09,Arnold Clark Finance Ltd
06-Jul-23, Electrical Reactive Maintenance ,£514.85,BAM FM Ltd
13-Jul-23, Services & Legal Expenses ,£514.80,Redacted
27-Jul-23, Training Course Fees ,£514.50,Skills For Justice Awards Ltd
14-Jul-23, Services and Legal Expenses ,£511.24,Bank Charges
20-Jul-23, Rents ,£510.00,Rainford Parish Council
27-Jul-23, Vehicle Parts ,£509.83,BMW (UK) Ltd
06-Jul-23, Mechanical Reactive Maintenance ,£509.20,BAM FM Ltd
06-Jul-23, Mechanical Reactive Maintenance ,£506.88,BAM FM Ltd
06-Jul-23, Hired Vehicle & Plant ,£506.69,Arnold Clark Finance Ltd
13-Jul-23, Hired Vehicle & Plant ,£506.69,Arnold Clark Finance Ltd
13-Jul-23, Hired Vehicle & Plant ,£506.69,Arnold Clark Finance Ltd
13-Jul-23, Hired Vehicle & Plant ,£506.69,Arnold Clark Finance Ltd
13-Jul-23, Hired Vehicle & Plant ,£506.69,Arnold Clark Finance Ltd
13-Jul-23, Hired Vehicle & Plant ,£506.69,Arnold Clark Finance Ltd
13-Jul-23, Hired Vehicle & Plant ,£506.69,Arnold Clark Finance Ltd
13-Jul-23, Hired Vehicle & Plant ,£506.69,Arnold Clark Finance Ltd
13-Jul-23, Hired Vehicle & Plant ,£506.69,Arnold Clark Finance Ltd
13-Jul-23, Hired Vehicle & Plant ,£506.69,Arnold Clark Finance Ltd
13-Jul-23, Hired Vehicle & Plant ,£506.69,Arnold Clark Finance Ltd
13-Jul-23, Hired Vehicle & Plant ,£506.69,Arnold Clark Finance Ltd
13-Jul-23, Hired Vehicle & Plant ,£506.69,Arnold Clark Finance Ltd
13-Jul-23, Hired Vehicle & Plant ,£506.69,Arnold Clark Finance Ltd
13-Jul-23, Hired Vehicle & Plant ,£506.69,Arnold Clark Finance Ltd
13-Jul-23, Hired Vehicle & Plant ,£506.69,Arnold Clark Finance Ltd
13-Jul-23, Hired Vehicle & Plant ,£506.69,Arnold Clark Finance Ltd
13-Jul-23, Hired Vehicle & Plant ,£506.69,Arnold Clark Finance Ltd
13-Jul-23, Hired Vehicle & Plant ,£506.69,Arnold Clark Finance Ltd
13-Jul-23, Hired Vehicle & Plant ,£506.69,Arnold Clark Finance Ltd
13-Jul-23, Hired Vehicle & Plant ,£506.69,Arnold Clark Finance Ltd
13-Jul-23, Hired Vehicle & Plant ,£506.69,Arnold Clark Finance Ltd
13-Jul-23, Hired Vehicle & Plant ,£506.69,Arnold Clark Finance Ltd
13-Jul-23, Hired Vehicle & Plant ,£506.69,Arnold Clark Finance Ltd
13-Jul-23, Hired Vehicle & Plant ,£506.69,Arnold Clark Finance Ltd
13-Jul-23, Hired Vehicle & Plant ,£506.69,Arnold Clark Finance Ltd
20-Jul-23, Hired Vehicle & Plant ,£506.69,Arnold Clark Finance Ltd
20-Jul-23, Hired Vehicle & Plant ,£506.69,Arnold Clark Finance Ltd
20-Jul-23, Hired Vehicle & Plant ,£506.69,Arnold Clark Finance Ltd
20-Jul-23, Hired Vehicle & Plant ,£506.69,Arnold Clark Finance Ltd
20-Jul-23, Hired Vehicle & Plant ,£506.69,Arnold Clark Finance Ltd
27-Jul-23, Hired Vehicle & Plant ,£506.69,Arnold Clark Finance Ltd
27-Jul-23, Hired Vehicle & Plant ,£506.69,Arnold Clark Finance Ltd
20-Jul-23, Vehicle Police Equipment ,£503.40,Redacted
20-Jul-23, Intermediary Costs ,£501.92,Redacted
20-Jul-23, Vehicle Parts ,£501.55,Lookers Motor Group Limited t/a Lookers Liverpool
06-Jul-23, Mechanical Reactive Maintenance ,£501.38,BAM FM Ltd
13-Jul-23, Training Course Fees ,£500.00,Police and Crime Commissioner For Lancashire
20-Jul-23, Services & Legal Expenses ,£500.00,Redacted
20-Jul-23, Hire of Premises ,£500.00,Redacted
