Cost Centre,Account,Expense Type,Supplier ID,Supplier Name,Trans No.,Payment Date,Amount excl. vat
Bus Service Improvement Plan (BSIP),31576,Safety & Security,10005,Reveal media Ltd,7046780,45320,2300
Adult Education,32752,Provider Delivery Fees - Contract,10009,BRIGHT DIRECTION TRAINING LIMITED,8014741,45314,35546.25
Mayoral Office Costs,31770,Marketing,10018,The Jade Studio Ltd,7045816,45299,1050
Create Central Projects,31572,Consultants,10026,European Innovation,7046042,45299,2083
Head of Operational Assets - Bus Infrastructure,60630,Land Acquisition,10027,Addleshaw Goddard LLP Client Ac,3004190,45295,379500
Head of Operational Assets - Bus Infrastructure,60630,Land Acquisition,10027,Addleshaw Goddard LLP Client Ac,3004198,45300,705
Director of Housing & Regeneration,60561,Contributions to 3rd Parties,10037,Port Loop Phase 2 Limited,3004258,45316,127755
Adult Education,32752,Provider Delivery Fees - Contract,10043,Pathway First Limited,8014741,45314,12787.64
Create Central Projects,31572,Consultants,10073,Laura McCaughey,7045689,45299,2750
Create Central Projects,31572,Consultants,10073,Laura McCaughey,7046795,45322,2291.67
Director of Housing & Regeneration,60340,Site Supervision,10081,M & B G Ltd,7045889,45299,735
Create Central Projects,31572,Consultants,10099,Samantha Thodhlana,7046236,45302,2500
Create Central Projects,31572,Consultants,10099,Samantha Thodhlana,7046834,45322,1400
Create Central Projects,31572,Consultants,10099,Samantha Thodhlana,7046836,45322,3000
Director of Network Resilience,30754,CCTV,10100,Electrical Testing Ltd.,7045696,45299,860
Director of Development & Delivery,60395,Physical Construction,10202,VolkerFitzpatrick Limited,7045939,45299,51639.22
Investment Programme Financing,60395,Physical Construction,10202,VolkerFitzpatrick Limited,7046227,45302,1387525.14
"Director of Policy, Strategy & Innovation",31571,External Advice,10214,MUSTARD MARKET RESEARCH LTD,7046448,45313,25804.39
"Director of Policy, Strategy & Innovation",31768,Market Research,10214,MUSTARD MARKET RESEARCH LTD,7046447,45313,4200
"Director of Policy, Strategy & Innovation",60001,Project Support Costs,10255,TRL Limited,7046437,45322,10002.25
Safety and Security Manager,31578,Management Fees,10259,ITAL Group Ltd,7046426,45306,1024.54
Net Zero Neighbourhood,31571,External Advice,10260,Energy Confidence with Phil Beardmore,7046079,45299,5000
Metro Programme Director,60111,Land Advice,10263,Temple Bright,3000423,45300,1500
Director of Midlands Connect,31571,External Advice,10270,MDS Transmodal Limited,7045813,45306,24993.75
UKSPF,31770,Marketing,10295,BBJ&K Ltd,7045682,45299,47394
Adult Education,31770,Marketing,10295,BBJ&K Ltd,7046682,45316,88721
Future Mobility Zone to FTZ – DRT University of Warwick,31770,Marketing,10295,BBJ&K Ltd,7046735,45322,3428.59
Safety and Security Manager,31576,Safety & Security,10300,IMImobile Europe Ltd,7046551,45313,835
Director of Housing & Regeneration,60561,Contributions to 3rd Parties,10316,CDP Developments Ltd,3004181,45299,360693.22
Director of Housing & Regeneration,60561,Contributions to 3rd Parties,10337,Lovell Partnerships ltd,3004056,45300,494375
UKSPF,31770,Marketing,10344,IceBlue Marketing & Design Ltd,7046613,45313,650
Transport Assets,30661,Rents,10358,Pall Mall Investments Ltd,7046001,45313,4125
Transport Assets,30661,Rents,10358,Pall Mall Investments Ltd,7046002,45313,4687.5
Cycling for Everyone,31761,Cycle Facility Costs,10365,Vivacity Labs Limited,7046842,45322,39840
Director of Network Resilience,31571,External Advice,10377,MVIS Ltd,7046189,45299,809
Director of Network Resilience,60635,Signage Supply and Installation,10377,MVIS Ltd,7045971,45299,53200
Head of Network Transformation,60821,Public Consultation Costs,10388,Greatbatch Ltd t/a Letterbox Distribution.com,7045855,45299,5646.51
Marketing and Engagement,31770,Marketing,10389,7video Ltd,7045862,45299,1200
Director of Midlands Connect,31571,External Advice,10396,Goodbye Blue Monday Ltd,7046809,45320,1250
Events & Stakeholder,31770,Marketing,10396,Goodbye Blue Monday Ltd,7039969,45299,2500
Director of Housing & Regeneration,60561,Contributions to 3rd Parties,10413,Anthem Lovell LLP,3004285,45323,439687.5
Investment Programme Financing,60561,Contributions to 3rd Parties,10413,Anthem Lovell LLP,3004285,45323,71875
Learning and Development,30112,Learning & Development,10444,BRE GLOBAL LTD (CEEQUA,7046555,45313,660
Leadership,30010,Secondee Costs,10447,Behavioural Insights Ltd,3003158,45300,30441.46
Director of Integrated Network Services,60395,Physical Construction,10451,McPhillips (Wellington) Ltd,7045888,45299,38119.32
Head of Bus,60395,Physical Construction,10451,McPhillips (Wellington) Ltd,7045950,45299,2312.32
Head of Bus,60395,Physical Construction,10451,McPhillips (Wellington) Ltd,7046590,45313,15678.03
Create Central Projects,31572,Consultants,10454,Zanna Creative,7046445,45313,8499.6
Commonwealth Games,31571,External Advice,10459,BIRMINGHAM & SOLIHULL WORKBASED LEARNING PROVIDER,3001349,45316,1894.38
Adult Education,32752,Provider Delivery Fees - Contract,10509,LEARNING INTO EMPLOYMENT ACADEMY LTD,8014741,45314,5944.95
Delivery Director - Metro,31571,External Advice,10527,CAF Rail UK Limited,7045969,45302,2428
Sprint,60050,Feasibility Studies,10541,Arcadis Consulting (UK) Ltd,7046671,45316,22010
Sprint,60050,Feasibility Studies,10541,Arcadis Consulting (UK) Ltd,7046946,45322,9220.29
Create Central Projects,31572,Consultants,10561,Martin Simms,7046696,45316,2222.5
"Director of Policy, Strategy & Innovation",31768,Market Research,10568,Savanta Group Ltd,7046569,45313,23000
Homelessness,31671,Revenue Contributions to Third Parties,10578,Street Support Network Limited,7046748,45316,7391
Environment,31571,External Advice,10587,Sustainability West Midlands,7045945,45299,6198.75
Industrial Strategy,31572,Consultants,10587,Sustainability West Midlands,7046198,45302,4375
Director of Integrated Network Services,30117,Health & Safety,10608,Maybo Limited,7046588,45313,790
Learning and Development,30112,Learning & Development,10609,Steve Radcliffe Associates,7045620,45299,5000
Metro Programme Director,60802,Licence Fees - Capital,10633,RPC UK Ltd,7045126,45299,3375.9
Tendered Bus Services,32425,Subsidised Services,10669,Thandi Red Ltd,40606,45313,31600
Innovation Alliance West Midlands,31571,External Advice,10681,Dr Pamela Waddell OBE,7046812,45320,4875
Industrial Strategy,31572,Consultants,10681,Dr Pamela Waddell OBE,7046040,45302,2406.25
Director of Midlands Connect,31604,IT Software Licenses and Applications,10682,Phoenix Software,7046596,45313,2138.71
Industrial Strategy,31767,Events / Exhibitions,10688,Blackhorse HCC Ltd,7043074,45316,7267.59
Industrial Strategy,31767,Events / Exhibitions,10688,Blackhorse HCC Ltd,7043078,45316,4845.06
Director of Network Resilience,60820,Publicity and PR,10690,Clive Reeves Public Relations Limited,7046296,45313,2265
Delivery Director - Sustainable Transport,60800,IT Hardware - Capital,10691,Cadventure Ltd,7043716,45299,2985
Delivery Director - Sustainable Transport,60800,IT Hardware - Capital,10691,Cadventure Ltd,7045807,45299,2985
Delivery Director - Sustainable Transport,60800,IT Hardware - Capital,10691,Cadventure Ltd,7046043,45299,2985
Metro Programme Director,60392,Enabling Works,10695,Svella Connect Limited,7045967,45299,85000
Metro Programme Director,60392,Enabling Works,10695,Svella Connect Limited,7046741,45316,7500
Metro Programme Director,60610,Gas Utility Costs,10695,Svella Connect Limited,7045967,45299,35000
Metro Programme Director,60611,Telephone Utility Costs,10695,Svella Connect Limited,7045967,45299,218000
Metro Programme Director,60612,Electricity Utility Costs,10695,Svella Connect Limited,7045967,45299,65000
Metro Programme Director,60612,Electricity Utility Costs,10695,Svella Connect Limited,7046702,45316,3410.68
Metro Programme Director,60612,Electricity Utility Costs,10695,Svella Connect Limited,7046741,45316,6986.17
Metro Programme Director,60613,Water Utility Costs,10695,Svella Connect Limited,7045967,45299,49871.22
Create Central Projects,31572,Consultants,10703,Sarah Wood Media Ltd,7045858,45299,3334
Create Central Projects,31572,Consultants,10703,Sarah Wood Media Ltd,7046849,45322,3334
Culture,31572,Consultants,10712,We Made That LLP,7045990,45299,16243.75
Adult Education,32751,Provider Delivery Fees - Grant,20003,Local Education and Development,8014741,45314,1255.88
Adult Education,32752,Provider Delivery Fees - Contract,20003,Local Education and Development,8014741,45314,11454.95
Accessible Transport,31604,IT Software Licenses and Applications,20014,Liftango Ltd,7046168,45299,1340
Adult Education,32752,Provider Delivery Fees - Contract,20017,Twin Training International,8014741,45314,977.74
Executive Director WMRE,31767,Events / Exhibitions,20081,Staywell Hospitality Management Ltd,7046315,45313,600
Transport Assets,30502,Routine Maintenance,20088,1st Serve,7044259,45302,1950
Director of Housing & Regeneration,60391,Security Works,20088,1st Serve,7046034,45299,2900
Director of Network Resilience,31604,IT Software Licenses and Applications,20091,Roadworks Information one network,7046232,45302,32400
Director of Midlands Connect,31571,External Advice,20094,Ian Williams Services,7046552,45322,791.67
"Director of Policy, Strategy & Innovation",31768,Market Research,20097,JTl Research,7046757,45316,22656
Commonwealth Games,31571,External Advice,20108,The Adjuvo Group Ltd,7027263,45300,18025
Youth Combined Authority,31767,Events / Exhibitions,20111,Unique Venues Birmingham Limited,7045949,45299,2183.5
Capital Financing,31571,External Advice,20121,Focus on Banking Limited,7046807,45320,2450
Digital Marketing,31772,PR Photos,20147,Malloy Media Ltd,7046058,45299,1500
ICT Project,31608,Software Maintenance,20158,Simpson Associates Information Services Limited,7045286,45299,13675
Transport Assets,30851,Management Agents Costs,20161,LAMBERT SMITH HAMPTON (NIRELAND) LIMITED,7045738,45302,4025
16 Summer Lane FM,31571,External Advice,20161,LAMBERT SMITH HAMPTON (NIRELAND) LIMITED,7045992,45299,4500
Executive Director WMRE,31770,Marketing,20172,TC Branding Group,7046956,45322,1260.8
Commonwealth Games Legacy Fund,31671,Revenue Contributions to Third Parties,20174,Heart of England Community Foundation,7046649,45313,2250000
Director of Housing & Regeneration,60111,Land Advice,20181,Cushman & Wakefield,7046008,45299,15000
Director of Housing & Regeneration,60111,Land Advice,20181,Cushman & Wakefield,7046044,45302,10000
Director of Midlands Connect,31604,IT Software Licenses and Applications,20182,Plotly,7039573,45300,24107.67
Head of Finance & Business Planning,60870,Training,20198,Pilat Europe Ltd,7045777,45299,985
Metro Programme Director,60780,General Expenditure,20208,Sarah Taylor Silverwood,7046760,45320,2500
Metro Programme Director,60780,General Expenditure,20209,Joanne Tatham and Tom O’Sullivan,7046434,45306,3000
Create Central Projects,31572,Consultants,20228,Lorna Nickson - Brown,7046444,45313,2666.67
Learning and Development,30112,Learning & Development,20234,Legacy Consultants Ltd,7046999,45322,4492.5
Sprint,60343,Site Office Costs,20246,West Wallasey Car Hire Ltd,7046128,45322,632
Sprint,60343,Site Office Costs,20246,West Wallasey Car Hire Ltd,7046129,45322,598
Executive Director WMRE,31769,Promotional Material,20250,Transport Museum Wythall,7046975,45322,800
Director of Housing & Regeneration,60561,Contributions to 3rd Parties,20258,Keepmoat Homes Midlands One,3003722,45300,73945
Delivery Director - Rail,30008,Agency Staff ( Established Posts),20260,Constellia Public Limited,7046520,45313,50116.41
Director of Integrated Network Services,31572,Consultants,20260,Constellia Public Limited,7045923,45299,10666.67
Director of Integrated Network Services,31572,Consultants,20260,Constellia Public Limited,7046177,45299,10666.67
Sprint,60001,Project Support Costs,20260,Constellia Public Limited,7042328,45299,3076.92
Sprint,60001,Project Support Costs,20260,Constellia Public Limited,7042347,45299,3076.92
Metro Programme Director,60001,Project Support Costs,20260,Constellia Public Limited,7045406,45322,5538.46
Metro Programme Director,60001,Project Support Costs,20260,Constellia Public Limited,7046284,45322,3692.31
Delivery Director - Rail,60001,Project Support Costs,20260,Constellia Public Limited,7046603,45313,4800
Sprint,60110,Financial & Commerical Advice,20260,Constellia Public Limited,7046428,45313,4871.79
Sprint,60110,Financial & Commerical Advice,20260,Constellia Public Limited,7046429,45313,4871.79
Sprint,60110,Financial & Commerical Advice,20260,Constellia Public Limited,7046430,45313,7887.18
Sprint,60110,Financial & Commerical Advice,20260,Constellia Public Limited,7046431,45313,4871.79
Sprint,60110,Financial & Commerical Advice,20260,Constellia Public Limited,7046432,45313,4871.79
Metro Programme Director,60801,IT Software - Capital,20260,Constellia Public Limited,7046394,45313,28861.54
Director of Housing & Regeneration,31571,External Advice,20264,Coverdale Barclay,7046436,45313,3185
Tendered Bus Services,32425,Subsidised Services,20276,Solus Travel Ltd,40604,45313,2754.75
Tendered Bus Services,32425,Subsidised Services,20276,Solus Travel Ltd,40605,45313,941
UKSPF,31571,External Advice,20293,Metro Dynamics,7046030,45313,17838
Energy Capital,31572,Consultants,20295,Wulfruna Consulting Ltd,7046167,45302,4795
Learning and Development,30112,Learning & Development,20370,Coventry University Services Limited,7047001,45322,3533
Office of Data Analytics,31572,Consultants,20370,Coventry University Services Limited,7045029,45299,9750
Digital Skills,31770,Marketing,20422,Lightyear Films Ltd,7046602,45316,4200
Homelessness,31671,Revenue Contributions to Third Parties,20430,Black Country Housing Group,7046782,45320,2000
Capital Financing,31571,External Advice,20437,Camdor Global Advisors Limited,7046057,45302,3750
"Director of Policy, Strategy & Innovation",60001,Project Support Costs,20496,Getmapping Plc,7046273,45302,33108
"Director of Policy, Strategy & Innovation",60001,Project Support Costs,20496,Getmapping Plc,7046519,45313,16553
Learning and Development,30112,Learning & Development,20498,The Knowledge Academy Limited,7046345,45306,1495
"Director of Policy, Strategy & Innovation",31571,External Advice,20498,The Knowledge Academy Limited,7044435,45306,7000
Digital Skills,31767,Events / Exhibitions,20499,Henrik Court Events Management,7047011,45322,2508
Capital Financing,33622,Debt Management,20510,Tradition UK,7046640,45313,7894.53
Metro Programme Director,60140,Compensation Claims,20521,GFD Service Ltd,7046121,45313,6959
Director of Midlands Connect,31571,External Advice,20548,Haank Consulting with Cloud Constructions,7046046,45313,2369.79
ICT Project,31604,IT Software Licenses and Applications,20549,Bridgeall Ltd,7046427,45306,1466.38
Investment Programme Financing,60141,Legal Advice,20554,BHW Solicitors Limited,7034881,45300,2460
Head of Operational Assets - Bus Infrastructure,30757,Shelter Repairs,20561,Plastics Plus Ltd,7045965,45299,3054
Head of Operational Assets - Bus Infrastructure,30757,Shelter Repairs,20561,Plastics Plus Ltd,7046681,45316,4356
Head of Operational Assets - Bus Infrastructure,30757,Shelter Repairs,20561,Plastics Plus Ltd,7046944,45322,9805
Head of Systems Change & Inclusion,31572,Consultants,20567,Barnardos,7046626,45316,7000
Sprint,60394,Traffic Management,20574,Mobile Visual Imaging Systems Limited,7045970,45322,9000
Accessible Transport - Customer Service,30009,Staff Agency Services,20589,Winner Recruitment Birmingham LTD,7045372,45299,2164.9
Accessible Transport - Customer Service,30009,Staff Agency Services,20589,Winner Recruitment Birmingham LTD,7045373,45299,1973.83
Accessible Transport - Customer Service,30009,Staff Agency Services,20589,Winner Recruitment Birmingham LTD,7046068,45299,2164.9
"Director of Policy, Strategy & Innovation",31571,External Advice,20595,Q9 Elements Ltd,7046370,45306,2100
Careers,31671,Revenue Contributions to Third Parties,20596,Sandwell Inspired Partnership Services Education,7046708,45316,2033.26
ICT Project,31611,Cyber Security,20602,Arculus Ltd,7046528,45313,25500
Tendered Bus Services,32425,Subsidised Services,20611,Chaserider Buses Ltd,40604,45313,27341.73
Tendered Bus Services,32425,Subsidised Services,20611,Chaserider Buses Ltd,40605,45313,9113.91
Sprint,60343,Site Office Costs,20627,Insite Portable Accommodation Ltd,7045891,45322,2475
Director of Network Resilience,31770,Marketing,20628,Job Fairs Ltd,7045997,45299,2065
Learning and Development,30112,Learning & Development,20639,Six Eighty Limited,7046526,45313,745
Commonwealth Games Legacy Fund,31671,Revenue Contributions to Third Parties,20643,United by 2022 Legacy Charity,7046453,45313,162432
Delivery Director - Rail,60111,Land Advice,20644,G. W. Kelly & P.A. Duffy,7046266,45302,15000
Metro Programme Director,60780,General Expenditure,20647,Helen Cammock Ltd,7046425,45306,3000
ICT Project,31606,Hardware Maintenance,20648,EBC Group,7046884,45322,750
Delivery Director - Rail,60141,Legal Advice,20657,George Green LLP Client Account,7046187,45299,6033
Energy Capital,60395,Physical Construction,20661,Cocuun Limited,7045697,45299,27625.5
Energy Capital,60395,Physical Construction,20661,Cocuun Limited,7045698,45299,186220.64
Safety and Security Manager,31769,Promotional Material,20666,Expand Digital Ltd t/a Embello,7046283,45302,11050
Head of IT Delivery,31603,IT Hardware,20677,WCL UK Ltd (Trading as Everything ICT),7046676,45316,260750
ICT Project,31603,IT Hardware,20677,WCL UK Ltd (Trading as Everything ICT),7046676,45316,104300
Head of IT Delivery,31608,Software Maintenance,20691,Freshworks Inc,7044436,45316,2552.3
Head of IT Delivery,31608,Software Maintenance,20691,Freshworks Inc,7046525,45316,6065.54
Head of Finance & Business Planning,30115,Staff Recruitment Costs,20693,Total Jobs,7046908,45322,2199.5
Investment Programme Financing,60191,Design Works,20695,Rodney Melville & Partners,7046570,45313,15268.5
Bus Service Improvement Plan (BSIP),31571,External Advice,20702,Heavenly Group,7046737,45320,44000
Bus Service Improvement Plan (BSIP),31770,Marketing,20702,Heavenly Group,7046348,45313,15647.5
Bus Service Improvement Plan (BSIP),31770,Marketing,20702,Heavenly Group,7046349,45313,15647.5
Learning and Development,30112,Learning & Development,20704,Coast Consulting,7046065,45299,1400
Metro Programme Director,60633,Tram Purchase Payments,20711,SSG Support Services Group Ltd,7045979,45299,2668
Metro Programme Director,60633,Tram Purchase Payments,20711,SSG Support Services Group Ltd,7046693,45316,3023.25
Metro Programme Director,60633,Tram Purchase Payments,20713,Garic Limited,7046028,45299,995
Information Delivery Team,30504,Printing IBSS Timetables,20717,Cubiquity Limited,7045993,45299,512.41
Information Delivery Team,30504,Printing IBSS Timetables,20717,Cubiquity Limited,7046143,45299,1312.9
Careers,31571,External Advice,20737,J Rasmin Consultancy Ltd,7045780,45299,2100
Careers,31571,External Advice,20738,Julie Cornfield,7046738,45316,2100
Executive Director WMRE,30009,Staff Agency Services,20746,Precision Resource Group Limited,7045896,45299,3900
Executive Director WMRE,30009,Staff Agency Services,20746,Precision Resource Group Limited,7046116,45306,5460
Executive Director WMRE,30009,Staff Agency Services,20746,Precision Resource Group Limited,7046397,45313,780
Executive Director WMRE,30009,Staff Agency Services,20746,Precision Resource Group Limited,7046522,45313,10134.3
Executive Director WMRE,30009,Staff Agency Services,20746,Precision Resource Group Limited,7046710,45316,14920.92
Executive Director WMRE,30009,Staff Agency Services,20746,Precision Resource Group Limited,7046711,45316,11900
Executive Director WMRE,30009,Staff Agency Services,20746,Precision Resource Group Limited,7046758,45320,2340
Adult Education,32752,Provider Delivery Fees - Contract,20750,Goode Tutoring Ltd,8014741,45314,7175.49
Head of Swift,60001,Project Support Costs,20754,First Group Holdings Limited - Bus Centre,7045150,45320,5146.26
Head of Swift,60001,Project Support Costs,20754,First Group Holdings Limited - Bus Centre,7046793,45320,4647
Adult Education,32752,Provider Delivery Fees - Contract,20779,Fairway Training Healthcare Ltd,8014741,45314,36355.68
Adult Education,32752,Provider Delivery Fees - Contract,20780,Free to Learn Ltd,8014742,45314,36408.61
Metro Programme Director,60140,Compensation Claims,20783,Friends Cafe and Fish Bar,7045963,45299,3888
Head of Health & Communities,31771,Stakeholder Engagement,20804,STRATEGIC LEISURE LIMITED,7046988,45322,7833.5
Head of Governance,31577,Professional Advice,20806,Dac Beachcroft Claims Limited,7045846,45299,1035
"Director of Policy, Strategy & Innovation",31571,External Advice,20811,FOD Mobility group,7046147,45302,2500
"Director of Policy, Strategy & Innovation",60801,IT Software - Capital,20811,FOD Mobility group,7045854,45302,169887.5
Careers,32752,Provider Delivery Fees - Contract,20818,Midlands Creative,7046796,45320,1800
Employment & Skills,31572,Consultants,20827,AoC Services Limited,7046937,45322,2070
Accessible Transport,31571,External Advice,20830,Kytes Consultancy Ltd,7046073,45299,5000
Accessible Transport,31571,External Advice,20830,Kytes Consultancy Ltd,7046627,45316,5000
"Director of Policy, Strategy & Innovation",31571,External Advice,20841,West Midland Property & Plant Ltd,7046355,45306,1733.33
"Director of Policy, Strategy & Innovation",31571,External Advice,20841,West Midland Property & Plant Ltd,7046619,45313,866.67
Metro Programme Director,60780,General Expenditure,20851,Harry Needle Railroad company Ltd,7046112,45299,3995
Adult Education,32752,Provider Delivery Fees - Contract,20861,PTP Training Ltd,8014742,45314,1128.93
Investment Programme Financing,60561,Contributions to 3rd Parties,20876,MIRA TECHNOLOGY PARK LIMITED (Horiba Mira Ltd),3003940,45300,981501.44
Investment Programme Financing,60561,Contributions to 3rd Parties,20876,MIRA TECHNOLOGY PARK LIMITED (Horiba Mira Ltd),3004171,45293,593068.51
"Director of Policy, Strategy & Innovation",60001,Project Support Costs,20879,BNP Paribas Real estate,7046909,45322,1500
Adult Education,32752,Provider Delivery Fees - Contract,20889,Impact Futures Training Limited,8014742,45314,7578.44
DBT Growth Hub,31572,Consultants,20893,Yellow Door Education Solutions Ltd,7046963,45322,6050
Director of Housing & Regeneration,30010,Secondee Costs,20895,Legal & General,7046714,45316,4615
Head of Swift,60001,Project Support Costs,20899,Hyperion Systems Limited (T/A Consult Hyperion),7046442,45313,2650
Adult Education,32752,Provider Delivery Fees - Contract,20907,Imeta Training and Solutions Ltd,8014742,45314,99431.45
Adult Education,32752,Provider Delivery Fees - Contract,20910,CECOS Computing International Ltd,8014742,45314,17853.09
Adult Education,32752,Provider Delivery Fees - Contract,20911,MAXIMUS UK SERVICES LIMITED,8014742,45314,37405.56
Adult Education,32752,Provider Delivery Fees - Contract,20918,Realise Learning & Employment Limited,8014742,45314,32342.84
Delivery Director - Sustainable Transport,60001,Project Support Costs,20923,Ramboll,7046538,45313,7571.25
Director of Housing & Regeneration,30112,Learning & Development,20926,Parker Piredda Ltd,7046059,45302,2250
Director of Network Resilience,60870,Training,20930,Agilysis Ltd,7046572,45313,17500
Safety and Security Manager,31576,Safety & Security,20939,Top2% Ltd,7046720,45316,11167.4
Director of Housing & Regeneration,30115,Staff Recruitment Costs,20943,YARDBIRD PLANNING LTD,7046350,45306,10350
Inclusion,30119,Staff Welfare,20963,Genius Within CIC,7046443,45316,1575
UKSPF,31572,Consultants,20969,RSM UK Consulting LLP,7045991,45299,20986.88
UKSPF,31572,Consultants,20969,RSM UK Consulting LLP,7046919,45322,20986.88
Delivery Director - Rail,60395,Physical Construction,20973,Kier Integrated Services Ltd,7046612,45313,1001127.31
Delivery Director - Rail,60395,Physical Construction,20973,Kier Integrated Services Ltd,7046639,45316,1001127.31
Head of IT Delivery,31608,Software Maintenance,20974,CI-Centerprise International Ltd,7046692,45316,11700
Commonwealth Games Legacy Fund,30010,Secondee Costs,20984,Historic England,7046318,45302,5814.09
Executive Director WMRE,31770,Marketing,20996,Perpetua Press,7046244,45302,689
UKSPF,31572,Consultants,20997,Oxford Innovation Services Ltd,7046185,45299,37603.12
UKSPF,31572,Consultants,20997,Oxford Innovation Services Ltd,7046281,45302,19969.2
UKSPF,31767,Events / Exhibitions,21020,The Midlands Business Network,7046721,45320,645
Head of Health & Communities,31767,Events / Exhibitions,21031,Iron House Ventures,7046243,45306,650
Environment,31767,Events / Exhibitions,21031,Iron House Ventures,7046609,45313,600
Commonwealth Games Legacy Fund,31770,Marketing,21036,Studio Seventy Seven,7046393,45313,1105
Head of Finance & Business Planning,31571,External Advice,21040,Birmingham Analytics,7046029,45299,8047.5
Metro Programme Director,60054,Investigations and Surveys,21055,Hydrock Consultants Ltd,7046314,45322,1250
Commonwealth Games Legacy Fund,31571,External Advice,21065,Enterprise Nation,7046392,45306,32910
Commonwealth Games Legacy Fund,31571,External Advice,21065,Enterprise Nation,7046768,45320,18395
Delivery Director - Sustainable Transport,60054,Investigations and Surveys,21075,Hambleton Risk Management Limited,7046356,45306,20732.39
Head of Operational Assets - Rail Car Parks,30932,Facilities Management,21080,Excel Parking Services Limited,7045904,45299,562.5
Head of Operational Assets - Rail Car Parks,30932,Facilities Management,21080,Excel Parking Services Limited,7045906,45299,1362.5
Head of Operational Assets - Rail Car Parks,30932,Facilities Management,21080,Excel Parking Services Limited,7045907,45299,2362.5
Head of Operational Assets - Rail Car Parks,30932,Facilities Management,21080,Excel Parking Services Limited,7046939,45322,1399.61
Head of Operational Assets - Rail Car Parks,30932,Facilities Management,21080,Excel Parking Services Limited,7046940,45322,1442.97
Head of Operational Assets - Rail Car Parks,30932,Facilities Management,21080,Excel Parking Services Limited,7046941,45322,1737.45
Head of Systems Change & Inclusion,31571,External Advice,21082,VAAB Enterprises Limited T/A Unfound Studio,7046818,45322,675
Head of Systems Change & Inclusion,31571,External Advice,21082,VAAB Enterprises Limited T/A Unfound Studio,7046949,45322,675
DBT Growth Hub,31572,Consultants,21087,RE PARKER CONSULTING,7046041,45302,1488.7
DBT Growth Hub,31572,Consultants,21087,RE PARKER CONSULTING,7046180,45302,1488.7
Commonwealth Games Legacy Fund,31571,External Advice,21090,Locality,7046405,45306,16690
Head of Finance & Business Planning,30112,Learning & Development,21091,Hull College,7046620,45313,541.67
Head of Health & Communities,31774,Promotional Literature,21094,Infogr8 limited,7046659,45316,9280
Head of Health & Communities,31771,Stakeholder Engagement,21097,The William Wilson Turner Foundation (CIO),7046575,45313,1470.83
Head of Governance,30112,Learning & Development,21099,Governance Training and Consultancy Ltd,7046063,45299,995
UKSPF,31767,Events / Exhibitions,21106,The Sign Life ltd,7045964,45302,750
Metro Programme Director,60140,Compensation Claims,21119,Balle Limited T/A Subway,7046971,45322,49232
Thrive at Work,31577,Professional Advice,21176,The Wellbeing Project Limited,7046965,45322,27700
Mayoral Events,31767,Events / Exhibitions,21182,UK Bodyguards Security,7046775,45322,2632
Head of Operational Assets - Bus Infrastructure,30755,EPI Maintenance,5006,VIX ACIS Ltd,7046298,45306,22319.43
Head of IT Delivery,31608,Software Maintenance,5011,Unit 4 Business Software Limited,7045908,45293,173451.94
Adult Education,32751,Provider Delivery Fees - Grant,5054,Birmingham City Council,8014739,45314,850194.42
Adult Education,32751,Provider Delivery Fees - Grant,5054,Birmingham City Council,8014740,45314,29368.46
Tendered Bus Services,32425,Subsidised Services,5055,Diamond Bus Ltd,40604,45313,484456.26
Tendered Bus Services,32425,Subsidised Services,5055,Diamond Bus Ltd,40605,45313,161424.24
Tendered Bus Services,32425,Subsidised Services,5055,Diamond Bus Ltd,3004154,45293,302809.55
Concessions Schemes,32430,Child Travel Pass Concession,5055,Diamond Bus Ltd,40607,45313,6551.63
Bromsgrove Rail Station,31602,Telephone - Land Line,5070,British Telecommunications plc,3004151,45295,602.06
Bromsgrove Rail Station,31602,Telephone - Land Line,5070,British Telecommunications plc,3004221,45313,602.06
Head of Operational Assets - Bus Infrastructure,30757,Shelter Repairs,5077,Bus Shelters Ltd,7045897,45295,2900.37
Head of Operational Assets - Bus Infrastructure,30757,Shelter Repairs,5077,Bus Shelters Ltd,7046900,45322,6800
Head of Operational Assets - Bus Infrastructure,30757,Shelter Repairs,5077,Bus Shelters Ltd,7046901,45322,4067.5
Head of Operational Assets - Bus Infrastructure,30757,Shelter Repairs,5077,Bus Shelters Ltd,7046902,45322,3940
Head of Operational Assets - Bus Infrastructure,60395,Physical Construction,5077,Bus Shelters Ltd,7044976,45313,4185.68
Head of Operational Assets - Bus Infrastructure,60395,Physical Construction,5077,Bus Shelters Ltd,7044977,45313,4185.68
Head of Operational Assets - Bus Infrastructure,60636,Bus Shelter Purchases,5077,Bus Shelters Ltd,7045893,45295,4104.91
Head of Operational Assets - Bus Infrastructure,60636,Bus Shelter Purchases,5077,Bus Shelters Ltd,7045894,45295,3830.42
Head of Operational Assets - Bus Infrastructure,60636,Bus Shelter Purchases,5077,Bus Shelters Ltd,7045898,45295,3533.38
Head of Operational Assets - Bus Infrastructure,60636,Bus Shelter Purchases,5077,Bus Shelters Ltd,7045911,45295,3927.66
Head of Operational Assets - Bus Infrastructure,60636,Bus Shelter Purchases,5077,Bus Shelters Ltd,7045912,45295,3941.66
Head of Operational Assets - Bus Infrastructure,60636,Bus Shelter Purchases,5077,Bus Shelters Ltd,7045913,45295,3463.75
Head of Operational Assets - Bus Infrastructure,60636,Bus Shelter Purchases,5077,Bus Shelters Ltd,7045914,45295,3336.06
Head of Operational Assets - Bus Infrastructure,60636,Bus Shelter Purchases,5077,Bus Shelters Ltd,7045915,45295,3927.66
Head of Operational Assets - Bus Infrastructure,60636,Bus Shelter Purchases,5077,Bus Shelters Ltd,7045916,45295,3927.66
Head of Operational Assets - Bus Infrastructure,60636,Bus Shelter Purchases,5077,Bus Shelters Ltd,7045917,45295,3927.66
Head of Operational Assets - Bus Infrastructure,60636,Bus Shelter Purchases,5077,Bus Shelters Ltd,7045918,45295,3955.66
Head of Operational Assets - Bus Infrastructure,60636,Bus Shelter Purchases,5077,Bus Shelters Ltd,7045919,45295,4165.66
Head of Operational Assets - Bus Infrastructure,60636,Bus Shelter Purchases,5077,Bus Shelters Ltd,7045920,45295,3985.06
Head of Operational Assets - Bus Infrastructure,60636,Bus Shelter Purchases,5077,Bus Shelters Ltd,7045921,45295,3823.92
Head of Operational Assets - Bus Infrastructure,60636,Bus Shelter Purchases,5077,Bus Shelters Ltd,7046886,45322,3987.62
Head of Operational Assets - Bus Infrastructure,60636,Bus Shelter Purchases,5077,Bus Shelters Ltd,7046887,45322,5255.08
Head of Operational Assets - Bus Infrastructure,60636,Bus Shelter Purchases,5077,Bus Shelters Ltd,7046888,45322,3816.42
Head of Operational Assets - Bus Infrastructure,60636,Bus Shelter Purchases,5077,Bus Shelters Ltd,7046889,45322,3830.89
Head of Operational Assets - Bus Infrastructure,60636,Bus Shelter Purchases,5077,Bus Shelters Ltd,7046890,45322,4356.48
Head of Operational Assets - Bus Infrastructure,60636,Bus Shelter Purchases,5077,Bus Shelters Ltd,7046891,45322,5160.98
Head of Operational Assets - Bus Infrastructure,60636,Bus Shelter Purchases,5077,Bus Shelters Ltd,7046892,45322,4912.06
Head of Operational Assets - Bus Infrastructure,60636,Bus Shelter Purchases,5077,Bus Shelters Ltd,7046893,45322,3782.42
Head of Operational Assets - Bus Infrastructure,60636,Bus Shelter Purchases,5077,Bus Shelters Ltd,7046894,45322,3841.62
Head of Operational Assets - Bus Infrastructure,60636,Bus Shelter Purchases,5077,Bus Shelters Ltd,7046895,45322,4280.85
Head of Bus,31671,Revenue Contributions to Third Parties,5134,Community Transport Birmingham,3004132,45295,5392.79
Director of Strategic Partnerships and Integration,30010,Secondee Costs,5147,Coventry City Council,7045554,45295,12783
Director of Strategic Partnerships and Integration,30010,Secondee Costs,5147,Coventry City Council,7046332,45313,4261
Homelessness,31671,Revenue Contributions to Third Parties,5147,Coventry City Council,7046773,45320,15000
Adult Education,32751,Provider Delivery Fees - Grant,5147,Coventry City Council,8014739,45314,440697.33
Adult Education,32751,Provider Delivery Fees - Grant,5147,Coventry City Council,8014740,45314,3292.12
Head of Network Transformation,60002,Local Authority Staff Costs,5147,Coventry City Council,7046120,45299,5486.4
Head of Network Transformation,60002,Local Authority Staff Costs,5147,Coventry City Council,7046215,45302,6604
Director of Network Resilience,60561,Contributions to 3rd Parties,5147,Coventry City Council,3004239,45316,150741.04
Head of Finance & Business Planning,30008,Agency Staff ( Established Posts),5229,Hays Specialist Recruitment,3004138,45295,1700.75
Head of Swift,30009,Staff Agency Services,5229,Hays Specialist Recruitment,3004138,45295,869.06
Director of Midlands Connect,30009,Staff Agency Services,5229,Hays Specialist Recruitment,3004138,45295,2257.16
"Executive Director of Strategy, Integration and Ne",30009,Staff Agency Services,5229,Hays Specialist Recruitment,3004138,45295,2652.75
Head of IT Delivery,30009,Staff Agency Services,5229,Hays Specialist Recruitment,3004138,45295,4620.4
ICT Project,30009,Staff Agency Services,5229,Hays Specialist Recruitment,3004138,45295,13859.35
Head of Governance,30009,Staff Agency Services,5229,Hays Specialist Recruitment,3004138,45295,14819.15
Head of Finance & Business Planning,30009,Staff Agency Services,5229,Hays Specialist Recruitment,3004138,45295,4242.55
Metro Programme Director,30009,Staff Agency Services,5229,Hays Specialist Recruitment,3004188,45295,7127.2
Head of Swift,30009,Staff Agency Services,5229,Hays Specialist Recruitment,3004188,45295,869.08
Director of Midlands Connect,30009,Staff Agency Services,5229,Hays Specialist Recruitment,3004188,45295,1128.58
"Executive Director of Strategy, Integration and Ne",30009,Staff Agency Services,5229,Hays Specialist Recruitment,3004188,45295,2072.47
Head of IT Delivery,30009,Staff Agency Services,5229,Hays Specialist Recruitment,3004188,45295,4620.4
ICT Project,30009,Staff Agency Services,5229,Hays Specialist Recruitment,3004188,45295,6772.8
Head of Governance,30009,Staff Agency Services,5229,Hays Specialist Recruitment,3004188,45295,15013.76
Head of Finance & Business Planning,30009,Staff Agency Services,5229,Hays Specialist Recruitment,3004188,45295,3450.53
Director of Midlands Connect,30009,Staff Agency Services,5229,Hays Specialist Recruitment,3004189,45295,1128.58
"Executive Director of Strategy, Integration and Ne",30009,Staff Agency Services,5229,Hays Specialist Recruitment,3004189,45295,828.98
Head of IT Delivery,30009,Staff Agency Services,5229,Hays Specialist Recruitment,3004189,45295,4620.4
ICT Project,30009,Staff Agency Services,5229,Hays Specialist Recruitment,3004189,45295,3654.7
Head of Governance,30009,Staff Agency Services,5229,Hays Specialist Recruitment,3004189,45295,9189.97
Head of Swift,30009,Staff Agency Services,5229,Hays Specialist Recruitment,3004218,45313,869.08
Head of IT Delivery,30009,Staff Agency Services,5229,Hays Specialist Recruitment,3004218,45313,997.78
ICT Project,30009,Staff Agency Services,5229,Hays Specialist Recruitment,3004218,45313,7653.5
Head of Governance,30009,Staff Agency Services,5229,Hays Specialist Recruitment,3004218,45313,7058.24
Head of Finance & Business Planning,30009,Staff Agency Services,5229,Hays Specialist Recruitment,3004218,45313,2262.65
Programme Support and Assurance,30009,Staff Agency Services,5229,Hays Specialist Recruitment,3004218,45313,5102.25
Head of Swift,30009,Staff Agency Services,5229,Hays Specialist Recruitment,3004220,45313,714.32
Director of Midlands Connect,30009,Staff Agency Services,5229,Hays Specialist Recruitment,3004220,45313,2032.99
Commonwealth Games Legacy Fund,30009,Staff Agency Services,5229,Hays Specialist Recruitment,3004220,45313,1906.67
Head of IT Delivery,30009,Staff Agency Services,5229,Hays Specialist Recruitment,3004220,45313,4546.7
ICT Project,30009,Staff Agency Services,5229,Hays Specialist Recruitment,3004220,45313,3798.39
Head of Governance,30009,Staff Agency Services,5229,Hays Specialist Recruitment,3004220,45313,9522.2
Head of Finance & Business Planning,30009,Staff Agency Services,5229,Hays Specialist Recruitment,3004220,45313,4779.96
Head of Swift,30009,Staff Agency Services,5229,Hays Specialist Recruitment,3004263,45320,869.08
Commonwealth Games Legacy Fund,30009,Staff Agency Services,5229,Hays Specialist Recruitment,3004263,45320,2901.45
Head of IT Delivery,30009,Staff Agency Services,5229,Hays Specialist Recruitment,3004263,45320,4620.4
ICT Project,30009,Staff Agency Services,5229,Hays Specialist Recruitment,3004263,45320,7370
Head of Governance,30009,Staff Agency Services,5229,Hays Specialist Recruitment,3004263,45320,14111.3
Head of Finance & Business Planning,30009,Staff Agency Services,5229,Hays Specialist Recruitment,3004263,45320,3846.54
Metro Programme Director,30009,Staff Agency Services,5229,Hays Specialist Recruitment,3004264,45320,7483.56
Head of Swift,30009,Staff Agency Services,5229,Hays Specialist Recruitment,3004264,45320,869.08
Director of Midlands Connect,30009,Staff Agency Services,5229,Hays Specialist Recruitment,3004264,45320,1128.58
Commonwealth Games Legacy Fund,30009,Staff Agency Services,5229,Hays Specialist Recruitment,3004264,45320,2486.96
Head of IT Delivery,30009,Staff Agency Services,5229,Hays Specialist Recruitment,3004264,45320,4620.4
ICT Project,30009,Staff Agency Services,5229,Hays Specialist Recruitment,3004264,45320,2551.15
Head of Governance,30009,Staff Agency Services,5229,Hays Specialist Recruitment,3004264,45320,16075.2
Head of Finance & Business Planning,30009,Staff Agency Services,5229,Hays Specialist Recruitment,3004264,45320,3846.49
Leadership,30115,Staff Recruitment Costs,5229,Hays Specialist Recruitment,7046228,45306,1750
16 Summer Lane FM,30501,Fire Prevention & Safety,5331,Trios Facilities Management limited,7046539,45313,993.6
Head of Operational Assets - Bus Stations,30502,Routine Maintenance,5331,Trios Facilities Management limited,7045382,45295,704.4
Head of Operational Assets - Bus Stations,30502,Routine Maintenance,5331,Trios Facilities Management limited,7045511,45295,1212.51
Head of Operational Assets - Bus Stations,30502,Routine Maintenance,5331,Trios Facilities Management limited,7045621,45295,609.39
Head of Operational Assets - Bus Stations,30502,Routine Maintenance,5331,Trios Facilities Management limited,7045732,45295,513.38
Head of Operational Assets - Bus Stations,30502,Routine Maintenance,5331,Trios Facilities Management limited,7046158,45299,1471.73
Head of Operational Assets - Bus Stations,30502,Routine Maintenance,5331,Trios Facilities Management limited,7046170,45299,1009.58
Head of Operational Assets - Bus Stations,30502,Routine Maintenance,5331,Trios Facilities Management limited,7046210,45313,825.31
Head of Operational Assets - Bus Stations,30502,Routine Maintenance,5331,Trios Facilities Management limited,7046388,45306,13194.19
Head of Operational Assets - Bus Stations,30502,Routine Maintenance,5331,Trios Facilities Management limited,7046653,45316,591.43
Head of Operational Assets - Rail Car Parks,30502,Routine Maintenance,5331,Trios Facilities Management limited,7046664,45316,596
16 Summer Lane FM,30502,Routine Maintenance,5331,Trios Facilities Management limited,7046785,45320,4224.41
16 Summer Lane FM,30502,Routine Maintenance,5331,Trios Facilities Management limited,7046814,45322,5036.88
Head of Operational Assets - Bus Stations,30502,Routine Maintenance,5331,Trios Facilities Management limited,7046815,45320,13194.19
Head of Operational Assets - Rail Car Parks,30502,Routine Maintenance,5331,Trios Facilities Management limited,7046816,45320,1695.95
Head of Operational Assets - Bus Stations,30502,Routine Maintenance,5331,Trios Facilities Management limited,7046847,45322,695
Head of Operational Assets - Bus Stations,30751,Window & Door Maintenance,5331,Trios Facilities Management limited,7046169,45302,578.53
Head of Operational Assets - Bus Stations,30751,Window & Door Maintenance,5331,Trios Facilities Management limited,7046408,45313,3234
Head of Operational Assets - Rail Car Parks,30751,Window & Door Maintenance,5331,Trios Facilities Management limited,7046656,45316,701
16 Summer Lane FM,30751,Window & Door Maintenance,5331,Trios Facilities Management limited,7046785,45320,501.54
16 Summer Lane FM,30752,Lift Maintenance,5331,Trios Facilities Management limited,7046070,45302,1489.25
Head of Operational Assets - Bus Stations,30756,Maintenance of Lighting,5331,Trios Facilities Management limited,7045381,45295,1315.97
Head of Operational Assets - Bus Stations,30756,Maintenance of Lighting,5331,Trios Facilities Management limited,7046591,45316,671.83
Head of Operational Assets - Bus Stations,30756,Maintenance of Lighting,5331,Trios Facilities Management limited,7046652,45322,745.55
Head of Operational Assets - Bus Stations,60395,Physical Construction,5331,Trios Facilities Management limited,7046399,45306,1380
Tendered Bus Services,32425,Subsidised Services,5337,Stagecoach,40604,45313,233249.44
Tendered Bus Services,32425,Subsidised Services,5337,Stagecoach,40605,45313,76589.02
Tendered Bus Services,32425,Subsidised Services,5337,Stagecoach,40606,45313,12180
Metro Programme Director,60050,Feasibility Studies,5349,SYSTRA Ltd,7046821,45322,83230
Metro Programme Director,60050,Feasibility Studies,5349,SYSTRA Ltd,7046822,45322,6697
Mayoral Election Costs,31571,External Advice,5433,Royal Mail Group Ltd,7013542,45316,311064.54
Director of Communications,31767,Events / Exhibitions,5441,Sandwell MBC,7046846,45322,5000
Adult Education,32751,Provider Delivery Fees - Grant,5441,Sandwell MBC,8014739,45314,110833.33
Head of Operational Assets - Bus Stations,30721,Water Charges,5467,Source For Business,7045853,45295,611.27
"Director of Policy, Strategy & Innovation",31571,External Advice,5476,Steer,7046617,45313,43188.75
"Director of Policy, Strategy & Innovation",31571,External Advice,5476,Steer,7046618,45313,16220
Head of IT Delivery,31602,Telephone - Land Line,5493,Virgin Media Business,7046581,45316,582.1
Head of IT Delivery,31602,Telephone - Land Line,5493,Virgin Media Business,7046933,45322,582.1
Tendered Bus Services,32425,Subsidised Services,5533,Travel West Midlands,40604,45313,309327.38
Tendered Bus Services,32425,Subsidised Services,5533,Travel West Midlands,40605,45313,105733.13
Tendered Bus Services,32425,Subsidised Services,5533,Travel West Midlands,40606,45313,2000
Tendered Bus Services,32425,Subsidised Services,5550,Walsall Community Transport,40604,45313,36993.24
Tendered Bus Services,32425,Subsidised Services,5550,Walsall Community Transport,40605,45313,12331.08
Tendered Bus Services,32425,Subsidised Services,5550,Walsall Community Transport,3004157,45293,3529.7
Director of Network Resilience,31571,External Advice,5556,West Midlands Police,7046367,45306,9676.97
Tendered Bus Services,32425,Subsidised Services,5558,West Midlands Travel Ltd,3004155,45293,5556325.8
Head of Network Transformation,60561,Contributions to 3rd Parties,5558,West Midlands Travel Ltd,3004169,45293,907511.24
Delivery Director - Sustainable Transport,60561,Contributions to 3rd Parties,5572,Wolverhampton City Council,3004278,45322,49701.89
Head of Governance,31573,Legal Fees,5600,Sundry Creditors,3004259,45320,5500
Mayoral Events,31767,Events / Exhibitions,5600,Sundry Creditors,3004168,45293,4504
Inclusion,31774,Promotional Literature,5600,Sundry Creditors,3004214,45306,2000
Metro Programme Director,60140,Compensation Claims,5600,Sundry Creditors,3004137,45295,19610
Metro Programme Director,60143,Insurance,5600,Sundry Creditors,3004203,45316,1950
Head of Operational Assets - Bus Infrastructure,60630,Land Acquisition,5600,Sundry Creditors,3004167,45293,6500000
Metro Programme Director,60393,Early Contractor Involvement,5603,Birmingham City Council,7037410,45295,61952
Delivery Director - Metro,31571,External Advice,5695,Mott MacDonald,7045672,45302,1432.86
Director of Midlands Connect,31571,External Advice,5695,Mott MacDonald,7045778,45320,34351.9
Director of Midlands Connect,31571,External Advice,5695,Mott MacDonald,7046312,45302,1500
Director of Midlands Connect,31571,External Advice,5695,Mott MacDonald,7046313,45302,4402.84
Director of Strategic Partnerships and Integration,31571,External Advice,5695,Mott MacDonald,7046650,45316,4747
Metro Programme Director,60001,Project Support Costs,5695,Mott MacDonald,7045976,45299,8903.04
Metro Programme Director,60001,Project Support Costs,5695,Mott MacDonald,7045977,45299,10297.76
Metro Programme Director,60633,Tram Purchase Payments,5695,Mott MacDonald,7046668,45316,7818.1
Concessions Schemes,32433,Other Concessions ( Metro & Rail ),5858,Chiltern Railways,3004184,45295,3714.26
Concessions Schemes,32433,Other Concessions ( Metro & Rail ),5858,Chiltern Railways,3004274,45322,3714.2
Mayoral Events,31770,Marketing,6151,Aurora Graphics and Displays,7046573,45313,720
Director of Network Resilience,60343,Site Office Costs,6151,Aurora Graphics and Displays,7046536,45313,1129
Metro Programme Director,60111,Land Advice,6275,Winckworth Sherwood,7045758,45299,1014
Director of Network Resilience,30008,Agency Staff ( Established Posts),6316,AECOM Limited,7046268,45306,15669.5
Delivery Director - Sustainable Transport,60191,Design Works,6316,AECOM Limited,7046309,45306,14003.34
Delivery Director - Sustainable Transport,60191,Design Works,6316,AECOM Limited,7046310,45306,24203.81
Delivery Director - Sustainable Transport,60191,Design Works,6316,AECOM Limited,7046311,45306,7580.46
Delivery Director - Sustainable Transport,60191,Design Works,6316,AECOM Limited,7046598,45313,44978.54
Metro Programme Director,60111,Land Advice,6355,Bruton Knowles (Mgt Fees),7045310,45295,2766.5
Metro Programme Director,60111,Land Advice,6355,Bruton Knowles (Mgt Fees),7046250,45322,2873
Metro Programme Director,60111,Land Advice,6355,Bruton Knowles (Mgt Fees),7046251,45316,2008.75
Tendered Bus Services,32425,Subsidised Services,6434,Landflight Travel Services Ltd,40604,45313,70361.94
Tendered Bus Services,32425,Subsidised Services,6434,Landflight Travel Services Ltd,40605,45313,23453.98
Concessions Schemes,32430,Child Travel Pass Concession,6434,Landflight Travel Services Ltd,40607,45313,906.95
Head of Bus,60191,Design Works,6800,Atkins Transport Planning,7045035,45302,8955.3
Head of Bus,60191,Design Works,6800,Atkins Transport Planning,7045986,45295,11940.4
Director of Midlands Connect,31571,External Advice,6821,Network Rail,7046067,45299,11939.45
Investment Programme Financing,60560,Network Rail Costs,6821,Network Rail,7046017,45295,66599.34
Director of Development & Delivery,60560,Network Rail Costs,6821,Network Rail,7046766,45320,1918.35
Head of IT Delivery,31603,IT Hardware,6867,Probrand Limited,7046441,45313,725.7
Events & Stakeholder,31767,Events / Exhibitions,6973,West Midlands Growth Company Limited,7046952,45322,3000
Adult Education,32751,Provider Delivery Fees - Grant,7007,City of Wolverhampton College,8014739,45314,1208459.16
Adult Education,32751,Provider Delivery Fees - Grant,7007,City of Wolverhampton College,8014740,45314,37946.69
Director of Housing & Regeneration,30601,Electricity,7068,EDF Energy Customers Limited,7046986,45322,2349.39
Director of Network Resilience,60343,Site Office Costs,7096,Grantcf,7046424,45306,6977
Metro Programme Director,60395,Physical Construction,7127,Total Integrated Solutions Ltd,7045023,45295,4340.64
Metro Programme Director,60395,Physical Construction,7127,Total Integrated Solutions Ltd,7045785,45316,2159.4
Director of Network Resilience,60638,CCTV Supply and Installation,7127,Total Integrated Solutions Ltd,7045009,45316,40721.93
Director of Network Resilience,60638,CCTV Supply and Installation,7127,Total Integrated Solutions Ltd,7045729,45316,123473.68
Head of Governance,30008,Agency Staff ( Established Posts),7129,Venn Group,7046010,45295,1744.47
Head of Governance,30008,Agency Staff ( Established Posts),7129,Venn Group,7046012,45295,1820
Head of Governance,30008,Agency Staff ( Established Posts),7129,Venn Group,7046032,45299,2934.47
Head of Governance,30008,Agency Staff ( Established Posts),7129,Venn Group,7046033,45299,2736.2
Head of Governance,30008,Agency Staff ( Established Posts),7129,Venn Group,7046081,45299,2379.3
Head of Governance,30008,Agency Staff ( Established Posts),7129,Venn Group,7046082,45299,2934.47
Head of Governance,30008,Agency Staff ( Established Posts),7129,Venn Group,7046083,45299,2934.47
Head of Governance,30008,Agency Staff ( Established Posts),7129,Venn Group,7046084,45299,2934.47
Head of Governance,30008,Agency Staff ( Established Posts),7129,Venn Group,7046085,45299,2934.47
Head of Governance,30008,Agency Staff ( Established Posts),7129,Venn Group,7046086,45299,2934.47
Head of Governance,30008,Agency Staff ( Established Posts),7129,Venn Group,7046087,45299,2275
Head of Governance,30008,Agency Staff ( Established Posts),7129,Venn Group,7046089,45299,1495.26
Head of Governance,30008,Agency Staff ( Established Posts),7129,Venn Group,7046307,45316,2934.47
Head of Governance,30008,Agency Staff ( Established Posts),7129,Venn Group,7046308,45316,2934.47
Head of Governance,30008,Agency Staff ( Established Posts),7129,Venn Group,7046529,45316,1560
Head of Governance,30008,Agency Staff ( Established Posts),7129,Venn Group,7046703,45316,1495
Head of Governance,30008,Agency Staff ( Established Posts),7129,Venn Group,7046704,45316,1254.91
Head of Governance,30008,Agency Staff ( Established Posts),7129,Venn Group,7046905,45322,1495
Head of Governance,30008,Agency Staff ( Established Posts),7129,Venn Group,7046906,45322,1536.8
Director of Network Resilience,30115,Staff Recruitment Costs,7129,Venn Group,7045999,45295,6572.25
Head of Finance & Business Planning,30115,Staff Recruitment Costs,7129,Venn Group,7046449,45313,4625.25
Metro Director,30115,Staff Recruitment Costs,7129,Venn Group,7046450,45316,8425.65
Sprint,60141,Legal Advice,7129,Venn Group,7046009,45295,627
Head of Finance & Business Planning,31571,External Advice,7156,Integra Associates,7046161,45299,693.5
Head of Finance & Business Planning,31571,External Advice,7156,Integra Associates,7046162,45316,2372.5
Head of Finance & Business Planning,31571,External Advice,7156,Integra Associates,7046192,45300,1000
16 Summer Lane FM,31546,Franking Machine & Scales,7157,Pitney Bowes Limited,7046277,45306,2365.95
16 Summer Lane FM,31605,Postage,7157,Pitney Bowes Limited,7046277,45306,2199.95
UKSPF,31770,Marketing,7163,Central IT,7046917,45322,2804.18
Information Delivery Team,30509,Replaced Stop Flags,7176,Mallatite,7046049,45299,7103.28
Head of Operational Assets - Bus Infrastructure,30757,Shelter Repairs,7176,Mallatite,7045494,45295,2872.54
Head of Operational Assets - Bus Infrastructure,30757,Shelter Repairs,7176,Mallatite,7046048,45299,10635.58
Head of Operational Assets - Bus Infrastructure,30757,Shelter Repairs,7176,Mallatite,7046202,45302,82072.66
Head of Operational Assets - Bus Infrastructure,30757,Shelter Repairs,7176,Mallatite,7046203,45302,2872.54
Head of Operational Assets - Bus Infrastructure,60395,Physical Construction,7176,Mallatite,7045966,45295,10000
Head of Operational Assets - Bus Infrastructure,60395,Physical Construction,7176,Mallatite,7046050,45299,5880
Head of Operational Assets - Rail Car Parks,60395,Physical Construction,7176,Mallatite,7046051,45299,12010
Managing Director for TfWM,31572,Consultants,7297,Steve Bramall,7046261,45302,1000
Head of Operational Assets - Bus Infrastructure,30755,EPI Maintenance,7350,Journeo Passenger Systems Limited,7046194,45306,654.32
Head of Operational Assets - Bus Infrastructure,30755,EPI Maintenance,7350,Journeo Passenger Systems Limited,7046200,45306,654.32
Head of Operational Assets - Bus Infrastructure,30755,EPI Maintenance,7350,Journeo Passenger Systems Limited,7046402,45306,659
Head of Operational Assets - Bus Infrastructure,60640,RTI Supply and Installation,7350,Journeo Passenger Systems Limited,7046792,45320,3463.2
Information Delivery Team,60801,IT Software - Capital,7350,Journeo Passenger Systems Limited,7046241,45302,5000
Integrated Data Team,60801,IT Software - Capital,7350,Journeo Passenger Systems Limited,7046625,45316,52458.43
Head of Operational Assets - Bus Infrastructure,30755,EPI Maintenance,7368,Mobius Networks Ltd,7045954,45295,1585
Tendered Bus Services,32425,Subsidised Services,7385,Travel Express Ltd,40604,45313,21251.88
Tendered Bus Services,32425,Subsidised Services,7385,Travel Express Ltd,40605,45313,7083.96
Tendered Bus Services,32425,Subsidised Services,7385,Travel Express Ltd,3004153,45293,35359.66
Concessions Schemes,32430,Child Travel Pass Concession,7385,Travel Express Ltd,40607,45313,844.83
Tendered Bus Services,32425,Subsidised Services,7395,Banga Buses,40604,45313,14886.87
Tendered Bus Services,32425,Subsidised Services,7395,Banga Buses,40605,45313,4962.29
Tendered Bus Services,32425,Subsidised Services,7395,Banga Buses,3004152,45293,26578.66
Concessions Schemes,32430,Child Travel Pass Concession,7395,Banga Buses,40607,45313,775.53
16 Summer Lane FM,31262,Vehicle Contract Hire,7465,City Sprint,7046412,45313,969.2
Head of Operational Assets - Bus Infrastructure,30758,Timetable Cases,7483,Mitie Cleaning and Environmental Services Ltd,7046746,45316,1606.32
Head of Operational Assets - Bus Stations,30883,Cleaning,7483,Mitie Cleaning and Environmental Services Ltd,7045702,45316,4696.23
Head of Operational Assets - Bus Stations,30883,Cleaning,7483,Mitie Cleaning and Environmental Services Ltd,7046419,45313,59184.56
Head of Operational Assets - Bus Infrastructure,30884,Shelter Cleaning,7483,Mitie Cleaning and Environmental Services Ltd,7046744,45316,90540.84
Head of Operational Assets - Bus Infrastructure,30885,Cleaning & Inspection of Stop Poles,7483,Mitie Cleaning and Environmental Services Ltd,7046060,45299,6361.43
16 Summer Lane FM,31651,Consumables,7483,Mitie Cleaning and Environmental Services Ltd,7045940,45295,940.2
16 Summer Lane FM,31651,Consumables,7483,Mitie Cleaning and Environmental Services Ltd,7045941,45295,1070.05
16 Summer Lane FM,31651,Consumables,7483,Mitie Cleaning and Environmental Services Ltd,7045943,45295,904.44
16 Summer Lane FM,31651,Consumables,7483,Mitie Cleaning and Environmental Services Ltd,7046135,45302,1464.46
Sprint,60343,Site Office Costs,7483,Mitie Cleaning and Environmental Services Ltd,7046136,45322,1566.26
Sprint,60343,Site Office Costs,7483,Mitie Cleaning and Environmental Services Ltd,7046137,45322,1566.26
Sprint,60343,Site Office Costs,7483,Mitie Cleaning and Environmental Services Ltd,7046138,45322,1566.26
Sprint,60343,Site Office Costs,7483,Mitie Cleaning and Environmental Services Ltd,7046139,45322,1566.26
Sprint,60343,Site Office Costs,7483,Mitie Cleaning and Environmental Services Ltd,7046140,45322,1566.26
Sprint,60343,Site Office Costs,7483,Mitie Cleaning and Environmental Services Ltd,7046141,45322,1566.26
Sprint,60343,Site Office Costs,7483,Mitie Cleaning and Environmental Services Ltd,7046142,45322,6642.64
Concessions Schemes,32433,Other Concessions ( Metro & Rail ),7495,XC Trains Ltd,3004186,45295,12021.41
Concessions Schemes,32433,Other Concessions ( Metro & Rail ),7495,XC Trains Ltd,3004272,45322,12021.41
Delivery Director - Metro,31571,External Advice,7556,SNC-Lavalin Rail & Transit Limited,7045718,45302,7683.77
Director of Midlands Connect,31571,External Advice,7564,NLA MEDIA ACCESS LTD,7046772,45320,1324.4
Head of IT Delivery,31610,Mobile Computing,7626,MLL Telecom Ltd,7046074,45302,9000
ICT Project,31610,Mobile Computing,7626,MLL Telecom Ltd,7046685,45316,1500
Head of IT Delivery,31610,Mobile Computing,7626,MLL Telecom Ltd,7046701,45316,1571.66
Director of Network Resilience,60561,Contributions to 3rd Parties,7653,Solihull MBC,3004279,45322,46858.74
Investment Programme Financing,60562,Local Authority IP Costs,7653,Solihull MBC,3004217,45306,349775.68
Ticketing Services Manager,31953,Mobility Clinics,7691,Access Independent Ltd,7046007,45295,570
Ticketing Services Manager,31953,Mobility Clinics,7691,Access Independent Ltd,7046805,45320,570
Metro Programme Director,60611,Telephone Utility Costs,7717,BT Openreach,3004071,45316,6819.91
Head of Swift,31651,Consumables,7821,Ticketmedia Ltd,7046013,45295,1477.54
Safety and Security Manager,31576,Safety & Security,7846,British Transport Police,7046205,45302,12881.72
Director of Midlands Connect,31571,External Advice,7882,Basemap Limited,7046660,45316,4700
Metro Programme Director,60001,Project Support Costs,7884,Turner & Townsend,7045895,45295,17550
Metro Programme Director,60001,Project Support Costs,7884,Turner & Townsend,7045900,45295,8854.25
Metro Programme Director,60001,Project Support Costs,7884,Turner & Townsend,7046291,45306,3685.5
Metro Programme Director,60051,Quantitative Assessments/Audits,7884,Turner & Townsend,7046712,45320,12187.94
Metro Programme Director,60051,Quantitative Assessments/Audits,7884,Turner & Townsend,7046713,45320,5823.44
Inclusion,30119,Staff Welfare,7923,Reward Gateway UK Ltd,7045535,45295,21848
Head of Network Transformation,60191,Design Works,7933,Integrated Transport Planning Ltd,7046272,45302,1257
Head of Operational Assets - Bus Infrastructure,30757,Shelter Repairs,7966,Causeway Technologies Ltd,7046691,45316,11792
West Midlands Cycle Hire,31571,External Advice,7966,Causeway Technologies Ltd,7046690,45316,827
Delivery Director - Sustainable Transport,60800,IT Hardware - Capital,7966,Causeway Technologies Ltd,7046964,45322,2778
Director of Midlands Connect,31571,External Advice,7996,WSP UK,7040797,45306,13398
Environment,31572,Consultants,7996,WSP UK,7046808,45320,25000
Head of Network Transformation,60191,Design Works,7996,WSP UK,7046622,45320,2552
Head of Network Transformation,60191,Design Works,7996,WSP UK,7046623,45320,1400
Safety and Security Manager,30754,CCTV,8001,Man Commercial Protection Ltd,7046148,45306,60183.5
Safety and Security Manager,31575,Security Services,8001,Man Commercial Protection Ltd,7046149,45299,24560.25
Safety and Security Manager,31575,Security Services,8001,Man Commercial Protection Ltd,7046150,45299,2637.1
Safety and Security Manager,31575,Security Services,8001,Man Commercial Protection Ltd,7046151,45299,9559.27
16 Summer Lane FM,31575,Security Services,8001,Man Commercial Protection Ltd,7046231,45302,16158.22
Bus Service Improvement Plan (BSIP),31575,Security Services,8001,Man Commercial Protection Ltd,7046415,45306,11217.18
Delivery Director - Rail,60391,Security Works,8001,Man Commercial Protection Ltd,7042621,45313,2007.51
Delivery Director - Rail,60391,Security Works,8001,Man Commercial Protection Ltd,7042622,45313,2007.51
Delivery Director - Rail,60391,Security Works,8001,Man Commercial Protection Ltd,7042658,45313,12074.25
Delivery Director - Rail,60391,Security Works,8001,Man Commercial Protection Ltd,7042659,45313,12112.5
Delivery Director - Rail,60391,Security Works,8001,Man Commercial Protection Ltd,7042681,45313,755
Delivery Director - Rail,60391,Security Works,8001,Man Commercial Protection Ltd,7043700,45313,1846.62
Delivery Director - Rail,60391,Security Works,8001,Man Commercial Protection Ltd,7043701,45313,2044.62
Delivery Director - Rail,60391,Security Works,8001,Man Commercial Protection Ltd,7043751,45313,11011.75
Delivery Director - Rail,60391,Security Works,8001,Man Commercial Protection Ltd,7043752,45313,11696
Delivery Director - Rail,60391,Security Works,8001,Man Commercial Protection Ltd,7045046,45313,2720
Delivery Director - Rail,60391,Security Works,8001,Man Commercial Protection Ltd,7045047,45313,2720
Information Delivery Team,31770,Marketing,8105,Pindar Creative,7045860,45295,1471
Information Delivery Team,31770,Marketing,8105,Pindar Creative,7045861,45295,917.58
Delivery Director - Sustainable Transport,60820,Publicity and PR,8105,Pindar Creative,7045980,45295,656
Delivery Director - Sustainable Transport,60820,Publicity and PR,8105,Pindar Creative,7046998,45322,656
Head of Operational Assets - Bus Stations,30502,Routine Maintenance,8118,MITIE Landscapes Ltd,7046327,45302,8632.63
Head of Operational Assets - Rail Car Parks,30502,Routine Maintenance,8118,MITIE Landscapes Ltd,7046328,45306,3603.85
16 Summer Lane FM,30502,Routine Maintenance,8118,MITIE Landscapes Ltd,7046329,45306,501.23
Bromsgrove Rail Station,30502,Routine Maintenance,8118,MITIE Landscapes Ltd,7046767,45320,2500.47
Bromsgrove Rail Station,30502,Routine Maintenance,8118,MITIE Landscapes Ltd,7046791,45320,2500.47
Head of Operational Assets - Rail Car Parks,30933,Landscape Maintenance,8118,MITIE Landscapes Ltd,7044927,45295,7987.5
Head of Operational Assets - Bus Stations,30933,Landscape Maintenance,8118,MITIE Landscapes Ltd,7045867,45295,2040
Head of Operational Assets - Rail Car Parks,30933,Landscape Maintenance,8118,MITIE Landscapes Ltd,7045958,45295,4500
Head of Operational Assets - Rail Car Parks,30933,Landscape Maintenance,8118,MITIE Landscapes Ltd,7046014,45295,5011.2
Head of Operational Assets - Rail Car Parks,10286,Other Revenue Income,8138,Vernon Print and Design,7046611,45316,745
Metro Programme Director,60633,Tram Purchase Payments,8143,Construcciones Y Auxiliar De Ferrocarriles S.A.,7046031,45299,142104.61
Metro Programme Director,60633,Tram Purchase Payments,8143,Construcciones Y Auxiliar De Ferrocarriles S.A.,7046789,45322,1564533.3
Metro Programme Director,60633,Tram Purchase Payments,8143,Construcciones Y Auxiliar De Ferrocarriles S.A.,7046790,45322,1813525.49
ICT Project,31608,Software Maintenance,8242,Trustmarque Solutions Ltd,7046553,45316,16579.08
Head of IT Delivery,31608,Software Maintenance,8242,Trustmarque Solutions Ltd,7046667,45316,646.8
Metro Director,31571,External Advice,8274,ITS Testing Services UK Ltd,7046015,45320,1278.4
Metro Director,31571,External Advice,8274,ITS Testing Services UK Ltd,7046299,45320,1278.4
Metro Director,30661,Rents,8448,National Grid Electricity Distribution,7043199,45293,9273.4
Director of Network Resilience,60001,Project Support Costs,8512,CDC TECHNICAL SERVICES LTD,7045901,45299,870
Metro Programme Director,60001,Project Support Costs,8607,SF Recruitment Limited,7045948,45302,2077.45
Metro Programme Director,60001,Project Support Costs,8607,SF Recruitment Limited,7046021,45302,2077.45
Metro Programme Director,60001,Project Support Costs,8607,SF Recruitment Limited,7046364,45313,1661.96
Metro Programme Director,60001,Project Support Costs,8607,SF Recruitment Limited,7046390,45313,2077.45
Metro Programme Director,60001,Project Support Costs,8607,SF Recruitment Limited,7046778,45322,2077.45
Metro Programme Director,60001,Project Support Costs,8607,SF Recruitment Limited,7046779,45322,2077.45
Head of Swift,31608,Software Maintenance,8620,EUCLID LTD,7046027,45302,6916.66
Head of Swift,31608,Software Maintenance,8620,EUCLID LTD,7046237,45302,7287.48
Head of Swift,31608,Software Maintenance,8620,EUCLID LTD,7046238,45302,9164.01
Head of Swift,31608,Software Maintenance,8620,EUCLID LTD,7046239,45302,45000
Head of Swift,31608,Software Maintenance,8620,EUCLID LTD,7046439,45306,19189.6
Ticketing Services Manager,31954,Concession Card Production,8620,EUCLID LTD,7042713,45295,2008.56
Head of IT Delivery,31608,Software Maintenance,8624,BYTES SOFTWARE SERVCIES LTD,7045956,45295,2390.4
Head of IT Delivery,31606,Hardware Maintenance,8674,Canon (UK) Ltd,7046269,45302,865.52
Metro Programme Director,60001,Project Support Costs,8698,Ridge and Partners LLP,7045885,45295,15465.56
Metro Programme Director,60001,Project Support Costs,8698,Ridge and Partners LLP,7046132,45299,9879.58
Metro Programme Director,60001,Project Support Costs,8698,Ridge and Partners LLP,7046353,45316,7920
Metro Programme Director,60001,Project Support Costs,8698,Ridge and Partners LLP,7046523,45316,5481.16
Metro Programme Director,60560,Network Rail Costs,8701,Network Rail Infrastructure Ltd,3004078,45316,1000
Director of Midlands Connect,30010,Secondee Costs,8703,Nottingham City Council,7046246,45302,12253.6
Director of Midlands Connect,31571,External Advice,8717,PA Consulting,7046985,45322,25000
Head of Swift,60110,Financial & Commerical Advice,8717,PA Consulting,7046278,45302,9500
Head of Swift,60110,Financial & Commerical Advice,8717,PA Consulting,7046280,45302,22500
Metro Programme Director,60393,Early Contractor Involvement,8725,Colas Rail Limited,7046761,45316,5138929.34
Metro Programme Director,60191,Design Works,8747,Pell Frischmann,7045957,45294,659081.39
Head of Network Transformation,60191,Design Works,8747,Pell Frischmann,7046300,45320,5771.97
Head of Network Transformation,60191,Design Works,8747,Pell Frischmann,7046532,45320,7500
Head of Network Transformation,60191,Design Works,8747,Pell Frischmann,7046657,45320,7300
Metro Programme Director,60191,Design Works,8747,Pell Frischmann,7046897,45322,493090.99
Industrial Strategy,31572,Consultants,8782,University of Birmingham,7046224,45302,1736.11
Executive Director WMRE,31671,Revenue Contributions to Third Parties,8782,University of Birmingham,7046597,45313,39958.2
Director of Midlands Connect,31767,Events / Exhibitions,8782,University of Birmingham,7045715,45302,5100
Metro Programme Director,60801,IT Software - Capital,8786,Tractivity,7046173,45320,12000
Cycling for Everyone,31671,Revenue Contributions to Third Parties,8817,Solihull MBC,3004265,45320,96439.73
Events & Stakeholder,31767,Events / Exhibitions,8821,Buffet Express,7046903,45322,1545.5
Cycling for Everyone,31571,External Advice,8829,Phil Jones Associates Limited,7046019,45295,4995
Sustainable Travel,60001,Project Support Costs,8829,Phil Jones Associates Limited,7045779,45295,2000
Sustainable Travel,60001,Project Support Costs,8829,Phil Jones Associates Limited,7046267,45302,2101.2
Sustainable Travel,60001,Project Support Costs,8829,Phil Jones Associates Limited,7046684,45316,2000
Head of Operational Assets - Bus Infrastructure,30757,Shelter Repairs,8832,RW Services Contractors Ltd,7044973,45322,3106.62
Director of Midlands Connect,31571,External Advice,8872,Arcadis LLP,7045865,45295,2374.43
Director of Midlands Connect,31571,External Advice,8872,Arcadis LLP,7045866,45299,9934.15
Director of Midlands Connect,31571,External Advice,8872,Arcadis LLP,7046533,45313,828.56
Director of Midlands Connect,31571,External Advice,8872,Arcadis LLP,7046583,45313,999.16
Director of Midlands Connect,31571,External Advice,8872,Arcadis LLP,7046672,45316,8413.95
Head of Network Transformation,60191,Design Works,8872,Arcadis LLP,7046582,45320,28001.33
Head of Network Transformation,60191,Design Works,8872,Arcadis LLP,7046624,45320,19136
16 Summer Lane FM,31541,Printing & Office Supplies,8884,Banner Group Limited,7046217,45316,804.76
Head of Operational Assets - Rail Car Parks,30601,Electricity,8892,Total Energies Gas and Power Limited,7045470,45320,939.95
Head of Operational Assets - Rail Car Parks,30601,Electricity,8892,Total Energies Gas and Power Limited,7046454,45320,607.6
Head of Operational Assets - Rail Car Parks,30601,Electricity,8892,Total Energies Gas and Power Limited,7046455,45320,1081.98
Head of Operational Assets - Rail Car Parks,30601,Electricity,8892,Total Energies Gas and Power Limited,7046457,45320,1174.41
Head of Operational Assets - Bus Stations,30601,Electricity,8892,Total Energies Gas and Power Limited,7046458,45313,6449.18
Bromsgrove Rail Station,30601,Electricity,8892,Total Energies Gas and Power Limited,7046459,45313,5518.48
Head of Operational Assets - Rail Car Parks,30601,Electricity,8892,Total Energies Gas and Power Limited,7046460,45320,577.34
Head of Operational Assets - Bus Stations,30601,Electricity,8892,Total Energies Gas and Power Limited,7046467,45320,4314.97
Head of Operational Assets - Bus Stations,30601,Electricity,8892,Total Energies Gas and Power Limited,7046476,45316,2155.19
Head of Operational Assets - Bus Infrastructure,30601,Electricity,8892,Total Energies Gas and Power Limited,7046487,45316,1038.9
16 Summer Lane FM,30601,Electricity,8892,Total Energies Gas and Power Limited,7046488,45322,59332.22
Head of Operational Assets - Bus Stations,30601,Electricity,8892,Total Energies Gas and Power Limited,7046489,45316,5650.47
Head of Operational Assets - Bus Stations,30601,Electricity,8892,Total Energies Gas and Power Limited,7046490,45316,11363.33
16 Summer Lane FM,30601,Electricity,8892,Total Energies Gas and Power Limited,7046491,45313,12915.27
Head of Operational Assets - Rail Car Parks,30601,Electricity,8892,Total Energies Gas and Power Limited,7046492,45320,716.18
Head of Operational Assets - Bus Stations,30601,Electricity,8892,Total Energies Gas and Power Limited,7046494,45316,3663.49
Head of Operational Assets - Bus Stations,30601,Electricity,8892,Total Energies Gas and Power Limited,7046495,45320,2990.28
Head of Operational Assets - Bus Stations,30601,Electricity,8892,Total Energies Gas and Power Limited,7046498,45316,2510.73
Head of Operational Assets - Bus Stations,30601,Electricity,8892,Total Energies Gas and Power Limited,7046500,45316,640.28
Head of Operational Assets - Bus Stations,30601,Electricity,8892,Total Energies Gas and Power Limited,7046505,45320,4065.57
Head of Operational Assets - Rail Car Parks,30601,Electricity,8892,Total Energies Gas and Power Limited,7046510,45320,858.98
Head of Operational Assets - Rail Car Parks,30601,Electricity,8892,Total Energies Gas and Power Limited,7046511,45320,502.88
Head of Operational Assets - Bus Infrastructure,30601,Electricity,8892,Total Energies Gas and Power Limited,7046513,45316,6751.99
Head of Operational Assets - Bus Infrastructure,30601,Electricity,8892,Total Energies Gas and Power Limited,7046514,45316,54306.03
Head of Operational Assets - Rail Car Parks,30601,Electricity,8892,Total Energies Gas and Power Limited,7046515,45320,3829.35
16 Summer Lane FM,30602,Gas,8892,Total Energies Gas and Power Limited,7046473,45313,5940.72
Head of Operational Assets - Bus Stations,30602,Gas,8892,Total Energies Gas and Power Limited,7046475,45316,798
Head of Operational Assets - Bus Stations,30602,Gas,8892,Total Energies Gas and Power Limited,7046524,45316,632.11
Head of Governance,31577,Professional Advice,8897,Trowers and Hamlins LLP,7046174,45299,10000
Head of Governance,31577,Professional Advice,8897,Trowers and Hamlins LLP,7046175,45299,10000
Director of Housing & Regeneration,60001,Project Support Costs,8897,Trowers and Hamlins LLP,7045863,45302,21875.5
Head of Swift,60141,Legal Advice,8897,Trowers and Hamlins LLP,7045899,45295,4873
"Director of Policy, Strategy & Innovation",60141,Legal Advice,8897,Trowers and Hamlins LLP,7046599,45313,6852
"Director of Policy, Strategy & Innovation",60141,Legal Advice,8897,Trowers and Hamlins LLP,7046600,45313,6852
Delivery Director - Metro,31571,External Advice,8912,Railway & Tramway Engineering Ltd,7045090,45299,2250
Accessible Transport - Customer Service,30008,Agency Staff ( Established Posts),8915,Hart Recruitment Ltd,7046371,45313,1743.17
Accessible Transport - Customer Service,30008,Agency Staff ( Established Posts),8915,Hart Recruitment Ltd,7046372,45313,1767.55
Bus Service Improvement Plan (BSIP),30008,Agency Staff ( Established Posts),8915,Hart Recruitment Ltd,7046373,45313,1645.65
Accessible Transport - Customer Service,30008,Agency Staff ( Established Posts),8915,Hart Recruitment Ltd,7046376,45313,914.25
Bus Service Improvement Plan (BSIP),30008,Agency Staff ( Established Posts),8915,Hart Recruitment Ltd,7046438,45313,1097.1
Accessible Transport - Customer Service,30009,Staff Agency Services,8915,Hart Recruitment Ltd,7045614,45295,2559.9
Accessible Transport - Customer Service,30009,Staff Agency Services,8915,Hart Recruitment Ltd,7045937,45299,2742.75
Accessible Transport - Customer Service,30009,Staff Agency Services,8915,Hart Recruitment Ltd,7045978,45299,3119.93
Accessible Transport - Customer Service,30009,Staff Agency Services,8915,Hart Recruitment Ltd,7046374,45313,1813.45
Accessible Transport - Customer Service,30009,Staff Agency Services,8915,Hart Recruitment Ltd,7046396,45313,2466.69
Accessible Transport - Customer Service,30009,Staff Agency Services,8915,Hart Recruitment Ltd,7046636,45322,3022.41
Accessible Transport - Customer Service,30009,Staff Agency Services,8915,Hart Recruitment Ltd,7046784,45322,2754.23
Director of Integrated Network Services,31571,External Advice,8935,Addleshaw Goddard LLP,7045975,45295,101165.83
Concessions Schemes,31963,Concessionary Sch Mgt Costs,8935,Addleshaw Goddard LLP,7046035,45302,2414.2
Delivery Director - Rail,60141,Legal Advice,8935,Addleshaw Goddard LLP,7039558,45316,4197
Delivery Director - Rail,60141,Legal Advice,8935,Addleshaw Goddard LLP,7043637,45316,5396.4
Delivery Director - Rail,60141,Legal Advice,8935,Addleshaw Goddard LLP,7045753,45295,15347.75
Delivery Director - Rail,60141,Legal Advice,8935,Addleshaw Goddard LLP,7045947,45295,7501
Delivery Director - Rail,60141,Legal Advice,8935,Addleshaw Goddard LLP,7046005,45295,13015.5
Director of Network Resilience,31571,External Advice,8946,Civica UK Limited,7046176,45316,4750
Director of Midlands Connect,30661,Rents,8967,Anglo Scandinavian Estates 4 LLP,7045968,45302,12676.12
Director of Midlands Connect,30661,Rents,8967,Anglo Scandinavian Estates 4 LLP,7046409,45313,12676.12
Director of Midlands Connect,30661,Rents,8967,Anglo Scandinavian Estates 4 LLP,7046726,45322,6154.52
Adult Education,32751,Provider Delivery Fees - Grant,8978,City of Wolverhampton Council,8014739,45314,273603.17
Adult Education,32751,Provider Delivery Fees - Grant,8978,City of Wolverhampton Council,8014740,45314,1004.87
Metro Programme Director,60394,Traffic Management,8978,City of Wolverhampton Council,7046825,45322,2141
Concessions Schemes,32433,Other Concessions ( Metro & Rail ),8981,West Midlands Trains Limited,3004183,45295,139994.26
Concessions Schemes,32433,Other Concessions ( Metro & Rail ),8981,West Midlands Trains Limited,3004273,45322,139994.26
16 Summer Lane FM,30502,Routine Maintenance,9022,Gary Boyce Contracts LTD,7045859,45295,528.34
Director of Network Resilience,60632,Infrastructure Enhancements,9022,Gary Boyce Contracts LTD,7045668,45299,5082.82
"Director of Policy, Strategy & Innovation",60054,Investigations and Surveys,9023,Nationwide Data Collection,7046578,45313,9750
"Director of Policy, Strategy & Innovation",60054,Investigations and Surveys,9023,Nationwide Data Collection,7046579,45313,38020
Metro Director,31571,External Advice,9071,Midland Metro Ltd,7046614,45316,4877.84
Concessions Schemes,32430,Child Travel Pass Concession,9071,Midland Metro Ltd,40607,45313,1870
Metro Programme Director,60001,Project Support Costs,9071,Midland Metro Ltd,7046616,45316,1955.25
Metro Programme Director,60870,Training,9071,Midland Metro Ltd,7046615,45316,1500
Metro Director,31572,Consultants,9076,JFN Engineering,7046709,45316,1466.67
UKSPF,31572,Consultants,9078,Warwick university,7046255,45302,19085
Head of Organisational Development,30114,Occupational Health,9087,BHSF Group Limited,7046282,45302,1784.17
Head of Organisational Development,30114,Occupational Health,9087,BHSF Group Limited,7046794,45320,1350
UKSPF,31767,Events / Exhibitions,9097,Millennium Point,7046722,45320,911.4
Metro Programme Director,60143,Insurance,9101,Marsh JLT Speciality Ltd,7046052,45299,2383.44
Metro Programme Director,60143,Insurance,9101,Marsh JLT Speciality Ltd,7046053,45299,795.47
Metro Programme Director,60143,Insurance,9101,Marsh JLT Speciality Ltd,7046054,45299,2772.04
Metro Programme Director,60143,Insurance,9101,Marsh JLT Speciality Ltd,7046062,45299,6587.84
Metro Programme Director,60143,Insurance,9101,Marsh JLT Speciality Ltd,7046076,45299,683.96
Metro Programme Director,60143,Insurance,9101,Marsh JLT Speciality Ltd,7046077,45299,3124.28
Metro Programme Director,60143,Insurance,9101,Marsh JLT Speciality Ltd,7046078,45299,1251.4
Metro Programme Director,60143,Insurance,9101,Marsh JLT Speciality Ltd,7046560,45313,24266.67
Metro Programme Director,60143,Insurance,9101,Marsh JLT Speciality Ltd,7046561,45313,29866.66
Metro Programme Director,60143,Insurance,9101,Marsh JLT Speciality Ltd,7046562,45313,31733.33
Metro Programme Director,60143,Insurance,9101,Marsh JLT Speciality Ltd,7046563,45313,25200
Metro Programme Director,60143,Insurance,9101,Marsh JLT Speciality Ltd,7046564,45313,22400
Metro Programme Director,60143,Insurance,9101,Marsh JLT Speciality Ltd,7046762,45316,204393.25
Head of Governance,30008,Agency Staff ( Established Posts),9104,Sellick Partnership Limited,7046118,45316,1205.43
Head of Governance,30008,Agency Staff ( Established Posts),9104,Sellick Partnership Limited,7046184,45316,2476.41
Head of Governance,30008,Agency Staff ( Established Posts),9104,Sellick Partnership Limited,7046320,45316,1530.42
Head of Governance,30008,Agency Staff ( Established Posts),9104,Sellick Partnership Limited,7046554,45316,2629.59
Head of Governance,30008,Agency Staff ( Established Posts),9104,Sellick Partnership Limited,7046715,45316,2508.15
Head of Governance,30008,Agency Staff ( Established Posts),9104,Sellick Partnership Limited,7046974,45322,2886.96
Metro Programme Director,60820,Publicity and PR,9113,Vuelio,7046323,45302,10494.97
Delivery Director - Sustainable Transport,60800,IT Hardware - Capital,9125,Riskonnect Active Risk Limited,7046242,45302,5700
Head of Operational Assets - Bus Stations,30881,Removal of Refuse,9130,Biffa Waste Services Ltd,7045025,45295,584.61
16 Summer Lane FM,30881,Removal of Refuse,9130,Biffa Waste Services Ltd,7046102,45299,569.62
Head of Operational Assets - Bus Stations,30881,Removal of Refuse,9130,Biffa Waste Services Ltd,7046105,45299,584.61
Head of Operational Assets - Bus Stations,30881,Removal of Refuse,9130,Biffa Waste Services Ltd,7046106,45299,554.63
Delivery Director - Rail,60111,Land Advice,9151,Gateley Hamer,7044565,45295,3894
IPS Programme,32752,Provider Delivery Fees - Contract,9156,Shaw Trust,7046340,45302,546870.9
Head of Operational Assets - Bus Stations,30502,Routine Maintenance,9172,DABS Ltd,7046670,45316,1400
Director of Housing & Regeneration,31571,External Advice,9177,Thomas Lister ltd,7046216,45302,6000
Metro Programme Director,60392,Enabling Works,9179,CPC Civils,7046723,45322,24649.88
Delivery Director - Sustainable Transport,30008,Agency Staff ( Established Posts),9183,Waterman Aspen,7045924,45295,3280
Delivery Director - Sustainable Transport,30008,Agency Staff ( Established Posts),9183,Waterman Aspen,7046164,45302,3116
Delivery Director - Sustainable Transport,30008,Agency Staff ( Established Posts),9183,Waterman Aspen,7046645,45316,3280
Delivery Director - Sustainable Transport,30008,Agency Staff ( Established Posts),9183,Waterman Aspen,7046801,45320,3280
Future Mobility Zone to FTZ – DRT University of Warwick,31571,External Advice,9183,Waterman Aspen,7046820,45322,2400
Managing Director for TfWM,31572,Consultants,9183,Waterman Aspen,7046110,45299,750
Head of Swift,31572,Consultants,9183,Waterman Aspen,7046644,45313,8152
Sprint,60001,Project Support Costs,9183,Waterman Aspen,7045925,45295,2400
Delivery Director - Sustainable Transport,60001,Project Support Costs,9183,Waterman Aspen,7045927,45295,5332
Sprint,60001,Project Support Costs,9183,Waterman Aspen,7045928,45295,2400
Sprint,60001,Project Support Costs,9183,Waterman Aspen,7046163,45299,2400
Sprint,60001,Project Support Costs,9183,Waterman Aspen,7046166,45299,2400
Sprint,60001,Project Support Costs,9183,Waterman Aspen,7046647,45313,2160
Metro Programme Director,60001,Project Support Costs,9183,Waterman Aspen,7046717,45316,2400
Sprint,60001,Project Support Costs,9183,Waterman Aspen,7046802,45322,2160
Head of Bus,60001,Project Support Costs,9183,Waterman Aspen,7046810,45322,500.4
Delivery Director - Sustainable Transport,60054,Investigations and Surveys,9183,Waterman Aspen,7045926,45295,6030
Delivery Director - Sustainable Transport,60054,Investigations and Surveys,9183,Waterman Aspen,7046165,45299,1656
Delivery Director - Sustainable Transport,60054,Investigations and Surveys,9183,Waterman Aspen,7046646,45313,1008
Tendered Bus Services,32425,Subsidised Services,9191,Kevs Cars & Coaches,40604,45313,69839.79
Tendered Bus Services,32425,Subsidised Services,9191,Kevs Cars & Coaches,40605,45313,23279.93
Adult Education,32751,Provider Delivery Fees - Grant,9237,SOUTH & CITY COLLEGE BIRMINGHAM,8014739,45314,1878159.08
Adult Education,32751,Provider Delivery Fees - Grant,9237,SOUTH & CITY COLLEGE BIRMINGHAM,8014740,45314,52708.93
Adult Education,32751,Provider Delivery Fees - Grant,9238,BIRMINGHAM METROPOLITAN COLLEGE,8014739,45314,688487.74
Adult Education,32751,Provider Delivery Fees - Grant,9238,BIRMINGHAM METROPOLITAN COLLEGE,8014740,45314,26905.36
Adult Education,32751,Provider Delivery Fees - Grant,9240,SANDWELL COLLEGE,8014739,45314,375150.67
Adult Education,32751,Provider Delivery Fees - Grant,9240,SANDWELL COLLEGE,8014740,45314,28831.15
Adult Education,32751,Provider Delivery Fees - Grant,9241,DUDLEY COLLEGE,8014739,45314,449578.28
Adult Education,32751,Provider Delivery Fees - Grant,9241,DUDLEY COLLEGE,8014740,45314,47159.79
Adult Education,32751,Provider Delivery Fees - Grant,9242,WALSALL COLLEGE,8014739,45314,610815.17
Adult Education,32751,Provider Delivery Fees - Grant,9242,WALSALL COLLEGE,8014740,45314,152845.02
Commonwealth Games Legacy Fund,31671,Revenue Contributions to Third Parties,9243,SOLIHULL COLLEGE AND UNIVERSITY CENTRE,7046996,45322,20000
Commonwealth Games Legacy Fund,31770,Marketing,9243,SOLIHULL COLLEGE AND UNIVERSITY CENTRE,7046996,45322,2000
Adult Education,32751,Provider Delivery Fees - Grant,9243,SOLIHULL COLLEGE AND UNIVERSITY CENTRE,8014739,45314,454693
Adult Education,32751,Provider Delivery Fees - Grant,9243,SOLIHULL COLLEGE AND UNIVERSITY CENTRE,8014740,45314,16066.17
Director of Housing & Regeneration,31571,External Advice,9248,Savills,7046571,45316,3950
Adult Education,32751,Provider Delivery Fees - Grant,9249,fircroft college,8014739,45314,170767.5
Adult Education,32751,Provider Delivery Fees - Grant,9249,fircroft college,8014740,45314,26115.48
Delivery Director - Rail,60194,Transport Planning,9260,SLC Aecom JV,7045331,45306,14263.86
Delivery Director - Rail,60194,Transport Planning,9260,SLC Aecom JV,7045797,45295,188033.44
Delivery Director - Rail,60194,Transport Planning,9260,SLC Aecom JV,7045805,45295,107838.68
Delivery Director - Rail,60194,Transport Planning,9260,SLC Aecom JV,7045808,45302,170436.91
Delivery Director - Rail,60194,Transport Planning,9260,SLC Aecom JV,7045809,45295,8169.8
Delivery Director - Rail,60194,Transport Planning,9260,SLC Aecom JV,7045811,45295,18587.72
Delivery Director - Rail,60194,Transport Planning,9260,SLC Aecom JV,7046642,45313,79763.83
Delivery Director - Rail,60194,Transport Planning,9260,SLC Aecom JV,7046643,45313,128888.27
Delivery Director - Rail,60194,Transport Planning,9260,SLC Aecom JV,7046688,45316,5037.48
Delivery Director - Rail,60194,Transport Planning,9260,SLC Aecom JV,7046945,45322,8967.58
Delivery Director - Rail,60194,Transport Planning,9260,SLC Aecom JV,7046967,45322,12294.24
Delivery Director - Rail,60194,Transport Planning,9260,SLC Aecom JV,7046969,45322,585.42
Delivery Director - Rail,60194,Transport Planning,9260,SLC Aecom JV,7046972,45322,3001.92
Delivery Director - Rail,60194,Transport Planning,9260,SLC Aecom JV,7046973,45322,2078.19
Adult Education,32751,Provider Delivery Fees - Grant,9273,Heart of Worcester College Redditch,8014739,45314,108582.17
Adult Education,32751,Provider Delivery Fees - Grant,9273,Heart of Worcester College Redditch,8014740,45314,4471.44
Adult Education,32751,Provider Delivery Fees - Grant,9288,Coventry College,8014739,45314,298702.17
Adult Education,32751,Provider Delivery Fees - Grant,9288,Coventry College,8014740,45314,14533.13
Adult Education,32751,Provider Delivery Fees - Grant,9289,South Staffordshire College,8014739,45314,23904.67
Adult Education,32751,Provider Delivery Fees - Grant,9289,South Staffordshire College,8014740,45314,1356.3
Adult Education,32751,Provider Delivery Fees - Grant,9290,Joseph Chamberlain Sixth Form College,8014739,45314,201726.5
Adult Education,32751,Provider Delivery Fees - Grant,9293,Halesowen College,8014739,45314,118027
Adult Education,32751,Provider Delivery Fees - Grant,9293,Halesowen College,8014740,45314,73011.24
Adult Education,32751,Provider Delivery Fees - Grant,9294,Telford College,8014739,45314,221174.63
Adult Education,32751,Provider Delivery Fees - Grant,9297,Hereward College,8014739,45314,6932.67
Adult Education,32751,Provider Delivery Fees - Grant,9297,Hereward College,8014740,45314,625.07
Adult Education,32751,Provider Delivery Fees - Grant,9298,North Warwickshire and South Leicestershire Colleg,8014739,45314,73495.67
Adult Education,32751,Provider Delivery Fees - Grant,9298,North Warwickshire and South Leicestershire Colleg,8014740,45314,723.66
Director of Network Resilience,31571,External Advice,9305,Liquid Public Relations Limited,7046247,45313,3200
Adult Education,32752,Provider Delivery Fees - Contract,9311,Pilot IMS Limited,8014740,45314,40505.03
Construction Skills,32752,Provider Delivery Fees - Contract,9371,RMF Construction,7046334,45302,7058.33
Adult Education,32751,Provider Delivery Fees - Grant,9379,Warwickshire College Group,8014739,45314,31438.1
Adult Education,32751,Provider Delivery Fees - Grant,9379,Warwickshire College Group,8014741,45314,890.44
Internal Communications,31610,Mobile Computing,9409,Invotra,7046092,45306,2278.74
Director of Housing & Regeneration,60001,Project Support Costs,9422,Freeths LLP (Client Account),7046214,45302,4201.6
Director of Housing & Regeneration,60141,Legal Advice,9422,Freeths LLP (Client Account),7046214,45302,4893.5
Head of Governance,31577,Professional Advice,9424,Eversheds Sutherland - Client Account,7046541,45313,16477
Head of Governance,31577,Professional Advice,9424,Eversheds Sutherland - Client Account,7046542,45313,3645
Director of Housing & Regeneration,31571,External Advice,9446,Amion Consulting Ltd,7045930,45295,1440
Director of Housing & Regeneration,31571,External Advice,9446,Amion Consulting Ltd,7045931,45295,587.5
Director of Housing & Regeneration,31571,External Advice,9446,Amion Consulting Ltd,7045932,45295,13775
Director of Housing & Regeneration,31571,External Advice,9446,Amion Consulting Ltd,7045959,45295,6122
Director of Housing & Regeneration,31571,External Advice,9446,Amion Consulting Ltd,7045960,45295,1890
Director of Housing & Regeneration,31571,External Advice,9446,Amion Consulting Ltd,7046036,45302,3901.5
Metro Programme Director,60050,Feasibility Studies,9446,Amion Consulting Ltd,7045929,45295,7000
Metro Programme Director,60050,Feasibility Studies,9446,Amion Consulting Ltd,7045933,45295,2000
Metro Programme Director,60050,Feasibility Studies,9446,Amion Consulting Ltd,7045934,45295,3000
Metro Programme Director,60050,Feasibility Studies,9446,Amion Consulting Ltd,7045961,45299,4715
Bus Stations Operations,60820,Publicity and PR,9460,Bizz Creative,7046322,45322,1225.7
Director of Housing & Regeneration,31571,External Advice,9501,Avison Young,7046254,45302,3000
Director of Housing & Regeneration,31571,External Advice,9501,Avison Young,7046262,45302,680
Director of Housing & Regeneration,31571,External Advice,9501,Avison Young,7046263,45302,1190
Business Energy Advice Service (BEAS),31770,Marketing,9546,Koala,7045938,45306,4785
Delivery Director - Rail,60001,Project Support Costs,9560,Faithful+Gould,7045791,45295,14336
Delivery Director - Rail,60001,Project Support Costs,9560,Faithful+Gould,7045792,45295,7168
Executive Director WMRE,60001,Project Support Costs,9560,Faithful+Gould,7045793,45295,7538
Delivery Director - Rail,60001,Project Support Costs,9560,Faithful+Gould,7045794,45295,16280
Delivery Director - Rail,60001,Project Support Costs,9560,Faithful+Gould,7045973,45295,12544
Delivery Director - Rail,60001,Project Support Costs,9560,Faithful+Gould,7045988,45295,8800
Sprint,60001,Project Support Costs,9560,Faithful+Gould,7045989,45302,11077.95
Delivery Director - Rail,60001,Project Support Costs,9560,Faithful+Gould,7046675,45320,9680
ICT Project,31603,IT Hardware,9575,Sumillion,7046333,45322,52594.21
Head of IT Delivery,31603,IT Hardware,9575,Sumillion,7046521,45313,1726.5
Sprint,60800,IT Hardware - Capital,9581,thinkproject UK Limited,7046512,45313,4950
Director of Development & Delivery,60801,IT Software - Capital,9581,thinkproject UK Limited,7045699,45295,2168.1
Investment Programme Financing,60801,IT Software - Capital,9581,thinkproject UK Limited,7045699,45295,4401.9
Adult Education,32751,Provider Delivery Fees - Grant,9593,Shrewsbury Colleges Group,8014739,45314,6089.66
Adult Education,32752,Provider Delivery Fees - Contract,9594,Netcom Training Ltd,8014741,45314,260515.76
West Midlands Cycle Hire,31571,External Advice,9596,Serco Ltd,7046347,45313,3600
West Midlands Cycle Hire,31571,External Advice,9596,Serco Ltd,7046368,45313,3294.12
West Midlands Cycle Hire,31578,Management Fees,9596,Serco Ltd,7045663,45295,15766
West Midlands Cycle Hire,31578,Management Fees,9596,Serco Ltd,7046346,45313,118733.71
Adult Education,32752,Provider Delivery Fees - Contract,9598,Back 2 Work Complete Training Ltd,8014741,45314,26590.56
Adult Education,32752,Provider Delivery Fees - Contract,9601,Enterkey Training Ltd,8014741,45314,11957.35
Adult Education,32752,Provider Delivery Fees - Contract,9603,Challenge TRG Skills Limited,8014741,45314,90489.25
Adult Education,32752,Provider Delivery Fees - Contract,9604,Release Potential Ltd,8014741,45314,62011.31
Adult Education,32751,Provider Delivery Fees - Grant,9612,Dudley Metropolitan Borough Council,8014739,45314,125526.17
Adult Education,32751,Provider Delivery Fees - Grant,9613,University College Birmingham,8014739,45314,55258.18
Adult Education,32751,Provider Delivery Fees - Grant,9613,University College Birmingham,8014741,45314,10528.69
Adult Education,32751,Provider Delivery Fees - Grant,9614,The Workers Education Association,8014739,45314,62637
Adult Education,32751,Provider Delivery Fees - Grant,9615,NCG trading as Kidderminster College,8014739,45314,5005.63
Head of Operational Assets - Bus Stations,30502,Routine Maintenance,9640,Durolas,7046838,45322,1950
Head of Operational Assets - Rail Car Parks,30502,Routine Maintenance,9640,Durolas,7046839,45322,750
Director of Development & Delivery,60395,Physical Construction,9640,Durolas,7045892,45295,2000
Metro Programme Director,60395,Physical Construction,9673,TES Limited SME,7045974,45295,5881.85
Accessible Transport - Customer Service,31608,Software Maintenance,9684,8X8,7045873,45295,1354
Accessible Transport - Customer Service,31608,Software Maintenance,9684,8X8,7045874,45295,1354
Accessible Transport - Customer Service,31608,Software Maintenance,9684,8X8,7045875,45295,1354
Accessible Transport - Customer Service,31608,Software Maintenance,9684,8X8,7045877,45295,1354
Head of IT Delivery,31608,Software Maintenance,9684,8X8,7045878,45295,2340.1
Head of IT Delivery,31608,Software Maintenance,9684,8X8,7045879,45295,2340.16
Head of IT Delivery,31608,Software Maintenance,9684,8X8,7045880,45295,2340
Head of IT Delivery,31608,Software Maintenance,9684,8X8,7045881,45295,2340
Head of IT Delivery,31608,Software Maintenance,9684,8X8,7045882,45295,2341.84
Head of IT Delivery,31608,Software Maintenance,9684,8X8,7045883,45295,2340
Head of IT Delivery,31608,Software Maintenance,9684,8X8,7045884,45295,2340.08
Accessible Transport - Customer Service,31608,Software Maintenance,9684,8X8,7045946,45299,1354
Head of Swift,31603,IT Hardware,9698,Ticketer,7046354,45306,7200
UKSPF,31572,Consultants,9703,C&W Business Solutions,7046257,45302,21498.03
Industrial Strategy,31671,Revenue Contributions to Third Parties,9703,C&W Business Solutions,7046256,45302,249603.07
Delivery Director - Metro,31571,External Advice,9727,Highway Traffic Management Limited,7037239,45316,1090
Delivery Director - Metro,31571,External Advice,9727,Highway Traffic Management Limited,7046755,45316,1090
Metro Programme Director,60633,Tram Purchase Payments,9727,Highway Traffic Management Limited,7042863,45306,1635
Head of Operational Assets - Bus Infrastructure,30757,Shelter Repairs,9765,Birmingham City Council,7045295,45295,716
Head of Operational Assets - Bus Infrastructure,30757,Shelter Repairs,9765,Birmingham City Council,7046835,45322,816
Head of Bus,60002,Local Authority Staff Costs,9765,Birmingham City Council,7046677,45316,4552.14
Metro Programme Director,60394,Traffic Management,9765,Birmingham City Council,7045295,45295,1106
Head of Operational Assets - Bus Infrastructure,30757,Shelter Repairs,9779,Eon Energy Solutions Ltd (SE),7046585,45313,1461.3
Head of Operational Assets - Bus Infrastructure,60395,Physical Construction,9779,Eon Energy Solutions Ltd (SE),7045848,45295,1549.36
Head of Operational Assets - Bus Stations,60395,Physical Construction,9779,Eon Energy Solutions Ltd (SE),7045849,45295,17452.49
Head of Operational Assets - Bus Infrastructure,60395,Physical Construction,9779,Eon Energy Solutions Ltd (SE),7046584,45313,2260.44
Head of Operational Assets - Bus Infrastructure,60395,Physical Construction,9779,Eon Energy Solutions Ltd (SE),7046910,45322,8557.12
Head of Operational Assets - Bus Infrastructure,60395,Physical Construction,9779,Eon Energy Solutions Ltd (SE),7046911,45322,650
Head of Operational Assets - Bus Stations,60636,Bus Shelter Purchases,9779,Eon Energy Solutions Ltd (SE),7045847,45295,1579.86
Head of Operational Assets - Bus Infrastructure,30757,Shelter Repairs,9799,Dudley MBC,7046840,45322,810
Metro Programme Director,60002,Local Authority Staff Costs,9799,Dudley MBC,7046304,45322,213488.4
Metro Programme Director,60141,Legal Advice,9799,Dudley MBC,7046303,45320,17500
Metro Programme Director,60394,Traffic Management,9799,Dudley MBC,7045982,45295,822
Metro Programme Director,60394,Traffic Management,9799,Dudley MBC,7046840,45322,1752
Delivery Director - Sustainable Transport,60561,Contributions to 3rd Parties,9799,Dudley MBC,3004255,45316,52732.7
Delivery Director - Sustainable Transport,60561,Contributions to 3rd Parties,9799,Dudley MBC,3004277,45322,84047.13
Concessions Schemes,32433,Other Concessions ( Metro & Rail ),9801,First Trenitalia West Coast Rail Limited,3004187,45295,13738.35
Concessions Schemes,32433,Other Concessions ( Metro & Rail ),9801,First Trenitalia West Coast Rail Limited,3004276,45322,13738.75
Director of Housing & Regeneration,31571,External Advice,9802,Cast Consult Ltd,7045687,45295,5018
Director of Midlands Connect,31571,External Advice,9825,Atkins Réalis UK Limited,7045902,45295,7230.9
Director of Midlands Connect,31571,External Advice,9825,Atkins Réalis UK Limited,7045903,45295,9405
Director of Midlands Connect,31571,External Advice,9825,Atkins Réalis UK Limited,7046330,45313,1994.5
Delivery Director - Sustainable Transport,60890,Contingency (non-specific),9825,Atkins Réalis UK Limited,7046568,45313,21425.53
Director of Midlands Connect,31571,External Advice,9832,Censuswide Limited,7046446,45313,3600
Head of Swift,31604,IT Software Licenses and Applications,9862,Novoville,7045935,45295,12000
Head of Swift,31604,IT Software Licenses and Applications,9862,Novoville,7046297,45302,1000
Head of Swift,31604,IT Software Licenses and Applications,9862,Novoville,7046771,45320,1000
Commonwealth Games Legacy Fund,31572,Consultants,9878,ARTS COUNCIL ENGLAND,7045857,45295,4244.63
Commonwealth Games Legacy Fund,31572,Consultants,9878,ARTS COUNCIL ENGLAND,7046804,45320,4244.63
Director of Housing & Regeneration,60110,Financial & Commerical Advice,9942,Frontier Development Capital,7045886,45295,2500
Sprint,60001,Project Support Costs,9970,Arden Business Solutions Ltd,7046038,45299,8503.95
"Director of Policy, Strategy & Innovation",60001,Project Support Costs,9971,PJA Civil Engineering Limited,7046406,45306,1495
Metro Programme Director,60001,Project Support Costs,9973,Bloom Procurement Services Limited,7045119,45295,10710
Metro Programme Director,60001,Project Support Costs,9973,Bloom Procurement Services Limited,7045392,45295,9922.5
Metro Programme Director,60001,Project Support Costs,9973,Bloom Procurement Services Limited,7045393,45295,13230
Metro Programme Director,60001,Project Support Costs,9973,Bloom Procurement Services Limited,7045972,45313,18900
Metro Programme Director,60001,Project Support Costs,9973,Bloom Procurement Services Limited,7046064,45306,11121.56
Metro Programme Director,60001,Project Support Costs,9973,Bloom Procurement Services Limited,7046134,45302,11687
Metro Programme Director,60001,Project Support Costs,9973,Bloom Procurement Services Limited,7046665,45316,11121.56
Metro Programme Director,60001,Project Support Costs,9973,Bloom Procurement Services Limited,7046666,45316,11687
Metro Programme Director,60001,Project Support Costs,9973,Bloom Procurement Services Limited,7046951,45322,6300