Directorate Name,Process Used,Purchasing Body,Contract Reference,Contract Title,Contract Description,Supplier Company Name,Supplier Postcode, Annual Value , Total Contract Value (including extensions) ,OJEU?,Start Date,End Date,Contract Duration (months),Option to extend (months),How many extensions,Extension 1 Taken?,Extension 2 Taken?,Current Expiry Date,SME Supplier?,ProClass Classification,ProClass Description,Company Number,Visibility
Place,Mini-Comp,Salford City Council,S1046,DN301415,Black Refuse Sacks,JPK Trade Supplies Ltd,BS31 1SX," £24,026.00 "," £24,026.00 ",No,26/02/2018,25/02/2022,24,24,2,Yes,Yes,25/02/2022,Yes,100000,Building Construction Materials ,2602689,Public 
Service Reform,CSO Exception,Salford City Council,S1010,DN416477,Archive Services/Secure Off Site Storage,Restore Scan Ltd,RH1 5DY," £25,000.00 "," £75,000.00 ",No,01/04/2018,31/03/2022,36,12,1,,,31/03/2022,Yes,190000,Facilities & Management Services,4624743,Public
Place,CSO Exception,Salford City Council,S1228,,AutoCAD Licences,Cadline Limited,WA16 8GP," £64,415.00 "," £64,415.00 ",No,18/11/2019,17/11/2020,12,0,0,N/A,N/A,17/11/2020,No,270000,Information Communication Technology,2486719,Public
Place,ITT,AGMA/STAR,S1111,DN446014,Groceries/Chilled & Frozen Food Supply & Delivery ,Brake Bros  ,TN25 4AG," £1,000,000.00 "," £4,000,000.00 ",Yes,13/07/2015,30/04/2022,42,12,1,Yes,N/A,30/04/2022,No,110000,Catering,2035315,Public
Place,ITT,Salford City Council ,S1168,DN482780,Laundry Services at Vehicle Management and Citywide Services,Elis Ltd,RG24 8NE," £18,000.00 "," £54,000.00 ",No,01/09/2020,31/08/2022,24,12,1,,N/A,31/08/2022,Yes,130000,Cleaning & Janitorial,228604,Public
People,CSO Exception,Salford City Council,S1449,N/A,Talk English Salford ,Train-to-TEFL Ltd,IV1 1EA," £90,506.00 "," £90,506.00 ",No,01/06/2022,31/08/2022,3,0,0,N/A,N/A,31/08/2022,No,401503,Translation,09384909,Public
Service Reform,RFQ,Salford City Council,S1118,,Client Caseload Information System,Career Connect,L2 3YL," £9,282.41 "," £9,282.41 ",No,01/04/2021,31/03/2022,12,0,0,N/A,N/A,31/03/2022,No,321100,Social Community Care Supplies & Services - Children,4233289,Public
Service Reform,Other,Salford City Council,S1047,DN445721,Committee and Decisions Management System,Modern.Gov,N8 0NW," £12,510.00 "," £36,010.00 ",No,01/04/2016,31/03/2018,24,12,2,Yes,Yes,31/12/2021,Yes,270000,Information Communication Technology,2208130,Public
People,Other,STAR Procurement,S1189,,Greater Manchester Residential Framework,Various Providers,Various," £8,239,088.34 "," £16,478,176.68 ",Yes,01/04/2018,31/03/2020,24,24,4,Yes,,31/03/2022,No,321100,Social Community Care Supplies & Services - Children,Various ,Public
Place,ITT,AGMA/STAR,S1112,,"Milk, Bread & Dairy ",Creamline Dairies,M17 1PB," £25,000.00 "," £100,000.00 ",No,01/02/2017,30/04/2022,36,12,1,Yes,N/A,30/04/2022,No,110000,Catering,00396381 ,Public
Place,Mini-Comp,Salford City Council,S1414,DN597012,New Broadwalk PRU Relocation ,Robertson CE Limited,FK9 4TZ," £89,395.00 "," £89,395.00 ",No,25/04/2022,31/12/2022,2,0,0,N/A,N/A,31/12/2022,Yes,391100,"Works - Construction, Repair and Maintenance",SC249935,Public
Place,Mini-Comp,Salford City Council,S1242,DN450748,Plant Hire for Swinton Hall Road Depot - Lot 18,Hire Station Ltd,M50 1AY," £18,000.00 "," £18,000.00 ",No,31/07/2022,31/12/2022,12,12,1,Yes,n/a,31/01/2022,No,100000,Building Construction Materials ,3428037,Public
People,CSO Exception,Salford City Council,S1393,,Jobs Not Prison Project,The Broughton Trust ,M7 1NY ," £29,300.00 "," £29,300.00 ",No,01/04/2021,31/03/2022,12,12,1,,,31/03/2022,Yes,329899,Social Community Care Supplies & Services - Adult,Registered Charity,Public
Place,Mini-Comp,Salford City Council,S1242,DN450748,Plant Hire for Swinton Hall Road Depot - Lot 19,Chippindale Plant Ltd,SK6 2SR," £2,000.00 "," £2,000.00 ",No,31/07/2022,31/12/2022,12,12,1,Yes,n/a,31/12/2022,No,100000,Building Construction Materials ,467731,Public
Place,Mini-Comp,Salford City Council,S1242,DN450748,Plant Hire for Swinton Hall Road Depot - Lot 22,Chippindale Plant Ltd,SK6 2SR," £30,000.00 "," £30,000.00 ",No,31/07/2022,31/12/2022,12,12,1,Yes,n/a,31/01/2022,No,100000,Building Construction Materials ,467731,Public
People,Other,Salford City Council,S1197,,Carer Support,Five Rivers Fostering (Dublin),T12 VP94," £55,075.00 "," £110,150.00 ",No,01/05/2018,30/04/2022,24,24,2,Yes,Yes,30/04/2022,No,321100,Social Community Care Supplies & Services - Children,4236028,Public
Regeneration,Mini-Comp,Salford City Council,S1108,DN329375,Responsive Repairs Framework,Schofield & Sons Ltd,M30 9PS," £300,000.00 "," £300,000.00 ",Yes,06/08/2022,05/08/2024,24,12,2,,,05/08/2024,Yes,390000,"Works - Construction, Repair & Maintenance",025459259,Public
People,CSO Exception,Salford City Council,S1373,,Reducing Parenting Conflict Training,OnePlusOne,EC2Y 5AU," £9,500.00 "," £19,000.00 ",No,10/06/2021,31/05/2023,12,12,1,Yes,N/A,31/05/2023,Yes,401402,Troubled Families,4133340,Public
People,CSO Exception,Salford City Council,S1374,,Reducing Parenting Conflict Training,Amity Relationship Solutions,S70 5PG," £12,500.00 "," £25,000.00 ",No,10/06/2021,31/05/2023,12,12,1,Yes,N/A,31/05/2023,No,401402,Troubled Families,11930484,Public
Service Reform,Other,Salford City Council,S1127,,EHC Hub,IDOX, RG7 4SA ," £65,000.00 "," £65,000.00 ",,01/04/2018,31/03/2019,12,24,,,,30/04/2019,No,270000,Information Communication Technology,3984070,Public
People,Other,Salford City Council,S1161,,Group Based Activities for Children with Disabilities (Small Grants),"Salford Community and Voluntary
Services (SCVS)",M30 0FN," £90,000.00 "," £270,000.00 ",No,01/04/2017,26/06/2022,12,12,2,Yes,Yes,26/06/2022,No,321100,Social Community Care Supplies & Services - Children,1948293,Public
People,CSO Exception,Salford City Council,S1200,,Governor Services Software,Ortoo Technologies Ltd,NR28 0DX," £16,260.00 "," £65,040.00 ",No,01/07/2019,30/06/2024,48,12,1,,,30/06/2024,No,270000,Information Communication Technology,8142817,Public
Service Reform,CSO Exception,Salford City Council,S1087,DN445726,Enterprise Resource Planning Solution Software Package,SAP UK Ltd,TW14 8HD," £245,426.00 "," £1,227,130.00 ",Yes,01/04/2016,31/03/2021,60,0,0,N/A,N/A,31/03/2021,No,270000,Information Communication Technology,2152073,Public
Regeneration,Mini-Comp,Salford City Council,S1108,DN329375,Responsive Repairs Framework,G Jones Builders,M28 3FJ," £50,000.00 "," £50,000.00 ",Yes,06/08/2022,05/08/2024,24,12,2,,,05/08/2024,Yes,390000,"Works - Construction, Repair & Maintenance",4928174,Public
Place ,Other,Salford City Council,S1131,DN330290,Self-Service – RFID – Equipment (Books) ,Bibliotheca Ltd,SK8 7BS," £138,745.00 "," £138,745.00 ",No,01/07/2018,30/06/2022,36,12,2,Yes,,30/06/2022,Yes,270000,Information Communication Technology,2983151,Public
Place,ITT,Salford City Council,S1211,DN452639,Specialist Vehicle Hire,Leeds Commercial Vehicle Hire,M50 2GL," £180,000.00 "," £180,000.00 ",No,01/02/2020,01/07/2022,13,0,0,N/A,N/A,01/07/2022,No,380000,Vehicle Management,587618,Public
Place,Mini-Comp,Salford City Council,S1042,DN298493,Supply of Compostable Liners,Cromwell Polythene Ltd,LS25 6PL," £98,000.00 "," £392,000.00 ",No,01/12/2017,30/11/2021,24,24,2,Yes,Yes,30/11/2021,Yes,180000,Environmental Services,2230104,Public
People,CSO Exception,Salford City Council,S1249,,Coordination of Learning City Work & Developing Parental Learning Hub,The Broughton Trust ,M7 1NY," £25,000.00 "," £25,000.00 ",No,02/03/2020,31/07/2022,30,12,1,Yes,N/A,31/07/2022,No,321100,Social Community Care Supplies & Services - Children,3900840,Public
Place,Other,Salford City Council,S1173,DN419187,Tools & Equipment,P F Cusack (Tool Supplies) Ltd,N7 6NJ," £50,000.00 "," £50,000.00 ",No,01/02/2020,31/01/2022,12,0,0,N/A,N/A,15/05/2022,Yes,230000,Highway Equipment & Materials ,2404505,Public
People,CSO Exception,Salford City Council,S1248,,Learning City Work & Developing the Women's Project,Salford Foundation Limited,M5 4BD," £15,000.00 "," £40,000.00 ",No,02/03/2020,31/07/2022,30,12,1,Yes,N/A,31/07/2022,No,321100,Social Community Care Supplies & Services - Children,1002482,Public 
People,ITT,Salford City Council,S1064,DN122610,"Special Educational Needs and Disabilities Brokerage, Support, Training and Advice Service for schools and families in the Orthodox Jewish Communities in Salford","The Centre for Specialist Educational Assistance
Ltd (known as Binoh of Manchester)",M7 4GP," £55,360.00 "," £254,300.00 ",No,01/09/2022,31/08/2023,48,24,2,Yes,Yes,31/08/2023,Yes,170000,Education,3228893,Public
Place,Other,Salford City Council,S1149,,Inspection and Testing of Existing Lighting Protection System SCC,Best Services Ltd,WF10 5HW," £6,480.00 "," £14,300.00 ",No,01/04/2022,31/03/2025,36,0,0,N/A,N/A,31/03/2025,Yes,190000,Facilities & Management Services,591982,Public 
Service Reform,CSO Exception,Salford City Council,S1079,DN446054,Internet Provision (Corporate),Virgin Media Business Ltd,RG2 6UU," £30,000.00 "," £30,000.00 ",No,01/04/2021,31/03/2022,12,0,0,N/A,N/A,31/03/2022,No,270000,Information Communication Technology,1785381,Public
Service Reform,ITT,Salford City Council,S1088,,Leased Lines (Wireless),Ingenitech Ltd,SK8 5LL," £225,000.00 "," £225,000.00 ",Yes,01/07/2014,30/06/2018,48,0,0,N/A,N/A,30/06/2018,No,270000,Information Communication Technology,4598488,Public
Service Reform,ITT,Salford City Council,S1067,,Mobile Voice and Data Services,Everything Everywhere (EE),AL10 9BW," £78,000.00 "," £370,000.00 ",Yes,15/03/2017,31/07/2022,33,12,1,,,31/07/2022,No,270000,Information Communication Technology,8263590,Public
Place,Mini-Comp,Salford City Council,S1063,DN330290,Open Access Self Service Solutions in Libraries,Bibliotheca LTD,SK8 7BS," £20,883.00 "," £20,883.00 ",No,01/06/2018,31/05/2022,48,0,0,N/A,N/A,31/05/2022,No,270000,Information Communication Technology,2983151,Public
Service Reform,ITT,Salford City Council,S1008,N/A,PSN Public Buildings & Schools,British Telecommunications PLC,EC1A 7AJ," £136,304.00 "," £681,520.00 ",Yes,01/10/2014,30/09/2022,60,0,0,N/A,N/A,30/09/2022,No,270000,Information Communication Technology,1800000,Public
Service Reform,Other,Salford City Council,S1049,DN413340,Supply of Paper & Card,Premier Paper,M41 7PA," £29,205.80 "," £116,823.20 ",No,01/04/2017,31/03/2019,24,24,1,,,31/03/2019,No,340000,Stationery  ,3672117,Public
Public Health,Mini-Comp,Salford City Council,S1070,DN62445,Tech and Tea Programme,Salford Third Sector Consortium,M30 0FN," £145,000.00 "," £205,416.67 ",Yes,26/10/2017,30/09/2022,60,12,1,Yes,,30/09/2022,Yes,321100,Social Community Care Supplies & Services - Children,8328565,Public
Place,CSO Exception,Salford City Council,S1034,,The Servicing and Maintenance of Air Conditioning and Air Handling Units ,ECG Facilities Services Ltd,G72 0ND," £16,433.94 "," £16,433.94 ",No,01/04/2021,31/03/2022,12,12,2,,,31/03/2022,Yes,101700,Heating and Air Conditioning,SC298533,Public
Place,Mini-Comp,Salford City Council,S1407,DN588538,Trinity Way / Springfield Lane junction improvement,Eric Wright Civil Engineering Ltd,PR5 6AW," £710,507.51 "," £710,507.51 ",Yes,09/05/2022,31/03/2023,4,0,0,N/A,N/A,26/08/2022,Yes,390000,"Works Construction, Repair and Maintenance",02565379,Public
Service Reform,Mini-Comp,Salford City Council,S1486,N/A,Licences to support the ongoing productions of robotic software,Uipath UK Ltd,SE1 7ND," £6,720.00 "," £6,720.00 ",No,08/04/2022,07/04/2023,12,0,0,N/A,N/A,07/04/2022,Yes,271440,Software,RO 34737997,Public
Service Reform,RFQ,Salford City Council,S1493,n/a,Commvault Maintenance Renewal,CoolSpirit,S41 9FG," £31,536.77 "," £31,536.77 ",No,,,12,0,0,N/A,N/A,,Yes,271300,Information Communication Technology,3600170,Public
Place,RFQ,Salford City Council ,S1498,N/A,Construction (Design & Management) Regulations Training ,Symmons Madge Associates Limited,CF71 7DF," £8,940.00 "," £8,940.00 ",no,19/09/2022,23/09/2022,0.1,0,0,N/A,N/A,23/09/2022,No,261520,Training,6576247,Public
Public Health,Other,Salford City Council,S1152,DN445736,Active Lifestyle Service for Adults & Physical Activities in Schools,Salford Community Leisure Ltd,M30 0EJ," £190,000.00 "," £380,000.00 ",No,01/04/2021,31/03/2022,12,12,1,Yes,,31/03/2023,No,290000,Arts & Leisure Services,IP29627R,Public
Service Reform,Direct Call-Off,Salford City Council,S1262,N/A,AGMA Provision of Regional E-learning Portal,Me Learning Ltd,BN43 5EG," £28,000.00 "," £28,000.00 ",No,01/04/2020,31/03/2023,24,12,2,Yes,Yes,31/03/2024,Yes,260000,Human Resources,5842638,Public
Place ,Other,Salford City Council,S1187,DN441091,"Annual Control, Opertation, Maintenance, Inspection and Fault Response Service for the HV Transformer and Main LV Switch Gear  ",Electricity North West ,WA3 6XG," £2,739.00 "," £10,956.00 ",No,02/09/2019,01/08/2023,42,0,0,N/A,N/A,01/08/2023,No,370000,Utilities ,7382637,Public
Place,Direct Call-Off,Salford City Council,S1251,,Architects Lead Design Consultancy for Pendleton Leisure Centre,GT3 Architects,NG1 1LW," £225,529.00 "," £225,529.00 ",No,08/02/2021,31/07/2023,29,0,0,N/A,N/A,31/07/2023,Yes,150000,Consultancy ,8045123,Public
Service Reform,ITT,Bury MBC,S1003,,Banking Services,Barclays Bank plc,E14 5HP," £44,000.00 "," £220,000.00 ",Yes,01/01/2022,31/01/2027,60,60,1,,,31/01/2027,No,200000,Financial Services,1026167,Public
Service Reform,ITT,Salford City Council,S1212,DN463547,BetterOff and ScanStation Subscription,Looking Local ,HD1 2NF," £41,000.00 "," £123,000.00 ",No,02/01/2022,01/01/2024,24,12,2,,,01/01/2024,Yes,270000,Information Communication Technology,11061996,Public
Place,CSO Exception,Salford City Council,S1278,,CAMMS Licence Fee 2022-2023,CAM Management Solutions Limited (CAMMS),M3 2HW,," £24,900.00 ",No,01/06/2022,31/05/2023,12,0,0,N/A,N/A,31/05/2023,No,270000,Information Communication Technology,06360806,Public
Service Reform,Mini-Comp,Salford City Council,,,Campus Infrastructure Upgrade [MY]Work Audio visual,CDW Ltd,M4 4EW ," £505,385.49 "," £505,385.49 ",No,21/01/2022,20/01/2025,60,0,0,N/A,N/A,20/01/2025,No,271501,Services,2465350,Public
Service Reform,Mini-Comp,Salford City Council,,,Campus Infrastructure Upgrade Network Infrastructure Upgrade,Softcat PLC,SL7 1LW," £343,000.76 "," £343,000.76 ",No,21/01/2022,20/01/2025,60,0,0,N/A,N/A,20/01/2025,No,271501,Services,2174990,Public
Place,Direct Call-Off,Salford Council,S1163,,Cash In Transit,Security Plus Ltd,ST4 8GZ," £7,130.00 "," £7,130.00 ",No,01/09/2021,31/08/2023,12,12,1,,,31/08/2023,No,201300,Cash  Collection,1325489,Public
Place ,Other,Salford City Council,S1163,DN437542,Cash in Transit ,Security Plus Ltd,ST4 8GZ," £7,130.00 "," £28,520.00 ",No,01/09/2021,31/08/2023,24,12,2,,,31/08/2023,Yes ,200000,Financial Services,1325489,Public 
Service Reform,Mini-Comp,Salford City Council,,,"Catastrophe cover for the Council’s main classes of insurance, including liability, property & Motor Fleet","AIG, HSB QBE, Aon Protect, Convex",OX10 6SD," £1,437,334.51 "," £1,437,334.51 ",No,01/02/2022,31/01/2025,36,48,2,,,31/01/2025,Yes,201800,Insurance,"AIG 10737370
HSB 02396114
QBE 02641728",Public
Place,ITT,Salford City Council,S1060,DN213067,CCTV Supply Only Framework,EzCCTV.com Limited,SG6 1TN," £47,500.00 "," £95,000.00 ",No,01/02/2021,31/01/2024,36,12,,,N/A,31/01/2024,Yes,190000,Facilities & Management Services,4541701,Public
Service Reform,CSO Exception,Salford Council,,,Choice Based Lettings Management System and on-going Homelessness Prevention and Advice System,Locata,EC1Y 8YZ," £99,400.00 "," £198,800.00 ",No,15/11/2021,14/11/2023,24,12,2,,,14/11/2023,Yes,270000,Information Communication Technology,2548628,Public
Service Reform,Other,Salford City Council,S1150,,Civica Cash Receipting Software (Civica Pay),Civica UK Ltd, SW15 6AR ," £326,335.00 "," £326,335.00 ",Yes,01/09/2019,31/08/2024,60,0,0,N/A,N/A,31/08/2024,No,270000,Information Communication Technology,1628868,Public
Place,CSO Exception,Salford City Council,S1019,,Civica Community Protection/Refuse Collection Software System,Civica UK Ltd, SW15 6AR ," £167,622.00 "," £502,866.00 ",Yes,01/04/2021,31/03/2025,48,12,3,,,31/03/2025,No,270000,Information Communication Technology,1628868,Public
Service Reform,RFQ,Salford City Council,S1126,N/A,Click4Assistance (Call Centre web chat),Click4Assistance Ltd, SS13 1SS ," £9,630.00 "," £9,630.00 ",No,01/04/2022,31/03/2023,12,0,0,N/A,N/A,31/03/2023,Yes,270000,Information Communication Technology,5322233,Public
Place,Other,Salford City Council,S1316,,Commonplace Corporate License Agreement,Commonplace Digital Ltd,M3 5FS," £90,100.00 "," £90,100.00 ",No,03/08/2020,03/08/2023,36,0,0,N/A,N/A,03/08/2023,No,270000,Information Communication Technology,8575062,Public
People,CSO Exception,Salford City Council,S1145,DN446011,Community of Identity Support for Women,Salford Women’s Centre,M6 7AB," £55,178.00 "," £55,178.00 ",No,01/04/2019,31/03/2022,36,12,1,Yes,,31/03/2023,Yes,310000,Healthcare,-,Public
People,CSO Exception,Salford City Council,S1141,,Community of Identity Support for Yemeni and Arabic Speaking Communities,Yemeni Community Association,B70 9SJ," £16,524.00 "," £16,524.00 ",No,01/04/2019,31/03/2022,36,12,1,Yes,,31/03/2023,No,260000,Human Resources,5038048,Public
Service Reform,Mini-Comp,Salford City Council,S1024,,Concession Agreement for Enforcement Agencies for the Collection of Unpaid Council Tax and Business Rates,Rundle & Co Ltd,LE16 9HB, £-   , £-   ,No,06/10/2020,05/10/2023,36,12,2,,,05/10/2023,No,200000,Financial Services,3231767,Public
Service Reform,Mini-Comp,Salford City Council,S1024,,Concession Agreement for Enforcement Agencies for the Collection of Unpaid Council Tax and Business Rates,Bristow & Sutor,B98 0FL, £-   , £-   ,No,06/10/2020,05/10/2023,36,12,2,,,05/10/2023,No,200000,Financial Services,1431688,Public
Service Reform,Mini-Comp,Salford City Council,S1024,,Concession Agreement for Enforcement Agencies for the Collection of Unpaid Penalty Charge Notices,Marston Holding ,B3 2JR, £-   , £-   ,No,06/10/2020,05/10/2023,36,12,2,,,05/10/2023,Yes,200000,Financial Services,4305487,Public
Service Reform,Mini-Comp,Salford City Council,S1024,,Concession Agreement for Enforcement Agencies for the Collection of Unpaid Penalty Charge Notices,Bristow & Sutor,B98 0FL, £-   , £-   ,No,06/10/2020,05/10/2023,36,12,2,,,05/10/2023,No,200000,Financial Services,1431688,Public
Place ,Other,Salford City Council,S1171,DN419179,Construction Services Job Costing System,Causeway Technologies Ltd,SL8 5AQ," £100,000.00 "," £100,000.00 ",No,01/01/2020,30/04/2023,36,,,,,30/04/2023,No,270000,Information Communication Technology,3921897,Public
Place,Direct Call-Off,Salford City Council,S1415,N/A,Consultancy Services for Minerals and Waste Support to AGMA,Capita Property and Infrastructure Limited,WC1V 6DW," £60,000.00 "," £60,000.00 ",No,01/04/2022,31/03/2023,12,12,1,,,31/03/2023,No,150000,Consultancy ,2018542,Public
Place,Direct Call-Off,Salford City Council,S1051,,Contract for the Supply of Electricity - Non Half Hourly ,Scottish & Southern Electric (SSE),RG1 3JH," £671,201.00 "," £2,684,804.00 ",No,01/04/2020,31/03/2024,48,0,0,N/A,N/A,31/03/2024,No,370000,Utilities ,101100,Public
Service Reform,Other ,Salford City Council,S1167,DN419126,Contract Management System ,Proactis ,LS22 6LE," £67,375.00 "," £67,375.00 ",No,06/05/2019,31/07/2023,50,,0,N/A,N/A,31/07/2023,No,270000,Information Communication Technology,3182974,Public
Place,CSO Exception,Salford City Council,S1222,,Document Storage for Urban Vision,Capita Intelligent Communications (CIC),NG18 5BY," £15,000.00 "," £75,000.00 ",No,01/02/2020,31/01/2025,60,0,0,N/A,N/A,31/01/2025,No,190000,Facilities & Management Services,2299747,Public
Service Reform,CSO Exception,Salford City Council,S1061,,Documentum & Captiva,OpenText UK Limited,RG6 1PT," £55,785.00 "," £166,938.55 ",No,01/02/2020,31/03/2023,36,0,0,N/A,N/A,31/03/2023,No,270000,Information Communication Technology, 03148093,Public
Service Reform,ITT,Salford City Council,S1107,DN445742,Electoral Management Software System,Xpress Software Solutions Limited,N8 0NW," £11,500.00 "," £11,500.00 ",No,01/12/2017,07/01/2023,12,48,24,Yes,,07/01/2023,Yes,270000,Information Communication Technology,4152280,Public
Service Reform,ITT,AGMA/STAR,S1105,,Electoral Services Printing,Electoral Reform Services (ERS) Limited,N8 0NW," £145,000.00 "," £290,000.00 ",Yes,08/01/2019,07/01/2023,24,12,2,Yes,,07/01/2023,Yes,280000,Legal Services,2263092,Public
Place,ITT,Salford City Council,S1089,DN419076,Electrical Fixed Wire Inspection and Testing ,Novus Property Solutions Ltd,M6 6AJ," £42,738.64 "," £85,477.28 ",No,01/04/2021,31/03/2023,24,0,0,N/A,N/A,31/03/2023,Yes,390000,"Works - Construction, Repair & Maintenance",2403551,Public 
Service Reform,Direct Call-Off,Salford City Council,S1257,,Electronic Payment Services via PayPoint and Post Office Counters Ltd (POCL),Allpay Ltd,HR1 3SE," £79,816.87 "," £319,268.00 ",Yes,01/04/2020,31/03/2024,48,0,0,,,31/03/2024,No,200000,Financial Services,2933191,Public
Place,CSO Exception,Salford City Council,S1069,DN446008,"Engagement, Support and Influence and Promoting Volunteering in Salford","Salford Community and Voluntary
Services (SCVS)",M30 0FN," £265,568.00 "," £1,705,498.00 ",Yes,01/04/2017,01/04/2025,36,12,2,Yes,Yes,01/04/2025,No,321100,Social Community Care Supplies & Services - Children, 01948293,Public
Service Reform,Direct Call-Off,Salford City Council,S1039,DN445668,Environmental Liability Insurance for Transferred Housing Stock,AON UK Ltd,EC2M 4PL," £250,000.00 "," £250,000.00 ",Yes,02/04/2014,01/04/2024,120,0,0,N/A,N/A,01/04/2024,No,200000,Financial Services,210725,Public
Service Reform,CSO Exception,Salford City Council,S1133,,"Fixed Term Support and Maintenance Service, Council Tax, Business Rates, Housing Benefits and Council Tax Reduction",Northgate Public Services Limited,HP2 4NW," £208,000.00 "," £832,000.00 ",No,27/08/2021,26/08/2026,60,24,1,,N/A,26/08/2026,No,270000,Information Communication Technology,9338960,Public
Place,Mini-Comp,Salford City Council,S1146,DN350512,Flexible Procurement Agreement - Advertising Billboards on Council Land,Wildstone Capita Limited,W1T 1QL," £75,000.00 "," £375,000.00 ",Yes,01/12/2019,31/08/2023,52,0,0,N/A,N/A,31/08/2023,Yes,190000,Facilities & Management Services,7275191,Public
Service Reform,CSO Exception,Salford City Council,S1122,N/A,FLM (Forms Lifecycle Manager) and all associated software,ARCH Consulting Ltd, W4 1PF ," £29,732.00 "," £29,732.00 ",No,16/12/2021,15/12/2022,12,0,0,N/A,N/A,15/12/2022,Yes,270000,Information Communication Technology,3261503,Public
Public Health,CSO Exception,Salford City Council,S1259,,Formula Milk Provision for Babies Born to Women Living with HIV,George House Trust,M12 6FX," £5,000.00 "," £25,000.00 ",No,01/01/2020,31/12/2023,24,12,Yes,,,31/12/2023,Yes,310000,Healthcare,7575379,Public
Public Health,CSO Exception,Salford City Council,S1075,DN218617,Greater Manchester Sexual Health Improvement Programme (GMSHIP),BHA for Equality,M16 0QA," £138,000.00 "," £276,000.00 ",No,01/07/2022,31/12/2023,24,0,0,N/A,N/A,30/06/2024,Yes,310000,Healthcare,3818058,Public
Public Health,ITT,Salford City Council,S1075,DN218617,Greater Manchester Sexual Health Improvement Programme (GMSHIP),BHA for Equality,M16 0QA," £1,041,914.67 "," £5,209,573.33 ",Yes,01/07/2016,31/12/2023,36,36,3,Yes,Yes,30/06/2024,Yes,310000,Healthcare,3818058,Public
Place,ITT,Salford City Council,S1051,DN389653,Half-Hourly Electricty (over 100KW sites),DRAX,IP3 9SJ," £600,000.00 "," £1,200,000.00 ",Yes,01/04/2019,31/09/2022,36,0,0,N/A,N/A,31/09/2022,Yes,370000,Utilities ,7489052,Public
Place,RFQ,Salford City Council,S1445,N/A,HERS Compliance Management,ASL (Highway Electrical) Training Ltd,DL14 9PD ," £6,800.00 "," £6,800.00 ",No,01/05/2022,30/04/2023,12,0,0,N/A,N/A,30/04/2023,Yes,390000,"Works, Construction, Repair and Maintenance",8457542,Public
Public Health,CSO Exception,Salford City Council,S1032,DN59370,Homeless Support Provision,Salford Loaves and Fishes,M6 5PL," £25,000.00 "," £75,000.00 ",No,01/04/2020,31/03/2023,36,12,2,,,31/03/2023,No,321000,Social Community Care Supplies & Services - Adult ,6015231,Public
Service Reform,ITT,Salford City Council,S1039,,Insurance Brokerage,Aon UK Ltd,EC2M 4PL," £9,500.00 "," £47,500.00 ",No,01/10/2019,30/09/2024,60,0,0,N/A,N/A,30/09/2024,No,200000,Financial Services,210725,Public
Place,Mini-Comp,Salford City Council,S1177,DN437505,Integrated Adults and Children’s Social Care Case Management and Integrated Finance System,Liquidlogic Ltd,ME14 5NZ," £76,670.00 "," £1,880,099.00 ",No,30/09/2019,29/09/2024,60,24,1,,,29/09/2024,No,270000,Information Communication Technology,4006349,Public
Public Health,ITT,Salford City Council,S1077,DN179309,"Integrated Substance Misuse and Recovery Services in Bolton, Salford and Trafford",Greater Manchester West Mental Health NHS Foundation Trust,M25 3BL," £7,239,982.43 "," £50,679,877.00 ",Yes,15/01/2023,31/03/2025,24,0,0,N/A,N/A,31/03/2025,No,310000,Healthcare,50188721,Public
Service Reform,Mini-Comp,Salford City Council,S1072,DN56331,IT Hardware,XMA Limited,NG11 7EP," £146,184.00 "," £146,184.00 ",Yes,09/12/2021,09/12/2023,24,12,2,,,09/12/2023,Yes,270000,Information Communication Technology,2051703,Public
Place,ITT,Salford City Council,S1001,DN262363,Air Quality Data Management,Ricardo-AEA Ltd,BN43 5FG," £22,900.00 "," £91,600.00 ",Yes,01/09/2021,31/08/2023,24,24,2,,,31/08/2023,No,180000,Environmental Services,8229264,Public
Service Reform,Other,Salford City Council ,S1296,DN462520,Key Cities Policy and Media Support Services,ING Media ,EC2A 3LT," £90,000.00 "," £270,000.00 ",Yes,01/01/2021,31/12/2023,36,6,1,,,31/12/2023,Yes,150000,Consultancy ,3800985,Public
Regeneration,ITT,Salford City Council,S1096,DN445661,Annual Maintenance Agreement based on Agreement 21st August 2006,Canal & River Trust,MK9 1BB," £35,000.00 "," £3,500,000.00 ",Yes,21/08/2006,20/08/2106,1200,0,0,N/A,N/A,20/08/2106,No,390000,"Works - Construction, Repair & Maintenance ",1146792,Public
People,CSO Exception,Salford City Council,S1430,N/A,Transition Mentor,Salford City College,M6 6AP," £23,798.58 "," £31,731.44 ",No,01/09/2021,31/12/2022,16,0,0,N/A,N/A,31/12/2022,No,321100,"Social Community Care, Supplies and Services - Children",8115121,Public
People,CSO Exception,Salford City Council,S1161,,After School and Holiday Activities for 11 to 18 year olds with Complex Disabilities,Chatsworth School,M30 9DY," £25,000.00 "," £125,000.00 ",No,01/04/2017,31/03/2024,60,12,1,1,,31/03/2024,Yes,321100,Social Community Care Supplies & Services - Children,GBML4119704,Public
People,CSO Exception,Salford City Council,S1037,DN79121,Allied Health Professional Service for Children and Young People in Salford,Salford Royal NHS Foundation Trust,M6 8HD," £427,000.00 "," £2,135,000.00 ",No,01/04/2017,31/03/2022,48,12,1,Yes,,31/03/2023,No,310000,Healthcare,CHA1049226,Public
Service Reform,Mini-Comp,Salford City Council,S1394,DN576120,Lot 3 – [MY] Booking Application,CDW Ltd,M4 4EW ," £365,960.45 "," £365,960.45 ",No,01/01/2022,01/01/2027,60,0,0,N/A,N/A,01/01/2027,No,270000,Information Communication Technology,2465350,Public
People,CSO Exception,Salford City Council,S1159,DN213101,Employer Brokerage and Support Services - Connecting People Opportunities (Search),The Growth Company,M1 5JW," £80,000.00 "," £240,000.00 ",Yes,01/04/2017,31/03/2023,24,36,2,Yes,Yes,31/03/2023,Yes,321000,Social Community Care Supplies & Services - Adult ,2443911,Public 
People,CSO Exception,Salford City Council,S1018,N/A,EMS Software and Maintenance,Capita Business Services Ltd, SW1H 0XA ," £142,240.97 "," £142,240.97 ",No,01/04/2022,31/03/2023,12,0,0,N/A,N/A,31/03/2023,No,270000,Information Communication Technology,2299747,Public
People,ITT,Salford City Council,S1161,,Group Based Activities for Children with Disabilities ,The Endorphins Group ,W8 6BH," £122,996.00 "," £122,996.00 ",No,01/04/2021,31/03/2023,12,12,1,Yes,,31/03/2023,Yes,31/03/2023,Social Community Care Supplies & Services - Children,11934523,Public 
People ,CSO Exception,Salford City Council,S1160,DN213286,Inegrated Welbeing and Employability Services for Adults with complex needs (Salford Health Works),The Growth Company,M1 5JW," £125,000.00 "," £825,000.00 ",Yes,01/04/2016,31/03/2023,36,36,2,Yes,Yes,31/03/2023,Yes,321000,Social Community Care Supplies & Services - Adult ,2443911,Public 
People,Other,Salford City Council,S1153,,Information and Advice Services ,Salford CAB,M6 5JA," £277,133.00 "," £1,385,665.00 ",Yes,01/04/2016,31/03/2023,36,48,2,Yes,Yes,31/03/2023,Yes,321000,Social Community Care Supplies & Services,1436945,Public
People,Mini-Comp,Salford City Council,S1028,DN166732,Integrated 0-19 Children's Health Service,Salford Royal NHS Foundation Trust,M5 4BD," £5,351,258.00 "," £26,756,290.00 ",No,01/04/2017,31/03/2023,36,24,2,Yes,Yes,31/03/2023,Yes,310000,Healthcare,5138092,Public
Service Reform,RFQ,Salford City Council,S1400,DN598850,Mailing equipment: Franking machine and Envelope inserter,Pitney Bowes,AL10 9UJ," £17,431.50 "," £69,725.98 ",No,10/04/2022,09/04/2026,48,0,0,N/A,N/A,09/04/2026,No,300000,Mailing Services,00182037,Public
Place,Direct Call-Off,Salford City Council,S1261,,Maintenance and Certification of Personal Hoists and Related Equipment,Drive DeVilbiss Healthcare Ltd,BD11 2HW," £4,666.00 "," £14,000.00 ",No,01/04/2020,31/03/2023,36,12,2,,,31/03/2023,No,190000,Facilities & Management Services,4301005,Public 
Place,ITT,Salford City Council,S1043/S1044,DN462847,"Maintenance and Repair of Corporate and School Boiler, Plant and Heating Systems",J Fletcher Engineering,M30 0SF," £57,156.25 "," £285,781.25 ",No,01/06/2020,31/05/2023,36,24,2,Yes,,31/05/2024,Yes,390000,"Works - Construction, Repair & Maintenance ",4072464,Public
Place,RFQ,Salford City Council,S1100,,Maintenance and servicing of kitchen ventilation equipment,PSI Resources Ltd,M28 3BQ," £15,093.00 "," £60,372.00 ",No,15/11/2021,14/11/2023,24,24,2,,,14/11/2023,Yes,130000,Cleaning & Janitorial,1967138,Public
Place,Other,Salford City Council,S1011,DN419096,Maintenance and Supply of Fire Fighting Equipment (Extinguishers and Blankets),Firemark Ltd,TA6 4NZ," £39,524.00 "," £158,096.00 ",No,01/07/2019,23/02/2024,80,0,0,N/A,N/A,23/02/2024,Yes,190000,Facilities & Management Services,6299361,Public
Place,Other,Salford City Council,S1254,DN447280,Arboricultural Services,GM Tree Station,M12 5FQ," £130,000.00 "," £250,000.00 ",Yes,01/06/2020,31/03/2023,22,24,2,Yes,,31/03/2023,Yes,240000,Horticultural,31552R ,Public
Place,ITT,Salford City Council,S1033,DN70824,Archaeological Planning Services for the AGMA Authorities,The University of Salford,M5 4WT," £130,000.00 "," £1,560,000.00 ",Yes,01/04/2020,31/03/2026,60,60,3,,,31/03/2032,No,180000,Environmental Services,RC000666,Public
Place,Direct Call-Off,Salford City Council,,,Bramall Court – affordable general needs and temporary accommodation,Mears Housing Management Limited & Plexus UK (First Project) Limited,UB8 2SN," £1,043,868.00 "," £10,438,680.00 ",No,TBC,TBC,180,N/A,N/A,,,TBC,No,250000,Housing Management ,2519234,Public
Place,Mini-Comp,Salford City Council,S1346,,Managing Agent for 100 Embankment and 2 New Bailey Square ,Knight Frank LLP,M2 1HW," £319,340.00 "," £319,340.00 ",No,03/05/2021,03/05/2024,36,24,1,,,03/05/2024,No,250000,Housing Management ,OC305934,Public
People,CSO Exception,Salford City Council,S1026,DN213103,Intensive Family Key Worker Service,Human Kind Charity,DL5 6DS," £413,543.00 "," £1,654,172.00 ",Yes,01/04/2017,31/03/2023,36,48,2,Yes,Yes,31/03/2023,Yes,321100,Social Community Care Supplies & Services - Children,1820492,Public
People,CSO Exception,Salford City Council,S1085,DN415449,Safe Families for Children Service,Safe Families For Children,NE3 2EN," £60,000.00 "," £420,000.00 ",Yes,01/04/2016,31/03/2023,48,12,3,Yes,Yes,31/03/2023,No,321100,Social Community Care Supplies & Services - Children,8134971,Public
Service Reform,CSO Exception,Salford City Council,S1004,N/A,Merchant acquiring (enables the council to accept credit and debit card payments),Global Pay Solutions,CM20 2BN," £80,000.00 "," £400,000.00 ",No,01/04/2022,31/03/2025,36,12,1,,,31/03/2025,No,200000,Financial Services,08480250,Public
Service Reform,ITT,Salford City Council,S1080,DN476040,Microsoft Licencing ,Phoenix Software,KT22 7TW," £750,000.00 "," £2,250,000.00 ",Yes,01/06/2020,31/05/2023,36,24,1,,,31/05/2023,No,270000,Information Communication Technology,2548628,Public
Place,RFQ,Salford Council,S1251,,"Breeam Assessor, Pendleton Leisure Centre",Elma Sustainability Assesment Support,CF38 1TB," £22,810.00 "," £22,810.00 ",No,,31/07/2023,,0,0,N/A,N/A,31/07/2023,Yes,,,,Public
Regeneration,Other,Salford City Council,S1009,DN435843,Charlestown & Lower Kersal Developer Partner,Keepmoat Ltd,DN4 5PL, £-   , £-   ,No,12/06/2015,11/04/2024,106,0,0,N/A,N/A,11/04/2024,No,390000,"Works - Construction, Repair & Maintenance",1998780,Public
People,ITT,Salford City Council,S1020,DN62989,Salford Advocacy Hub,MIND In Salford,M21 0BP," £391,000.00 "," £1,905,000.00 ",Yes,01/04/2016,31/03/2023,36,24,1,Yes,Yes,31/03/2023,Yes,321100,Social Community Care Supplies & Services - Children,1156625,Public
People,CSO Exception,Salford City Council,S1202,DN56174,Salford Children’s Rights Service,Barnardo Services Ltd,IG6 1QG," £149,852.00 "," £599,408.00 ",Yes,01/04/2018,31/03/2023,24,24,24,Yes,,31/03/2023,No,321100,Social Community Care Supplies & Services - Children,1227919,Public
People,CSO Exception,Salford City Council,S1164,DN437535,Sexually Inappropriate / Harmful Behaviour Project,Barnardo Services Ltd,IG6 1QG," £54,000.00 "," £162,000.00 ",No,01/10/2018,31/03/2023,24,18,1,Yes,,31/03/2023,No,321100,Social Community Care Supplies & Services - Children,1227919,Public 
Place,Mini-Comp,Salford City Council,S1369,,MQ-2021-Traffic Studies ,Tracsis Traffic Data Ltd,LS22 7BA," £30,700.00 "," £30,700.00 ",No,01/12/2020,31/12/2022,24,24,1,1,N/A,31/12/2024,No,350000,Street & Traffic Management,3896384,Public
Public Health,CSO Exception,Salford City Council,S1260,,National HIV Home Sampling,SH24,SE1 7JB," £7,100.00 "," £17,750.00 ",No,01/10/2019,30/09/2023,30,0,0,N/A,N/A,30/09/2023,Yes,310000,Healthcare,11679436,Public
Service Reform,CSO Exception,Salford City Council,S1477,N/A,Netapp Maintenance ,Maple Networks Limited Via Boxxe Ltd ,LS22 6LX," £49,999.67 "," £149,999.00 ",No,01/05/2022,30/04/2025,36,0,0,N/A,N/A,30/04/2025,No,271440,Software,02109168,Public
Place,Mini-Comp,Salford City Council,,,Construction of 45 new home and associated works at the former Irwell Valley Campus at Blandford Road,Seddon Construction Limited,BL4 0NN," £8,720,943.00 "," £8,720,943.00 ",No,28/02/2022,28/08/2023,18,6,1,,,28/08/2023,No,391110,Construction,172081,Public
Service Reform,Other,Salford City Council,S1312,,New Data Centre UPS System,UPS Systems PLC,SN6 8TY," £19,771.47 "," £19,771.47 ",No,30/11/2020,30/11/2023,36,0,0,N/A,N/A,30/11/2023,No,270000,Information Communication Technology,101885,Public
Service Reform,ITT,Salford City Council,S1055,,Office Products,Banner,S9 1XU," £28,180.93 "," £112,723.72 ",No,01/09/2022,31/08/2024,24,12,2,,,31/08/2024,Yes,340000,Stationery  ,2405637,Public
Service Reform,Direct Call-Off,Salford City Council ,S1305,,Open Objects/My City Directory,IDOX,M2 4NH," £12,502.00 "," £12,502.00 ",No,27/10/2020,26/10/2024,24,24,1,Yes,n/a,26/10/2024,No,270000,Information Communication Technology,3984070,Public
Service Reform,CSO Exception,Salford City Council,S1120,,"Oracle Diagnostics & Tuning, Cloud Services and Licencing",Oracle, RG6 1RA ," £80,000.00 "," £80,000.00 ",No,27/04/2022,26/04/2023,12,0,0,N/A,N/A,26/04/2023,No,270000,Information Communication Technology,5372540,Public
Service Reform,RFQ,Salford City Council,S1263,DN587685,Outsourcing Bikeability training,Nationwide Cycling Academy,M45 7QJ ," £54,000.00 "," £54,000.00 ",No,01/04/2022,31/03/2023,12,12,1,,,31/03/2023,Yes,401601,Youth Services,7071285,Public
Place,Direct Call-Off,ESPO Framework,S1307,,PAT testing,The Elec Group,CB25 9AS ," £5,000.00 "," £15,000.00 ",No,21/10/2020,21/10/2022,24,12,1,,,21/10/2022,No,190000,Facilities & Management Services,11899854,Public
People,ITT,Salford City Council,S1161,DN333222,Short Break Support Services for Disabled Children,Crossroads Together Limited,BL2 2LW," £80,000.00 "," £400,000.00 ",Yes,01/10/2018,31/03/2023,30,12,2,Yes,,31/03/2023,No,321100,Social Community Care Supplies & Services - Children,3219229,Public
People,Other,Salford City Council,S1195,,Short Break Support Services for Disabled Children ,Bayis Sheli,N16 5BP," £6,000.00 "," £24,000.00 ",No,01/04/2019,31/03/2023,24,24,2,,,31/03/2023,No,321100,Social Community Care Supplies & Services - Children,5576871,Public
People,CSO Exception,Salford City Council,S1161,,"Specialist Sports, Dance and Performing Arts for ages 5 to 18",Salford Community Leisure Ltd,M27 5DA," £15,000.00 "," £75,000.00 ",No,01/04/2017,31/03/2023,36,24,2,Yes,Yes,31/03/2023,Yes,290000,Arts & Leisure Services,GBML5175465,Public
Place,Mini-Comp,Salford City Council,,,"Construction of 68 new homes and associated works at the former St Lukes Church of England Primary School, Eccles New Road",Seddon Construction Limited,BL4 0NN," £13,197,302.00 "," £13,197,302.00 ",No,28/02/2022,29/02/2024,24,6,1,,,29/02/2024,No,391110,Construction,172081,Public
Place,RFQ,Salford City Council,S1343,DN536549,CPC Driver Training,Junction 17 Defensive Driver Training,CW11 1PB," £10,000.00 "," £20,000.00 ",No,01/07/2021,30/06/2025,24,0,0,N/A,N/A,30/06/2025,Yes,380000,Vehicle Management,4005390,Public 
Regeneration,ITT,Salford City Council,S1097,DN445671,Creating a New Pendleton (Development),SP Plus (Development) Limited,HX1 2EB," £7,930,967.00 "," £87,240,637.00 ",No,27/03/2013,26/03/2024,132,0,0,N/A,N/A,26/03/2024,Yes,999999,Non-procurement,8334616,Public
People,CSO Exception,Salford City Council,S1161,,Specialist Youth club and Holiday Provision for Young People with Autism 11-18,Autistic Society for the Greater Manchester Area,M32 0HL," £15,000.00 "," £75,000.00 ",Yes,01/04/2017,31/03/2023,60,12,1,,,31/03/2023,Yes,321100,Social Community Care Supplies & Services - Children,4326334,Public
People,CSO Exception,Salford City Council,S1463,N/A,Targeted CAMHS Contracts for Children (16-17) Youth Justice Service,Manchester University NHS Foundation Trust (MFT),M23 9LT ," £308,871.00 "," £308,871.00 ",No,01/04/2022,31/03/2023,12,0,0,N/A,N/A,31/03/2023,No,321110,Adolescent Mental Health Needs,-,Public
Service Reform,ITT,AGMA and Yorkshire,S1025,,Postal Services,Whistl UK Limited,SL7 1TB," £350,000.00 "," £1,400,000.00 ",Yes,01/03/2021,28/02/2023,24,12,2,,,28/02/2023,No,300000,Mail Services ,4417047,Public
Service Reform,RFQ,Salford City Council,S1102,DN422126,Private ADSL (Enterprise or IP Connect),British Telecommunications PLC,EC1A 7AJ," £33,392.00 "," £166,960.00 ",Yes,23/10/2013,22/10/2018,36,24,1,Yes,,22/10/2022,No,270000,Information Communication Technology,1800000,Public
Place,CSO Exception,Salford City Council,S1278,,Project Management Software System,CAM Management Solutions Limited (CAMMS),M3 2HW," £24,500.00 "," £73,500.00 ",No,01/06/2017,31/05/2023,36,12,3,Yes,,31/05/2023,No,270000,Information Communication Technology,06360806,Public
People,CSO Exception,Salford City Council,S1464,N/A,Targeted CAMHS Contracts Route 29,Manchester University NHS Foundation Trust (MFT),M23 9LT ," £70,000.00 "," £70,000.00 ",No,01/04/2022,31/03/2023,12,0,0,N/A,N/A,31/03/2023,No,321110,Adolescent Mental Health Needs,-,Public
Place,Mini-Comp,Salford City Council,S1279,,Design & Build Contract for a Range of Housing Projects,Seddon Construction Limited,BL4 0NN," £521,000.00 "," £521,000.00 ",No,31/12/2021,31/03/2023,Ongoing,0,0,N/A,N/A,31/03/2023,No,390000,"Works - Construction, Repair & Maintenance ",172081,Public
Place,CSO Exception,Salford City Council,S1450,N/A,Eccles Shopping Centre - Surveying and acquisition services,Knight Frank LLP,M2 1HW," £55,000.00 "," £55,000.00 ",No,18/02/2022,18/02/2023,12,0,0,N/A,N/A,18/02/2023,Yes,391114,Surveys,OC305934,Public
Place,ITT,Salford City Council,S1048,DN63968,Environmental Enforcement,NSL Ltd,B3 2JR," £85,696.00 "," £257,088.00 ",Yes,01/04/2018,31/03/2023,36,12,2,Yes,Yes,31/03/2023,Yes,350000,Street & Traffic Management, 09360642,Public
Place,Direct Call-Off,Salford City Council,S1336,,Provision of Confirm Software System,Confirm Solutions Limited,ME4 4YG," £522,569.00 "," £522,569.00 ",No,01/04/2021,31/03/2023,24,12,2,,,31/03/2023,No,270000,Information Communication Technology,12838751,Public
People,CSO Exception,Salford City Council,S1065,DN218513,Targeted Information Advice & Guidance for the Jewish Community,The Jewel Foundation,M25 9JY," £20,000.00 "," £60,000.00 ",No,01/04/2017,31/03/2022,24,12,2,Yes,Yes,31/03/2023,Yes,321000,Social Community Care Supplies & Services - Adult ,10677798,Public
Service Reform,CSO Exception,Salford City Council,S1029,,Provision of Licence Agreement for LACHS,JCAD,GU33 6JS," £1,960.00 "," £7,840.00 ",No,19/02/2018,18/02/2024,48,24,2,Yes,N/A,18/02/2024,Yes,270000,Information Communication Technology,7000813,Public 
Service Reform,CSO Exception,Salford City Council,S1081,N/A,Provision of Solarwinds Software,Loop1 UK,GL7 1XD," £16,781.97 "," £16,781.97 ",No,12/05/2022,11/05/2023,12,0,0,N/A,N/A,11/05/2023,No,271440,Software,02631536,Public
Service Reform,Mini-Comp,GMCA,S1036,,Provision of Temporary and Agency Workers,Reed PLC,WC2A 1DT," £3,000,000.00 "," £9,000,000.00 ",Yes,29/01/2022,28/01/2025,36,12,1,,,28/01/2025,No,260000,Human Resources,6903140,Public
Service Reform,Other,Salford City Council,S1103,,PSTN Lines & Call Charges,Virgin Media Business Ltd,RG2 6UU," £44,500.00 "," £44,500.00 ",No,01/01/2022,31/12/2022,12,0,0,N/A,N/A,31/12/2022,No,270000,Information Communication Technology,1785381,Public
Service Reform,ITT,Manchester City Council,S1236,,Purchasing Card Programme (Concession),Lloyds Banking Group ,EC2V 7HN, £-   , £-   ,No,01/04/2019,31/03/2023,24,24,2,,,31/03/2023,No,200000,Financial Services,SC095000,Public
People,CSO Exception,Salford City Council,S1151,DN213086,"Targeted Support to Help Salford Young People Engage in Appropriate and Compliant Education, Employment and Training Provision - Connexions",Career Connect,L1 8LT," £553,175.00 "," £2,212,700.00 ",Yes,01/04/2017,31/03/2022,36,24,2,Yes,Yes,31/03/2023,No,321100,Social Community Care Supplies & Services - Children,4233289,Public
People,ITT,Salford City Council,S1161,,Term Time and Holiday Provision for Jewish Heritage Children with a Disability aged 12 - 18,Special Spirits,M7 4DJ," £15,000.00 "," £75,000.00 ",No,01/04/2017,31/03/2023,60,12,1,1,,30/09/2023,Yes,321100,Social Community Care Supplies & Services - Children,CHA1165823,Public
Place,CSO Exception,Salford City Council,S1358,,Renewal of ArcGIS Software Licence,ESRI,HP21 7QG," £24,004.00 "," £24,004.00 ",No,23/03/2022,22/03/2023,12,0,0,N/A,N/A,22/03/2023,No,270000,Information Communication Technology,1288342,Public
Place,Other,Salford City Council,S1012,,Installation of Cremators and Abatement Equipment with Ongoing Maintenance,Facultatieve Technologies Ltd,LS10 2DD," £55,000.00 "," £385,000.00 ",Yes,01/09/2019,31/08/2025,72,24,2,,,31/08/2025,Yes,120000,Cemetry & Crematorium,633222,Public
Place,CSO Exception,Salford City Council,S1091,DN418013,Kennelling of Stray Dogs,Manchester and Cheshire Dogs' Home,M9 5PG," £3,000.00 "," £9,000.00 ",No,01/11/2020,31/10/2023,36,0,0,N/A,N/A,31/10/2023,Yes,180000,Environmental Services,1001346,Public
Place,Mini-Comp,Salford City Council,,,Longshaw Drive Housing - Appointment of Consultant Project Manager,Identity Consult Ltd,PR2 0ZG," £148,837.50 "," £148,837.50 ",No,01/08/2021,31/05/2025,46,0,0,N/A,N/A,31/05/2025,No,152050,Property,5416411,Public
Place,ITT,Salford City Council,S1392,DN575478,Management of the E-Cargo Bike Library,Cycle Waggle LTD T/A Mcr Bike Hire,M3 6BY," £40,000.00 "," £40,000.00 ",No,01/03/2022,28/02/2025,26,0,0,N/A,N/A,28/02/2025,Yes,360000,Passenger Transport,9034563,Public
Place,Other,Salford City Council,S1354,,Road AI Technology to Survey on a Sample of Unclassified Road Network,Vaisala,B37 7YB," £9,701.50 "," £9,701.50 ",No,01/04/2021,31/03/2023,12,0,0,N/A,N/A,31/03/2023,No,390000,"Works - Construction, Repair & Maintenance ",1487125,Public
People,CSO Exception,Salford City Council,S1161,,Term Time and Holiday Provision for Jewish Heritage Children with a Disability aged 5 to 11,The Federation of Jewish Services,M25 9SB," £20,882.67 "," £80,882.67 ",No,01/04/2017,31/03/2023,60,12,1,1,,31/03/2024,No,321100,Social Community Care Supplies & Services - Children,5858766,Public
People,CSO Exception,Salford City Council,S1161,,"Youth Club, Sports and Trips for Young People with a Disability aged 11-18",You Can Community Club,N8 0JB," £50,000.00 "," £250,000.00 ",No,01/04/2017,31/03/2023,36,24,1,Yes,,31/03/2023,No,321100,Social Community Care Supplies & Services - Children,10320017,Public
People,RFQ,Salford City Council,S1481,N/A,Client Caseload Information System,Career Connect,L2 3YL," £9,174.77 "," £9,174.77 ",No,01/04/2022,31/03/2023,12,0,0,N/A,N/A,31/03/2023,No,321100,Social Community Care Supplies and Services - Children,4233289,Public
People,CSO Exception,Salford City Council,S1411,,Enhanced Postural Stability Service,Salford Community Leisure Ltd,M27 5DA," £181,600.00 "," £181,600.00 ",No,01/04/2020,01/04/2023,24,12,1,,,01/04/2023,No,311600,Services,IP29627R,Public
Place,ITT,Salford City Council,S1052,DN377213,Salford City Council’s Bus Lane Enforcement Equipment and Maintenance Support Contract,Yunex Ltd,GU16 8QD," £24,250.00 "," £97,000.00 ",No,01/04/2019,31/03/2023,24,12,2,Yes,Yes,31/03/2023,No,190000,Facilities & Management Services,351400,Public
Regeneration,ITT,Salford City Council,S1094,,"Management, Maintenance & Modernisation of New Pendleton (PFI)",Pendleton Together Operating Ltd,HX1 2EB," £14,548,166.00 "," £436,444,980.00 ",Yes,01/09/2013,31/08/2043,360,0,0,N/A,N/A,31/08/2043,No,200000,Financial Services,8626238,Public
Place,ITT,Salford City Council,S1193,DN558827,Salford Domestic Abuse services,Salford Foundation ,M5 4BD," £833,000.00 "," £4,165,000.00 ",Yes,01/04/2022,31/03/2027,60,12,1,,,31/03/2027,Yes,321000,Social Community Care Supplies and Services,2472369,Public
Place,Mini-Comp,Salford City Council,S1144,DN361205,Minor Building Works Framework Agreement (Lot 1 & Lot 2 ),Various,Various, £-   , £-   ,No,01/02/2019,31/01/2023,24,24,2,Yes,Yes,31/01/2023,Yes,390000,"Works - Construction, Repair & Maintenance",Various,Public
Service Reform,ITT,Salford City Council,S1027,DN413074,Provision of Car Club,Co-Wheels,DH1 2LH," £250,000.00 "," £1,003,880.00 ",Yes,01/05/2015,01/04/2023,24,24,2,Yes,Yes,01/04/2023,Yes,380000,Vehicle Management,6512325,Public
Service Reform,Other,Salford City Council,S1331,,SAP Licences for Liverpool City Council,SAP UK Ltd,TW14 8HD," £265,000.00 "," £530,000.00 ",,01/04/2021,31/03/2023,24,0,0,N/A,N/A,31/03/2023,No,270000,Information Communication Technology,2152073,Public
Service Reform,Direct Call-Off,Salford City Council,S1473,N/A,"SCC Firewall replacement, Fortinet",CDW Ltd ,EC4M 9AF," £43,333.33 "," £130,000.00 ",No,01/04/2021,31/03/2024,36,0,0,N/A,N/A,31/03/2024,No,271501,Services,02174990 ,Public
Place,ITT,Salford City Council,S1244,DN454372,School Keep Clear Enforcement Cameras,Videalert Limited,HA4 9NA," £96,060.00 "," £96,060.00 ",No,01/03/2020,28/02/2023,36,0,0,N/A,N/A,28/02/2023,Yes,350000,Street & Traffic Management ,5040786,Public
People,RFQ,Salford City Council,S1194,DN180855,Digital Management System - Day Nurseries (I Connect),Connect Software Solutions Ltd,PR1 3HP," £4,350.00 "," £17,400.00 ",No,01/05/2021,30/04/2023,24,0,0,N/A,N/A,30/04/2023,Yes,270000,Information Communication Technology,5162098,Public
Place,ITT,Salford City Council,S1101,N/A,Security staffing and associated vehicle hire,The Exclusec Group Ltd,BL1 4TQ," £601,213.00 "," £601,213.00 ",No,01/05/2022,31/03/2023,11,0,0,N/A,N/A,31/03/2023,No,190000,Facilities & Management Services,1013210,Public
Place,ITT,Salford City Council,S1013,DN311343,Provision of Civil Parking Enforcement Services,NSL Ltd,B3 2JR," £790,000.00 "," £3,950,000.00 ",Yes,01/04/2018,31/03/2023,36,24,2,Yes,Yes,31/03/2023,No,350000,Street & Traffic Management,2362957,Public
People,CSO Exception,Manchester City Council,S1123,,Support and Maintenance for Child View Youth Justice System (CVYJ),CACI Ltd, W14 8TS ," £29,416.00 "," £147,080.00 ",No,01/05/2022,30/04/2027,5,0,0,N/A,N/A,30/04/2027,No,270000,Information Communication Technology,1649776,Public
People,Direct Call-Off,Salford City Council,S1073,,Telephone Interpreting,Interpreting Translation Line Ltd,NE10 0JP," £2,072.00 "," £7,255.00 ",No,01/06/2021,30/04/2023,24,0,0,N/A,N/A,30/04/2023,Yes,260000,Human Resources,4844668,Public
People,Other,Salford City Council,S1460,,Provision of Adult social care services,Aspire,M27 5WW," £9,670,278.00 "," £29,010,834.00 ",Yes,01/06/2021,31/05/2024,24,0,0,,,31/05/2024,Yes,321000,Social Community Care Supplies & Services - Adult ,9360642,Public
People,CSO Exception,Salford City Council,S1284,,Connecting Care Leavers,Pure Insight,SK7 5ER," £55,000.00 "," £165,000.00 ",No,01/08/2020,31/07/2022,24,12,1,Yes,,31/07/2023,No,321100,Social Community Care Supplies & Services - Children,1155389,Public
Place,Other ,Salford City Council,S1188,DN442479,Removal and Transportation of Furniture ,BCL,M17 1PP," £10,000.00 "," £30,000.00 ",No,18/11/2019,17/11/2022,24,12,1,Yes,N/A,17/11/2022,No,210000,Furniture & Soft Furnishings,8106928,Public
Place,ITT,Salford City Council,S1034,DN59805,Service and Preventative Maintenance and Repair of Air Handling and Air Conditioning System ,ECG Facilities Services Ltd,G2 8JX," £44,068.97 "," £132,206.91 ",No,01/04/2022,31/03/2025,36,24,2,Yes,Yes,31/03/2025,Yes,190000,Facilities & Management Services,SG298533,Public
Place,ITT,Salford City Council,S1062,,Servicing and Maintenance of Cold Water Booster Sets,Pressboost Limited,M25 3HB," £9,500.00 "," £47,500.00 ",No,01/04/2020,31/05/2023,36,24,2,1,,31/023/2024,Yes,180000,Utilities ,7842756,Public
Public Health,ITT,Salford City Council,S1022,DN63987,Sexual and Reproductive Health Service for Salford & Bolton,Bolton NHS Foundation Trust,BL4 0JR," £3,224,828.00 "," £18,615,606.00 ",Yes,01/07/2016,31/03/2024,36,21,2,Yes,Yes,31/03/2024,No,310000,Healthcare,CHA1050488,Public
People,Direct Call-Off,Salford City Council,S1196,DN409557,Lot 1 Full-time Alternative Provision – Min. of 25 Hours per Week,Various Providers,Various," £55,250.00 "," £221,000.00 ",Yes,02/09/2019,31/07/2023,48,12,4,,,31/07/2023,Yes,170000,Education,Various ,Public
People,Direct Call-Off,Salford City Council,S1196,DN409557,Lot 2 Part-time Alternative Provision – Sports Science / Health & Wellbeing,Various Providers,Various," £104,720.00 "," £418,880.00 ",Yes,02/09/2019,31/07/2023,48,12,4,,,31/07/2023,Yes,170000,Education,Various ,Public
People,Direct Call-Off,Salford City Council,S1196,DN409557,Lot 3 Part-time Alternative Provision – Sports Coaching / Life Skills,Various Providers,Various," £104,720.00 "," £418,880.00 ",Yes,02/09/2019,31/07/2023,48,12,4,,,31/07/2023,Yes,170000,Education,Various ,Public
People,Direct Call-Off,Salford City Council,S1196,DN409557,Lot 4 Part-time Alternative Provision – Hair and Beauty,Various Providers,Various," £100,912.00 "," £403,648.00 ",Yes,02/09/2019,31/07/2023,48,12,4,,,31/07/2023,Yes,170000,Education,Various ,Public
People,Direct Call-Off,Salford City Council,S1196,DN409557,Lot 5 Part-time Alternative Provision – Construction,Various Providers,Various," £37,400.00 "," £149,600.00 ",No,02/09/2019,31/07/2023,48,12,4,,,31/07/2023,Yes,170000,Education,Various ,Public
People,Direct Call-Off,Salford City Council,S1196,DN409557,Lot 6 One-to-One Tutoring,Various Providers,Various," £15,000.00 "," £60,000.00 ",No,02/09/2019,31/07/2023,48,12,4,,,31/07/2023,Yes,170000,Education,Various ,Public
People,Direct Call-Off,Salford City Council,S1196,DN409557,Lot 7 Complementary – Animal Care,Various Providers,Various," £5,712.00 "," £22,848.00 ",No,02/09/2019,31/07/2023,48,12,4,,,31/07/2023,Yes,170000,Education,Various ,Public
Service Reform,Other,Salford City Council,S1082,,SIP Trunks & Call Charges,Virgin Media Business Ltd,RG2 6UU," £78,000.00 "," £78,000.00 ",No,01/01/2022,31/12/2022,12,0,0,N/A,N/A,31/12/2022,No,270000,Information Communication Technology,1785381,Public
Place,Mini-Comp,Salford City Council,S1144-38,N/A,"Re-tiling, lead replacement and flat roof renewal of Swinton Town Hall including clock tower",Wright Build Ltd,M46 0AG," £410,757.00 "," £410,757.00 ",No,10/10/2022,30/04/2023,6,0,0,N/A,N/A,30/04/2023,Yes,390000,"Works - Construction, Repair & Maintenance",01401191,Public
Service Reform,Direct Call-Off,Salford City Council,S1274,,Social Value Portal,The Social Value Portal Ltd,M1 5FW," £12,000.00 "," £36,000.00 ",No,01/06/2020,31/05/2023,36,0,0,N/A,N/A,31/05/2023,Yes,270000,Information Communication Technology,9197997,Public
People,Direct Call-Off,Salford City Council,S1196,DN409557,Lot 8 Complementary – Innovation,Various Providers,Various," £35,000.00 "," £140,000.00 ",No,02/09/2019,31/07/2023,48,12,4,,,31/07/2023,Yes,170000,Education,Various ,Public
Service Reform,Direct Call-Off,Salford City Council,S1229,,Specialist Professional Services Call-Off Contract,Bloom Procurement Services Ltd,NE8 2ET," £700,000.00 "," £2,800,000.00 ",No,01/12/2019,30/11/2023,48,0,0,N/A,N/A,30/11/2023,No,150000,Consultancy ,8045123,Public
People,ITT,Salford City Council,S1192,DN262084,Educational Visits Advisory Service,North Yorkshire County Council,DL7 8AD," £33,000.00 "," £99,000.00 ",No,01/09/2017,31/08/2023,36,36,1,Yes,,31/08/2023,No,170000,Education,GBML2156813,Public
Place,Other,Salford City Council,S1058,DN446006,Salford Community Leisure Management Agreement,Salford Community Leisure Ltd,M27 5DA," £4,100,000.00 "," £4,100,000.00 ",Yes,01/04/2004,31/03/2025,192,59,,,,31/03/2025,Yes,290000,Arts & Leisure Services,IP29627R,Public 
Place,ITT,Salford City Council,S1392,DN575478,Salford eCargo Bike Scheme,Cycle Waggle LTD T/A Mcr Bike Hire,M16 9HD," £74,817.53 "," £112,226.29 ",No,01/03/2022,28/02/2025,36,0,0,N/A,N/A,28/02/2025,Yes,360000,Passenger Transport,9034563,Public
Place,ITT,Salford City Council,S1023,DN63170,Salford Handyperson Service,Swinton Community Business T/A Helping Hands,M27 4AU," £300,000.00 "," £900,000.00 ",Yes,01/04/2022,31/03/2025,36,12,1,,,31/03/2025,Yes,190000,Facilities & Management Services,3663823,Public
People,CSO Exception,Salford City Council,S1115,,Children’s Social Work Reference and Training Tool ,Research In Practice,TQ9 6EL," £21,564.00 "," £21,564.00 ",No,01/04/2020,31/03/2024,24,0,0,N/A,N/A,31/03/2024,No,270000,Information Communication Technology,1485560,Public
People ,CSO Exception,Salford City Council,S1059,,Leading Salford Leadership Development Programme - Supported accomondations (Lane End and Claremont),Foundations Support and Care Services UK Limited,BL1 3NT," £527,020.68 "," £3,162,124.08 ",Yes,01/01/2016,31/03/2022,48,24,2,Yes,Yes,31/03/2024,Yes,321100,Social Community Care Supplies & Services - Children,5546372,Public
Place,Other,Salford City Council,S1275,DN483333,Salford Residents Funeral Service,Kanes Funeral Directors,M19 1FE," £165,000.00 "," £825,000.00 ",Yes,01/10/2020,30/09/2023,36,12,2,,,30/09/2023,Yes,120000,Cemetry & Crematorium,7550105,Public
Place,CSO Exception,Salford City Council,S1416,,Supply of 6mm Quick Viafix Road Repair,Viatec UK Ltd,BA3 4XD," £125,000.00 "," £125,000.00 ",No,01/02/2022,30/01/2023,24,0,0,N/A,N/A,30/01/2023,Yes,3911465,Reconstruction and Resurficing,5642795,Public
Place,CSO Exception,Salford City Council,S1478,N/A,Supply of AC Dense Surf 160/220 Hardstone,Aggregate Industries UK Ltd,LE67 9PJ," £125,000.00 "," £125,000.00 ",No,16/05/2022,31/05/2023,12,0,0,N/A,N/A,31/05/2023,No,391469,Reconstruction and Resurficing,245717,Public
Place,Mini-Comp,Salford City Council,S1231,DN451850,Supply of Aggregate,Cemex UK,M5 4WH," £135,000.00 "," £135,000.00 ",No,31/01/2020,30/01/2022,24,12,1,,N/A,30/01/2023,No,100000,Building Construction Materials ,658390,Public
Place,ITT,Salford City Council,S1001,DN262363,Service and Maintenance of Air Quality Stations,Enviro Technology Services plc,GL5 2BY," £46,000.00 "," £184,000.00 ",Yes,01/09/2021,31/08/2023,24,24,2,,,31/08/2023,Yes,180000,Environmental Services,1726773,Public
Place,Other,Salford City Council,S1166,DN419137,Smart Catering System ,MCG Consulting Group Ltd,DE11 9FE," £128,000.00 "," £128,000.00 ",No,01/04/2019,31/03/2024,60,0,0,N/A,N/A,31/03/2024,Yes,270000,Information Communication Technology,11526731,Public 
People,Direct Call-Off,Salford City Council,S1427,N/A,Portakabin for Brentnall Primary School.,Portakabin ltd,BB1 3HY," £60,652.80 "," £60,652.80 ",No,10/01/2022,09/01/2024,24,0,0,N/A,N/A,09/01/2024,No,321060,Temporary Accomodation -  Unsupported,321060,Public
People,Direct Call-Off,Salford City Council,S1426,N/A,Portakabin for Willow Tree Primary School,Portakabin ltd,BB1 3HY," £51,480.00 "," £51,480.00 ",No,10/01/2022,09/01/2024,24,0,0,N/A,N/A,09/01/2024,No,321060,Temporary Accomodation -  Unsupported,321060,Public
Place,RFQ,Salford City Council,S1109,DN332455,Supply and Fit of Hydraulic Hoses,G B Hoses ,M27 4DB," £25,000.00 "," £80,000.00 ",No,01/06/2018,31/05/2023,36,12,2,Yes,Yes,31/05/2023,Yes,190000,Facilities & Management Services,4308869,Public
Service Reform,Mini-Comp,Salford City Council,S1253,DN418513,"Supply, Installation and Maintenance of Multi-Functional Printers and Print Centre Equipment",Ricoh UK Limited,NN4 7YL," £180,000.00 "," £900,000.00 ",Yes,01/09/2020,31/08/2025,60,0,0,N/A,N/A,31/08/2025,No,270000,Information Communication Technology,1271033,Public
Place ,Other,Salford City Council,S1235,DN375625,"Supply, Repair and Maintenance of Catering Equipment",A Venning Ltd ,M41 5AN," £140,000.00 "," £180,000.00 ",No,01/02/2019,31/01/2022,24,12,2,Yes ,Yes,31/01/2023,Yes,110000,Catering,1623994,Public
People,CSO Exception,Salford City Council,S1104,DN72958,Provision of Healthwatch Salford,Healthwatch Salford,M6 6FP," £166,520.00 "," £790,970.00 ",Yes,01/07/2015,31/03/2024,33,84,2,Yes,,31/03/2024,Yes,321100,Social Community Care Supplies & Services - Children,9563358,Public
Service Reform,Direct Call-Off,Salford City Council,S1138,DN445720,Support and Maintenance for Generic Appointments and Events Booking System,Zipporah,CF3 2PX," £20,000.00 "," £40,000.00 ",No,31/10/2021,31/10/2023,24,24,2,,,31/10/2023,Yes,270000,Information Communication Technology,4826999,Public
People,ITT,Salford City Council,S1068,DN227470,Delivery of Step Up to Social Work Programme,The University of Salford,M5 4WT," £153,600.00 "," £1,382,400.00 ",Yes,01/04/2017,31/03/2025,108,24,1,Yes,N/A,30/04/2024,No,170000,Education,RC000666,Public
People,CSO Exception,Salford City Council,S1489,N/A,Adult Social Care Supported Living for people with Learning Disabilities,Turning Point (Services) Limited,E1 8AA," £1,458,186.40 "," £2,916,372.80 ",No,03/06/2022,03/06/2024,24,0,0,N/A,N/A,03/06/2024,No,321000,Social Community Care Supplies & Services - Adult,00793558,Public
People,CSO Exception,Salford City Council,S1201,N/A,Looked After Call,Iris Software Ltd,SL3 8QY," £10,374.00 "," £31,122.00 ",No,01/09/2022,31/08/2024,24,12,1,,,31/08/2024,Yes,271600,Commercial-Off-The-Shelf,03196054,Public
People,RFQ,Salford City Council,S1409,DN592100,Mental Health Drama Workshop,Odd Arts,M14 4SL," £12,500.00 "," £37,500.00 ",No,16/02/2022,17/02/2025,12,12,1,,,17/02/2025,Yes,171011,School Services,CE016832,Public
Place,Mini-Comp,YPO 981,S1014,,Supply of Liquid Fuels and Heating Oil,Standard Fuels,W1U 1QX," £1,000,000.00 "," £4,000,000.00 ",Yes,14/01/2020,13/01/2023,24,24,1,Yes,N/A,13/01/2023,No,380000,Vehicle Management,6667542,Public
Place,ITT,Salford City Council,S1232,DN557957,Technical and Highway Works Framework - Lot Five,Various,Various," £90,000.00 "," £360,000.00 ",Yes,03/02/2022,02/02/2026,48,0,0,N/A,N/A,02/02/2026,Various,390000,"Works Construction, Repair and Maintenance",Various,Public
Place,ITT,Salford City Council,S1232,DN557957,Technical and Highway Works Framework - Lot Four,Various,Various," £800,000.00 "," £3,200,000.00 ",Yes,03/02/2022,02/02/2026,48,0,0,N/A,N/A,02/02/2026,Various,390000,"Works Construction, Repair and Maintenance",Various,Public
Place,ITT,Salford City Council,S1232,DN557957,Technical and Highway Works Framework - Lot One: ,Various,Various," £3,000,000.00 "," £12,000,000.00 ",Yes,03/02/2022,02/02/2026,48,0,0,N/A,N/A,02/02/2026,Various,390000,"Works Construction, Repair and Maintenance",Various,Public
Place,ITT,Salford City Council,S1232,DN557957,Technical and Highway Works Framework - Lot Six,Various,Various," £4,000,000.00 "," £16,000,000.00 ",Yes,03/02/2022,02/02/2026,48,0,0,N/A,N/A,02/02/2026,Various,390000,"Works Construction, Repair and Maintenance",Various,Public
Place,ITT,Salford City Council,S1232,DN557957,Technical and Highway Works Framework - Lot Three,Various,Various," £350,000.00 "," £1,400,000.00 ",Yes,03/02/2022,02/02/2026,48,0,0,N/A,N/A,02/02/2026,Various,390000,"Works Construction, Repair and Maintenance",Various,Public
Place,ITT,Salford City Council,S1232,DN557957,Technical and Highway Works Framework - Lot Two,Various,Various," £95,000.00 "," £380,000.00 ",Yes,03/02/2022,02/02/2026,48,0,0,N/A,N/A,02/02/2026,Yes,390000,"Works Construction, Repair and Maintenance",Various,Public
Place,Direct Call-Off,Salford City Council,S1421,N/A,Technical Arboricultural Professional Services Support and Advice,Ecus Limited via Bloom Procurement Services Ltd,S61 2DW," £42,052.50 "," £42,052.50 ",No,01/02/2022,31/01/2023,12,12,1,,,31/01/2023,No,150000,Consultancy ,8045123,Public
People,Mini-Comp,Salford City Council,,,Home to school transport services for the Alder Brook Primary Partnership Centre   ,MDS Minibuses Ltd,M30 9BQ," £202,800.00 "," £1,014,000.00 ",No,06/09/2022,20/07/2025,35,24,1,,,20/07/2025,yes,360000,Public Transport,8215671,Public
People,Mini-Comp,Salford City Council,,,Interpretation and Translation Services,DA Languages Ltd,," £34,000.00 "," £102,000.00 ",No,01/08/2022,31/07/2025,36,24,2,,,31/07/2025,No,261100,Interpretation & Translation,06207784,Public
People,CSO Exception,Salford City Council,S1021,DN62177,Salford Carers Service,The Gaddum Centre,M15 4AX," £466,390.20 "," £2,331,951.00 ",Yes,01/10/2020,30/09/2025,60,12,1,,,30/09/2025,Yes,321000,Social Community Care Supplies & Services - Adult ,507162,Public
Place,Mini-Comp,Salford City Council,S1181,DN410822,"The Development of Digital Six Sheet Advertising Units (FSU) within the City of Salford, to be located on Council owned land",Clear Channel UK Limited,W1F 9JT, £-   , £-   ,No,01/09/2019,01/09/2029,84,0,0,N/A,N/A,01/09/2029,No,350000,Street & Traffic Management,950526,Public
Place,ITT,Bolton Council,S1247,,The Supply and Delivery of Cleaning and Janitoral Products,Arrow County Supplies Limited,SY3 9AE," £116,988.96 "," £467,955.84 ",Yes,01/02/2019,31/01/2022,36,12,1,1,Yes,31/01/2023,No,130000,Cleaning & Janitorial,6355141,Public
Place,Direct Call-Off,ESPO 860,S1066,,Supply of Plastic Wheeled Bins,MGB Plastics,S61 4RJ," £160,000.00 "," £600,000.00 ",Yes,01/02/2018,31/01/2023,48,24,2,Yes,Yes,31/01/2023,Yes,180000,Environmental Services,4109399,Public
,,,,,,,,,,,,,,,,,,,,,,,
Service Reform,Mini-Comp,Salford City Council,S1287,,Trafford Road Site Supervision Consultant,AECOM,M1 4HD," £152,455.96 "," £339,788.83 ",,01/11/2020,31/12/2022,26,12,1,,,31/12/2022,No,150000,Consultancy ,1846493,Public
Service Reform,Direct Call-Off,Oldham MBC,S1106,,Treasury Management Advisory Services ,Link Asset Services,LS11 0PA," £15,000.00 "," £45,000.00 ",No,01/04/2019,31/03/2023,36,12,1,,,31/03/2023,No,200000,Financial Services,3376447,Public
Place,Mini-Comp,Salford City Council,S1053,N/A,Trinity Way/Springfield Lane NEC4 PM,Wilde Consulting Engineers,SK1 3HS," £23,272.50 "," £23,272.50 ",No,02/05/2022,09/12/2022,8,0,0,N/A,N/A,09/12/2022,No,150000,Consultancy ,02603960,Public
Service Reform,Mini-Comp,Salford City Council,S1268,,Unified Communications Software and Support (CISCO),XMA Limited,NG11 7EP," £535,037.22 "," £535,037.22 ",Yes,01/06/2020,31/05/2023,36,0,0,N/A,N/A,31/05/2023,No,270000,Information Communication Technology,2051703,Public
Place,ITT,Salford City Council,S1051,DN389668,Unmetered Street Lighting Supply,SSE Energy Supply Ltd,RG1 3JH," £980,000.00 "," £1,960,000.00 ",Yes,01/04/2019,31/03/2023,48,0,0,N/A,N/A,31/03/2023,Yes,350000,Street & Traffic Management,2228297,Public
Place,Mini-Comp,Salford City Council,S1045,,Maintenance of New Pay + Display Machines,International Parking Systems Ltd,KT15 2LE," £8,800.00 "," £8,800.00 ",No,01/05/2023,30/04/2024,12,0,0,N/A,N/A,30/04/2024,Yes,351100,Equipment,9971838,Public
Place,ITT,ESPO 150 - 21,S1005,DN366398,"TC607: Pest Control Chemicals, Associated Equipment and Training",Killgerm Chemicals Ltd,WF5 9AJ," £10,000.00 "," £40,000.00 ",No,01/12/2021,30/11/2025,48,0,0,N/A,N/A,30/11/2025,Yes,180000,Environmental Services,2794829,Public
People,Other,Salford City Council,S1191,DN124242,Dynamic Purchasing System for the Provision of Transport,Various Providers,Various," £3,925,776.00 "," £39,257,760.00 ",Yes,01/09/2016,30/06/2026,120,0,0,N/A,N/A,30/06/2026,Yes,360000,Passenger Transport,Various,Public
Service Reform,CSO Exception,Salford City Council,S1086,N/A,VMware Enterprise License Agreement ,Softcat PLC,SL7 1LW," £67,000.00 "," £67,000.00 ",No,30/03/2022,29/03/2023,12,0,0,N/A,N/A,29/03/2023,No,271440,Software,02174990,Public
Place,Direct Call-Off,Salford City Council,S1211,DN443838,Vehicle Hire,Enterprise Rent-A-Car,M50 3UQ," £30,000.00 "," £90,000.00 ",No,13/01/2021,12/01/2023,24,12,1,,,12/01/2023,No,380000,Vehicle Management,2946689,Public 
Place,Mini-Comp,Salford City Council,S1139,DN124698,Washroom Services,Personnel Hygiene Services Limited,CF83 1XH," £41,064.70 "," £41,064.70 ",No,01/04/2021,31/03/2023,24,12,,,N/A,31/03/2023,No,190000,Facilities & Management Services,770813,Public 
Place,RFQ,Salford City Council,S1362,DN378993,Vehicle Repairs & Maintenance ,Lightoaks Garage ,M6 8AP," £60,000.00 "," £145,000.00 ",No,18/02/2019,17/02/2023,24,24,2,Yes,Yes,17/02/2023,No,380000,Vehicle Management,6162779,Public
Place,Mini-Comp,Salford City Council,S1255,DN454517,Water System Risk Assessments and Water Hygiene Monitoring Services ,HSL Compliance,HR9 5BP," £51,969.90 "," £155,090.70 ",Yes,01/04/2020,31/03/2023,36,12,2,,,31/03/2023,Yes,190000,Facilities & Management Services,2425951,Public
Place,ITT,Salford City Council,S1054,DN543995,Window Cleaning ,Champion Cleaning Services ,BL1 3BD," £22,899.50 "," £91,598.00 ",No,01/10/2021,30/09/2024,36,12,1,,N/A,30/09/2024,Yes,130000,Cleaning & Janitorial,9108276,Public
People,Other,Salford City Council,S1329,DN527642,Statutory Homeless Supported Temporary Accomodation ,The Riverside Group Ltd,M13 0AF," £75,122.00 "," £375,610.00 ",No,01/12/2021,30/11/2026,60,24,2,,,30/11/2026,No,321000,Social Community Care Supplies & Services - Adult ,30938R,Public
Place ,CSO Exception,Salford City Council,S1156,,Water Quality and Ecology Management at Salford Quays,APEM Ltd,SK4 3GN," £72,000.00 "," £144,000.00 ",No,01/04/2021,31/03/2024,24,0,0,N/A,N/A,31/03/2024,Yes,180000,Environmental Services,2530851,Public
Place,Direct Call-Off,Salford City Council,S1050,N/A,Contract for the supply of natural gas,Corona Energy,WD18 8YA," £4,070,974.00 "," £4,070,974.00 ",No,01/07/2022,30/06/2023,12,0,0,N/A,N/A,30/06/2023,No,371100,Gas,3241012,Public
Place,ITT,Salford City Council,S1172,DN602408,Road Lining Services,KJ Lines,ST5 2BE," £200,000.00 "," £400,000.00 ",Yes,11/07/2022,10/07/2024,24,12,0,,,10/07/2024,Yes,391400,Roads,3900183,Public
People,Other,Salford City Council,S1329,DN527642,Statutory Homeless Supported Temporary Accomodation ,Salvation Army ,M5 4DU," £97,269.63 "," £486,348.15 ",No,01/12/2021,30/11/2026,60,24,2,,,30/11/2026,No,321000,Social Community Care Supplies & Services - Adult ,IP15210R,Public
People,CSO Exception,Salford City Council,S1035,DN424282,Children’s Centre Services by Aguda NW at the Hershel Weiss Centre,Aguda NW,M7 4DQ," £183,041.25 "," £732,165.00 ",No,01/04/2022,31/03/2027,60,12,2,,,31/03/2027,No,170000,Education,5407721,Public
Place,ITT,Salford City Council,S1006,,"YPO 1074: Office Desking, Seating & Storage",H.Jenkinson & Company Ltd,L34 9JR," £10,000.00 "," £10,000.00 ",Yes,22/06/2021,21/06/2023,48,24,2,,,21/06/2023,Yes,210000,Furniture & Soft Furnishings,169844,Public
People,ITT,Salford City Council,S1335,DN563188,Semi Independent Living Services (16-25 year olds) In Salford,Places for People Living Plus Ltd,M6 5WX," £71,666.00 "," £429,996.00 ",Yes,01/04/2022,31/03/2027,60,12,2,,,31/03/2027,No,321000,Social Community Care & Services - Adult,20014R,Public
People,ITT,Salford City Council,S1335,DN563188,Semi Independent Living Services (16-25 year olds) In Salford,Places for People Living Plus Ltd,M6 5WX," £61,348.00 "," £368,088.00 ",Yes,01/04/2022,31/03/2027,60,12,2,,,31/03/2027,No,321000,Social Community Care & Services - Adult,20014R,Public
Service Reform,CSO Exception,Salford City Council,S1484,N/A,Cost Recovery Audit,Meridian Cost Benefit Ltd,AL4 0PG, £-   , £-   ,No,06/06/2022,02/12/2022,6,6,1,,,02/12/2022,No,201100,Audit,04775740,Public
People,ITT,Salford City Council,S1335,DN563188,Semi Independent Living Services (16-25 year olds) In Salford,Places for People Living Plus Ltd,M6 5WX," £47,970.00 "," £287,820.00 ",Yes,01/04/2022,31/03/2027,60,12,2,,,31/03/2027,No,321000,Social Community Care & Services - Adult,20014R,Public
People,ITT,Salford City Council,S1335,DN563188,Semi Independent Living Services (16-25 year olds) In Salford,Adullam Homes Housing Association ,BL8 2AH," £126,259.00 "," £757,554.00 ",Yes,01/04/2022,31/03/2027,60,12,2,,,31/03/2027,Yes,321000,Social Community Care & Services - Adult,20853R,Public
People,ITT,Salford City Council,,DN593084,Age Well – Early Intervention,Age UK Salford,M30 0LH," £2,834,892.54 "," £2,834,892.54 ",Yes,01/10/2022,30/09/2027,48,0,0,N/A,N/A,30/09/2027,Yes,321000,Social Community Care Supplies & Services - Adult,06825798 ,Public
People,ITT,Salford City Council,,DN593084,Age Well – Population Health,Inspiring Communities Together,ST2 0EF," £1,729,984.82 "," £1,729,984.82 ",Yes,01/01/2023,31/12/2027,48,0,0,N/A,N/A,31/12/2027,Yes,321000,Social Community Care Supplies & Services - Adult,1157053,Public
People,Other,STAR Procurement,S1190,,Greater Manchester Fostering Framework,Various Providers,Various," £2,511,831.70 "," £7,535,495.10 ",,01/04/2019,31/03/2029,24,24,4,,,31/03/2029,No,321100,Social Community Care Supplies & Services - Children,Various,Public
People,ITT,Salford City Council,S1093,,"PFI 3:  Provision of School Buildings, Catering & Facilities Management",S&W TLP (Project Co One) Ltd,SN5 6NX," £9,131,000.00 "," £228,275,000.00 ",Yes,14/09/2011,13/09/2036,300,0,0,N/A,N/A,13/09/2036,Yes,200000,Financial Services,7028471,Public
People,ITT,Salford City Council,S1093,,"PFI 4:  Provision of School Buildings, Catering & Facilities Management",S&W TLP (Project Co Two) Ltd,DA2 6NS," £10,609,505.00 "," £268,774,126.67 ",Yes,14/04/2013,13/08/2038,304,0,0,N/A,N/A,13/08/2038,Yes,200000,Financial Services,7796896,Public
Place,Mini-Comp,Salford City Council,S1232-36,DN616574,Agecroft Prison Footbridge Painting Scheme,Coating Services Limited,SK14 1HF," £113,200.00 "," £113,200.00 ",No,26/09/2022,16/12/2022,3,0,0,N/A,N/A,16/12/2022,Yes,390000,"Works Construction, Repair and Maintenance",03852486,Public
Service Reform,Direct Call-Off,Salford City Council,S1494,n/a,Fortinet FortiMail Cloud ,CDW Ltd,EC4M 9AF," £50,000.00 "," £149,999.99 ",no,31/03/2022,31/03/2025,36,0,0,N/A,N/A,31/03/2025,No,271300,Information Communication Technology,2465350,Public
Place,CSO Exception,Salford City Council,,,Housing Management Agreement,Salix Homes Ltd,M5 4DT," £200,000.00 "," £200,000.00 ",No,01/09/2022,31/08/2023,12,0,0,N/A,N/A,31/08/2023,No,250000,Housing Management ,06005412,Public
Place,ITT,Salford City Council,S1083,DN598577,Framework Agreement for Demolition and Associated ,Various Suppliers,," £2,352,500.00 "," £1,176,250.00 ",Yes,15/08/2022,14/08/2024,48,24,1,,,14/08/2024,Yes,181000,Demolition & Asbestos Removal,"6233056
3057185
01719179
6426331",Public
Place,ITT,Salford City Council,S1083,DN598577,Framework Agreement for Demolition and Associated ,Connell Brothers Limited,M6 6FL," £2,352,500.00 "," £1,176,250.00 ",Yes,15/08/2022,14/08/2024,48,24,1,,,14/08/2024,Yes,181000,Demolition & Asbestos Removal,6233056,Public
Place,Mini-Comp,Salford City Council,S1496,N/A,Servicing and Maintenance of Fire Alarm and Emergency Lighting ,Fieldway Supplies Ltd,L36 6AW," £61,825.20 "," £61,825.20 ",No,01/04/2022,31/03/2024,24,0,0,N/A,N/A,31/03/2024,,220000,Health & Safety,05743944,Public
People,Mini-Comp,Salford City Council,S1028,DN166732,Integrated 0-19 Children's Health Service,Salford Royal NHS Foundation Trust,M5 4BD," £5,351,258.00 "," £5,351,258.00 ",No,01/04/2023,31/03/2024,12,0,0,n/a,n/a,31/03/2024,Yes,310000,Healthcare,5138092,Public
Place,Mini-Comp,Salford City Council ,S1185,N/A,CCTV Maintenance and Repair Services ,The CCTV Company,WN5 7AS," £25,000.00 "," £75,000.00 ",No,01/10/2022,30/09/2025,36,0,0,N/A,N/A,30/09/2025,Yes,270000,Information Communication Technology,4546074,Public
Place,ITT,Salford City Council,S1083,DN598577,Framework Agreement for Demolition and Associated ,Alan Franklin ,," £2,352,500.00 "," £1,176,250.00 ",Yes,15/08/2022,14/08/2024,48,24,1,,,14/08/2024,Yes,181000,Demolition & Asbestos Removal,4804728,Public
Place,Mini-Comp,Salford City Council,S1232-32,DN611230,"Construction of a new play area to Campbell Road Playing Fields, Swinton",Groundwork Landscapes Ltd,," £357,851.85 "," £357,851.85 ",No,24/10/2022,28/02/2023,2,1,0,,,28/02/2023,Yes,391310,Open Spaces - Construction ,01339901,Public
Place,CSO Exception,Salford City Council,S1500,N/A,Parking Services IT System,Chipside Ltd,SN15 5FD," £15,630.00 "," £15,630.00 ",No,01/10/2022,30/09/2026,48,24,,,,30/09/2026,Yes,271440,Software,04049461,Public
Place,RFQ,Salford City Council,S1507,N/A,Lester Road ECI,A E Yates ,BL6 4SB ," £7,593.75 "," £7,593.75 ",No,22/08/2022,21/10/2022,2,0,0,N/A,N/A,21/10/2022,No,391400,Roads,00415632,Public
Place,Direct Call-Off,Salford City Council,S1503,N/A,Provision of Cashless Parking System,Park Now Limited,RG24 8YB," £6,239.00 "," £18,717.00 ",No,21/11/2022,20/11/2025,60,0,0,N/A,N/A,20/11/2025,Yes,350200,Parking,03151938,Public
People,RFQ,Salford City Council,S1508,N/A,Review of Counselling Services for Children and Young People 2022,University of Manchester ,," £15,020.00 "," £15,020.00 ",No,15/09/2022,31/03/2023,6,0,0,N/A,N/A,31/03/2023,No,321100,Social Community Care Supplies & Services - Children,04715244,Public
Place,Mini-Comp,Salford City Council,S1232-38,DN623247,Little Hulton Station Bridge Parapet Replacement Scheme,Coating Services Limited,SK14 1HF," £58,200.00 "," £58,200.00 ",No,30/01/2023,10/03/2023,1.2,0,0,N/A,N/A,10/03/2023,Yes,390000,"Works Construction, Repair and Maintenance",03852486,Public
Place,RFQ,Salford City Council,S1510,n/a,Rope Access Unadopted Principal Inspections [Salford Uni & Lowery Footbridge],UbiQ Group Ltd,ST15 0SR," £9,220.00 "," £9,220.00 ",No,16/10/2023,20/10/2023,0,0,0,n/a,n/a,20/10/2023,Yes,390000,Social Community Care Supplies & Services - Children,11724790,Public
Place,RFQ,Salford City Council,S1511,n/a,Rope Access Unadopted Principal Inspections [Blackfiars Bridge & Trafford Swing Bridge],UbiQ Group Ltd,ST15 0SR," £9,447.00 "," £9,447.00 ",No,20/11/2023,24/11/2023,0,0,0,n/a,n/a,24/11/2023,Yes,390000,Social Community Care Supplies & Services - Children,11724790,Public
Place,Direct Call-Off,Salford City Council,S1518,n/a,Commission to undertake bus lane Technical File works,ACCOM,M1 4HD," £10,279.36 "," £10,279.36 ",No,09/01/2023,20/03/2023,0.3,0,0,N/A,N/A,01/11/2022,No,150000,Consultancy ,1846493,Public
Place,Direct Call-Off,Salford City Council ,S1519,n/a,"Barton Moss Welfare Unit – mechanical services, feasibility Assessment",S I Sealy,SK6 2SR," £9,700.00 "," £9,700.00 ",No,01/06/2022,31/07/2023,13,0,0,n/a,n/a,31/07/2023,Yes,150000,Consultancy ,02588550,Public
Place,Direct Call-Off,Salford City Council,S1526,n/a,Trinity Way Chapel St Additional Site Investigation,Argyle North West Limited,M28 3HH," £44,660.04 "," £44,660.04 ",No,05/09/2022,22/12/2022,3,0,0,n/a,n/a,22/12/2022,Yes,390000,"Works - Construction, Repair & Maintenance ",02829893,Public
Place,Direct Call-Off,Salford City Council,S1527,n/a,ATF Tranche 2 - Blackfriars Street - Loading Bay Construction,Argyle North West Limited,M28 3HH," £8,472.27 "," £8,472.27 ",No,05/09/2022,22/12/2022,3,0,0,n/a,n/a,22/12/2022,Yes,390000,"Works - Construction, Repair & Maintenance ",02829893,Public
Place,Direct Call-Off,Salford City Council,S1528,n/a,"Arcus Built Environment Solution for Planning, Building Control and Local Land and Property Gazetteer services",Arcus Global Limited,CB4 2HY," £97,500.00 "," £390,000.00 ",No,01/11/2022,01/11/2024,48,12,2,,,01/11/2024,,390000,"Works - Construction, Repair & Maintenance ",06946606,Public
Place,Mini-Comp,Salford City Council,S1232-37,DN618476,Pendleton Roundabout Parapet Replacement Scheme Phase 1,Coating Services Limited,SK14 1HF," £325,013.80 "," £325,013.80 ",No,16/01/2023,10/03/2023,2,0,0,n/a,n/a,10/03/2023,Yes,390000,"Works - Construction, Repair & Maintenance ",3852483,Public
People,CSO Exception,Salford City Council,S1529,n/a,Positive Masculinity ,Unlimited Potential,M6 6FP," £152,089.00 "," £152,089.00 ",No,01/12/2022,29/02/2024,15,0,0,n/a,n/a,29/02/2014,Yes,310000,Healthcare,IP030669,Public
People,Mini-Comp,Salford City Council,S1530,N/A,Spot purchasing of Educational Psychology Statutory Advice,Various,Various," £35,000.00 "," £140,000.00 ",No,01/10/2022,01/10/2026,48,0,0,n/a,n/a,01/10/2026,No,171010,Adult & Further Education Services,N/A,Public
Place,Mini-Comp,Salford City Council,S1340,,Installation of Air Source Heat Pumps in support of the Greater Manchester Regional Heat and Energy Decarbonisation Delivery Scheme,Rothwell Group,," £786,000.00 "," £786,000.00 ",No,03/11/2022,31/03/2023,6,0,0,n/a,n/a,31/03/2023,Yes,370000,Utilities ,04444083,Public
Place,Mini-Comp,Salford City Council,S1348,,26 Tonne Refuse Collection Vehicles,Dennis Eagle,,,,,,,,,,,,,,,,03794455 ,
People,ITT,Salford City Council,S1335,DN620434,Semi Independent Living Services (16-25 year olds) In Salford,Depaul UK,SE1 4QQ," £508,051.00 "," £2,032,205.00 ",Yes,01/04/2022,31/03/2027,48,12,2,,,31/03/2027,No,401603,Social Community Care Supplies & Services - Children,2440093,Public
Place,Mini-Comp,Salford City Council,S1083-20,DN631568,Sahal Court Demolition,Connell Brothers Limited,M6 6FL," £149,920.00 "," £149,920.00 ",No,21/11/2022,20/01/2023,3,0,0,n/a,n/a,20/01/2023,No,181000,Demolition & Asbestos Removal,02475702,Public
People,CSO Exception,Salford City Council,S1531,n/a,CareCubed,iESE (the Improvement and Efficiency Social Enterprise),," £25,000.00 "," £25,000.00 ",No,01/12/2022,30/11/2023,12,0,0,n/a,n/a,30/11/2023,No,270000,Information Communication Technology,07716988,Public
Place,CSO Exception,Salford City Council,S1532,n/a,GGP Software,GGP Systems Ltd,CRO 2LX," £59,995.38 "," £44,652.00 ",No,01/04/2022,31/03/2023,12,0,0,n/a,n/a,31/03/2023,No,270000,Information Communication Technology,02685491,Public
Place,Mini-Comp,Salford City Council,S1502,N/A,Delivery of the Turnpike Depot and Swinton Hall Road Solar Carport EPC Contracts,Vital Energi Utilities Ltd,BB1 2LD," £1,549,658.00 "," £1,549,658.00 ",No,29/11/2022,30/06/2023,3,0,0,n/a,n/a,30/06/2023,No,351000,Car Parks,04050190,Public
Place,Mini-Comp,Bolton Council,S1387,n/a,Chapel Street East Ph1 Delivery - Principal Contractor ,The Casey Group,OL12 9PS,," £2,365,431.37 ",Yes,07/04/2022,30/12/2022,10,0,0,N/A,N/A,30/12/2022,No,390000,"Works - Construction, Repair & Maintenance ",4233269,Public
Place,Direct Call-Off,Salford City Council,S1205,N/A,Lift Maintenace Contract,Otis Limited,TW8 9AG," £15,033.00 "," £45,100.00 ",No,01/04/2022,31/03/2025,36,,,,,31/03/2025,No,190000,Facilities & Management Services,00147366 ,Public
Place,ITT,Salford City Council,S1470,,ZC - Owners Engineer - Kenyon Way Solar Farm - Appointment,Locogen Energy Services Limited, EH3 5BD," £56,237.40 "," £56,237.40 ",Yes,27/09/2021,31/12/2023,15,0,0,N/A,N/A,31/12/2023,No,390000,"Works - Construction, Repair & Maintenance ",SC521029,Public
Place,CSO Exception,Salford City Council,S1539,N/A,A5063 Trafford Road Improvements: Site Supervision,AECOM,M1 4HD," £48,369.96 "," £48,369.96 ",No,03/11/2022,19/01/2023,12,0,0,N/A,N/A,19/01/2023,No,390000,"Works - Construction, Repair & Maintenance ",1846493,Public
Place,RFQ,Salford City Council,S1542,N/A,Third Party Damage Recovery Services,Motor Accident protection Services Ltd (MAPS),M5 3EB," £10,000.00 "," £10,000.00 ",No,01/11/2022,31/10/2023,12,0,0,N/A,N/A,31/10/2023,No,381900,Vehicle Recovery,03105784,Public
Place,RFQ,Salford City Council,S1543,N/A,SmartCross – Duct Surveys,Transport for Greater Manchester,," £16,000.00 "," £8,000.00 ",No,25/11/2022,25/05/2023,6,2,1,N/A,N/A,25/05/2023,,350000,Street Traffic Management,05868101,Public
Place,CSO Exception,Salford City Council,S1547,N/A,Church Street Taxi Rank,Argyle North West Limited,M28 3HH," £11,406.67 "," £11,406.67 ",No,16/01/2023,05/03/2023,1.2,0,0,N/A,N/A,05/03/2023,Yes,391110,Construction,02829893,Public
People,CSO Exception,Salford City Council,S1548,N/A,HKBNO Learning Café and Community Learning Organisation Support,Broughton Trust,," £40,000.00 "," £40,000.00 ",No,01/10/2022,30/04/2023,6,0,0,N/A,N/A,30/04/2023,Yes,321000,Social Community Care Supplies & Care,12442783 ,Public
Service Reform,Mini-Comp,Salford City Council,S1087,N/A,Software Enterprise Licence & Support,Arch Consulting Limited,," £15,884.32 "," £31,768.64 ",No,16/12/2022,15/12/2024,24,12,2,,,15/12/2024,No,271440,Software,03261503,Public
Place,Mini-Comp,Salford City Council ,,,Swinton Town Hall Clock,The Cumbria Clock Company,CA11 0HL," £23,230.00 "," £23,230.00 ",No,09/12/2022,28/01/2023,1,0,0,N/A,N/A,28/01/2023,,270000,Information Communication Technology,04439944,Public
Place,Direct Call-Off,Salford City Council ,,,Salford Museum (SMAG) - Lead valley repairs,Schofield & Sons Ltd,M30 9PS," £17,042.44 "," £17,042.44 ",No,30/11/2022,16/12/2022,1,0,0,N/A,N/A,16/12/2022,Yes,270000,Information Communication Technology,025459259,Public
Place,RFQ,Salford City Council ,,,Buile Hill Banqueting Suite and Turnpike Depot Ventilation Design to RIBA stage 6,DESCO,M1 2AP," £9,500.00 "," £9,500.00 ",No,21/11/2022,27/01/2023,2,0,0,N/A,N/A,27/01/2023,,390000,"Works - Construction, Repair & Maintenance ",13126788 ,Public
Place,RFQ,Salford City Council ,,,Buile Hill Mansion - Drainage Survey,Aqua Clenz,BB6 8AN," £8,550.00 "," £8,550.00 ",No,05/12/2022,23/12/2022,1,0,0,N/A,N/A,23/12/2022,,390000,"Works - Construction, Repair & Maintenance ",02848699,Public
Place,Direct Call-Off,Salford City Council ,S1281,,Roller Shutter Servicing of council buildings,BID Group Ltd,BL5 3XE," £6,889.00 "," £6,889.00 ",No,01/01/2023,31/03/2023,3,0,0,N/A,N/A,31/03/2023,,,,02493093 ,Public
Place,,Salford City Council ,,,A57 Peel Green Calming / Greening- Concept Design Additional Fee1,Aecom Ltd,E1 8FA," £16,464.00 "," £16,464.00 ",No,01/11/2022,09/12/2022,1,0,0,N/A,N/A,09/12/2022,,390000,"Works - Construction, Repair & Maintenance ",01846493 ,Public
Place,Mini-Comp,Salford City Council ,,,Social Value Regeneration KPIs,Social Value Portal,SE1 7TY," £9,350.00 "," £9,350.00 ",No,02/12/2022,31/03/2023,3,0,0,N/A,N/A,31/03/2023,,390000,"Works - Construction, Repair & Maintenance ",09197997 ,Public
Place,Direct Call-Off,Salford City Council ,,,Turnpike Depot Mess Room - Provision of Temporary Accommodation during Roofing and Refurbishment Project,Portakabin (Site Accommodation) Ltd,WA4 4RE," £9,780.00 "," £9,780.00 ",No,16/01/2023,19/06/2023,6,0,0,N/A,N/A,19/06/2023,,390000,"Works - Construction, Repair & Maintenance ",00685303 ,Public
Place,Mini-Comp,Salford City Council ,,,"Turnpike depot - VMS Flooring, decoration and associated repairs",Schofield & Sons Ltd,M30 9PS," £26,851.70 "," £26,851.70 ",No,05/12/2022,27/01/2023,1,0,0,N/A,N/A,27/01/2023,Yes,390000,"Works - Construction, Repair & Maintenance ",025459259,Public
Place,Mini-Comp,Salford City Council ,,,Buile Hill Park Suite - Beam replacement,Schofield & Sons Ltd,M30 9PS," £7,622.00 "," £7,622.00 ",No,10/04/2023,16/04/2023,1,0,0,N/A,N/A,16/04/2023,Yes,390000,"Works - Construction, Repair & Maintenance ",025459259,Public
People,CSO Exception,Salford City Council ,S1549,N/A,"Information, Advice and Support",JSENSE,M7 4HA," £19,584.00 "," £19,584.00 ",No,05/09/2022,31/03/2023,6,0,0,N/A,N/A,31/03/2023,No,321010,Support and Advocacy Services,1151197,Public
Place,Other,Salford City Council,S1158,,Annual Coarse Footway Network Survey (FNS) on part of the adopted footway network,Pavement Testing Services Limited,PR2 5AR," £10,584.00 "," £10,584.00 ",No,01/04/2022,31/03/2023,12,0,0,N/A,N/A,31/03/2023,Yes,230000,Highway Equipment & Materials ,4374737,Public
Service Reform,CSO Exception,Salford City Council,S1551,,Third Party Spend Workstream Support,4C Associates,W6 7JP," £79,000.00 "," £79,000.00 ",No,04/01/2023,04/04/2023,4,0,0,N/A,N/A,04/04/2023,,150000,Consultancy ,04018096,Public
People,ITT,Salford City Council,S1513,DN640385,Salford Supported Employment Service – Job Coach Element,The Growth Company,M1 5JW," £143,290.97 "," £298,522.85 ",Yes,06/03/2023,31/03/2025,25,12,1,,,31/03/2025,No,171010,Adult & Further Education Services,02443911,Public
Place,Mini-Comp,Salford City Council,S1503,,A6 Manchester Road West Crossing,Rosgal Ltd,M20 3BN," £184,921.04 "," £184,921.04 ",No,25/01/2023,21/04/2023,3,0,0,N/A,N/A,21/04/2023,Yes,390000,"Works - Construction, Repair & Maintenance ",03731189,Public
Place,ITT,Salford City Council,S1013,DN631244,Enforcement Services,Marston Holdings (NSL Services Ltd),B3 2JR," £1,159,260.00 "," £11,592,600.00 ",Yes,01/04/2023,31/03/2028,60,60,2,,,31/03/2028,No,350200,Street & Traffic Management,06033060,Public
Place,Mini-Comp,Salford City Council,S1490,DN624596,Salford Bolton Network Improvements (SBNI) – Package 7 (DP7) A580 Junctions,Eric Wright Civil Engineering,PR5 6AW," £876,114.00 "," £876,114.00 ",No,27/02/2023,28/07/2023,5,0,0,N/A,N/A,28/07/2023,No,390000,"Works - Construction, Repair & Maintenance ",02565379,Public
Place,CSO Exception,Salford City Council,,,AUTODESK Subscription,SYMETRI,NE3 3PF," £37,200.00 "," £37,200.00 ",,,,,,,,,,Yes,,,03239798,
Place,Mini-Comp,Salford City Council,S1232-45,,Outdoor Gym - Eccles Recreation Ground,Groundwork Landscapes Ltd,," £75,512.00 "," £75,512.00 ",No,06/03/2022,31/03/2023,0,0,n/a,,,31/03/2023,Yes,391310,Open Spaces - Construction,01339901,Public
Place,,Salford City Council,S1512,,Swinton Vision - document design,Drumbeat Creative,M50 2NT," £6,000.00 "," £6,000.00 ",No,18/07/202,18/09/2022,0,0,0,n/a,n/a,18/09/2022,Yes,270000,Information Communication Technology,04714972,
Place,,Salford City Council,,n/a,AECOM HDD Change Control 01,AECOM Limited,AL1 3ER," £26,301.00 "," £26,301.00 ",No,09/09/2022,31/01/2023,0,0,0,n/a,n/a,31/01/2023,,390000,"Works - Construction, Repair & Maintenance ",1846493,Public
Place,Other,Salford City Council,,,Trinity Way/Springfield Lane - Diversion works,Virgin Media,ML4 3AL," £10,294.10 "," £10,294.10 ",No,18/10/2022,30/11/2022,1.5,0,0,n/a,n/a,30/11/2022,No,270000,Information Communication Technology,1785381,Public
Place,,Salford City Council,,,Construction costs and Carbon Capture KPIs,Turner and Townsend,M2 2BY," £45,000.00 "," £45,000.00 ",,31/10/2022,31/03/2023,0,0,0,n/a,n/a,31/03/2023,No,390000,"Works - Construction, Repair & Maintnenance",06468643,Public
Place,Direct Call-Off,Salford City Council,,n/a,MCF Crossings - Project Development - Cleggs Lane/ Amblecote - Site Investigation,Argyle North West Limited,M28 3HH," £23,371.74 "," £23,371.74 ",No,04/07/2022,29/10/2022,0,0,0,n/a,n/a,29/10/2022,Yes,390000,"Works - Construction, Repair & Maintenance ",02829893,Public
Place,Direct Call-Off,Salford City Council,,n/a,New Bailey Junction Site Investigation Works,Argyle North West Limited,M28 3HH," £69,429.75 "," £69,429.75 ",No,15/04/2022,26/08/2022,0,0,0,n/a,n/a,26/08/2022,Yes,390000,"Works - Construction, Repair & Maintenance ",02829893,Public
Place,RFQ,Salford City Council,S1149,,"Inspection, testing and maintenance of Lighting Protection Systems",Osbourne Delta,OL4 1HB," £5,430.00 "," £16,290.00 ",No,01/04/2022,31/03/2025,0,0,0,n/a,n/a,31/03/2025,Yes,190000,Facilities & Management Services,01535519,Public
Place,RFQ,Salford City Council,,,Control Updgrade - Civic Phase 1,Air Services & Systems (Europe) Ltd,M30 8WH," £9,482.90 "," £9,482.90 ",No,02/01/2023,31/01/2023,0,0,0,n/a,n/a,31/01/2023,Yes,190000,Facilities & Management Services,04249087,Public
Place,RFQ,Salford City Council,,n/a,Barton Moss Secure Care Centre - Ground Investigations,Leyden Kirby Associates Limited,M26 2ZS," £20,831.00 "," £20,831.00 ",No,16/01/2023,16/05/2023,4,0,0,n/a,n/a,16/05/2023,No,150000,Consultancy ,04557784,Public
Place,Other,Salford City Council,,n/a,Chapel Street East Ph 1 CEMAR,Thinkproject UK Ltd,GL4 3GG," £10,935.00 "," £10,935.00 ",NO,07/03/2022,30/12/2022,10,0,0,n/a,n/a,30/12/2023,No,270000,Information Communication Technology,05430351,Public
Place,Other,Salford City Council,,n/a,Biodiversity Net Gain site surveys,Envance,SK10 1BX," £7,000.00 "," £7,000.00 ",No,17/10/2023,19/12/2022,2,0,0,n/a,n/a,19/12/2022,Yes,150000,Consultancy ,12549732,Public
Place,RFQ,Salford City Council,,n/a,ZC - Ground investigation Survey for Little Hulton Solar Farm appointment,Alliance Design UK Ltd,M15 4PN," £32,580.00 "," £32,580.00 ",No,16/06/2022,30/09/2022,3.5,0,0,n/a,n/a,30/09/2022,no,180000,Environmental Services,05586079,Public
Place,Direct Call-Off,Salford City Council,S1328,n/a,Oldfield Road Corridor C4 Stats & HDD,AECOM Limited, AL1 3ER," £35,286.15 "," £35,286.15 ",No,11/07/2022,16/09/2022,2,0,0,n/a,n/a,16/09/2022,No,390000,"Works - Construction, Repair & Maintenance ",1846493,Public
Place,Mini-Comp,Salford City Council,,n/a,MQ - 2223 Clippers Specialist Bridge design Services – Preliminary Options,Arcadis LLP (Knight's Architects),EC3M 4BY," £41,335.00 "," £41,335.00 ",No,16/01/2022,16/10/2023,22,0,0,n/a,n/a,16/10/2023,No,390000,"Works - Construction, Repair & Maintenance",OC368843,Public
Place,Direct Call-Off,Salford City Council,S1366,n/a,Gore Street Highway Improvements - Scheme Construction,Rosgal Ltd,M20 3BN," £278,000.00 "," £278,000.00 ",No,08/11/2021,31/03/2023,5,0,0,n/a,n/a,31/03/2023,Yes,390000,"Works - Construction, Repair & Maintenance ",03731189,Public
Place,Direct Call-Off,Salford City Council,S1516,n/a,A57 Liverpool Road calming / greening  - concept design,AECOM Limited,E1 8FA," £38,571.00 "," £38,571.00 ",No,08/08/2022,09/12/2022,0,0,0,n/a,n/a,09/12/2022,No,390000,"Works - Construction, Repair & Maintenance ",1846493,Public
Place,Other,Salford City Council,,n/a,Trinity Way/Springfield Lane - Zayo C4 E diversion works,Zayo Group,EC4V 6JA," £46,841.59 "," £46,841.59 ",No,25/07/2022,25/11/2022,4,0,0,n/a,n/a,30/11/2022,No,390000,"Works Construction, Repair and Maintenance",03726666,Public
Place,,Salford City Council ,,n/a,Trinity Way/Springfield Lane - Verizon C4 diversion works,Verizon UK Limited,RG2 6DA," £23,991.83 "," £23,991.83 ",No,22/08/2022,11/11/2022,3,0,0,n/a,n/a,11/11/2022,No,270000,Information Communication Technology,02776038,Public
Place,Direct Call-Off,Salford City Council,S1516,n/a,Design Amendments - Change Control 07,AECOM Limited,AL1 3ER," £7,638.48 "," £7,638.48 ",No,13/06/2022,25/11/2022,0,0,0,n/a,n/a,25/11/2022,No,390000,"Works - Construction, Repair & Maintenance ",1846493,Public
Place,ITT,Salford City Council,S1365,DN552684,Owner's Engineer appointment for Charlestown Weir UCEGM,TLS Renewable Consulting Ltd,WD3 5NT," £51,600.00 "," £51,600.00 ",No,05/04/2021,31/03/2023,12,0,0,n/a,n/a,31/03/2023,Yes,390000,"Works - Construction, Repair & Maintenance",06895950,Public
People,ITT,Salford City Council,S1202,DN637652,Salford Children Rights and Independent Visitor Service,Advocacy Focus,BB5 6PW," £54,525.20 "," £136,313.00 ",No,03/04/2023,31/03/2028,30,12,2,,,31/03/2028,No,321100,Salford Community Care and Supplies ,4135225,Public
Place,Mini-Comp,Salford City Council,S1514,DN640213,Delivery of the Little Hulton Solar Farm EPC Contract,Vital Energi Utilities Ltd,BB1 2LD," £2,398,865.00 "," £2,398,865.00 ",No,13/02/2023,30/09/2023,3,0,0,n/a,n/a,30/09/2023,No,390000,"Works - Construction, Repair and Maintenance",04050190,Public
Place,CSO Exception,Salford City Council,S1232-40,DN626218,Railway Bridge No.7 Reconstruction,Coating Services Limited,SK14 1HF," £1,592,924.25 "," £1,592,924.25 ",No,06/03/2023,18/08/2023,6,0,0,n/a,n/a,18/08/2023,Yes,390000,"Works - Construction, Repair & Maintenance ",,
Place,CSO Exception,Salford City Council,S1545,n/a,"Appointment of consultant surveyors to provide 
valuation services in connection with RTB/RTA 
applications",Aspin & Company Limited,OL6 6QU," £31,250.00 "," £31,250.00 ",No,01/01/2023,30/06/2023,6,3,2,,,30/06/2023,Yes,150000,Consultancy ,08167520,Public
People,CSO Exception,Salford City Council ,S1161,n/a,Short Break Group Activities for Children with Disablities ,The Endorphins Group ,W8 6BH," £64,225.02 "," £64,225.02 ",No,01/04/2023,31/03/2024,0,0,0,n/a,n/a,31/03/2024,Yes,320000,Social Community Care Supplies & Services,11934523,Public
People,CSO Exception,Salford City Council ,S1161,n/a,Group Based Activities for Children with Disabilities (Small Grants),"Salford Community and Voluntary
Services (SCVS)",M30 0FN," £67,268.57 "," £134,537.14 ",No,01/07/2023,30/06/2025,12,0,0,n/a,n/a,30/06/2025,No,321100,Social Community Care Supplies & Services - Children, 01948293,Public
Place,CSO Exception,Salford City Council,S1161,n/a,"Specialist Sports, Dance and Performing Arts for ages 5 to 18",Salford Community Leisure Ltd,M27 5DA," £15,825.00 "," £15,825.00 ",No,01/04/2023,31/03/2024,12,0,0,n/a,n/a,31/03/2024,Yes,290000,Arts & Leisure Services,IP29627R,Public 
,CSO Exception,Salford City Council,S1555,n/a,Specialist Youth club and holiday provision for young people with autism 11-18,I AM Celebrating Autism in Manchester,M32 0HL," £15,825.00 "," £15,825.00 ",No,01/04/2023,31/03/2024,12,0,0,n/a,n/a,31/03/2024,Yes,321100,Social Community Care Supplies & Services - Children,04326334,Public
People,CSO Exception,Salford City Council,S1161,,"Youth Club, Sports and Trips for Young People with a Disability aged 11-18",You Can Community Club,N8 0JB," £52,750.00 "," £52,750.00 ",No,01/04/2023,31/03/2024,12,0,0,n/a,n/a,31/03/2024,No,321100,Social Community Care Supplies & Services - Children,10320017,Public
People,CSO Exception,Salford City Council ,S1556,n/a,Hubs – Parenting – Universal parenting support digital offer,Triple P UK ,EH3 6AD," £10,491.67 "," £31,475.00 ",No,07/03/2022,31/03/2025,36,0,0,n/a,n/a,31/03/2025,Yes,321100,Social Community Care Supplies & Services - Children,SC222936,Public
Place,RFQ,Salford City Council ,PR-18303,n/a,Swinton Gateway - Upgrade of the existing and inefficient lighting systems with new LED luminaires,CI Electrics Ltd,SK8 3SE," £29,518.46 "," £29,518.46 ",No,06/02/2023,24/02/2023,1,0,0,n/a,n/a,24/02/2023,Yes,390000,"Works - Construction, Repair & Maintenance ",05396468,Public
Place,RFQ,Salford City Council ,PR-18327,n/a,Civic Centre Campus - Upgrade incoming supply switch to enable emergency generator connection,Electricity North West,WA3 6XG," £7,146.29 "," £7,146.29 ",No,04/03/2023,04/03/2023,1,0,0,n/a,n/a,04/03/2023,Yes,390000,"Works - Construction, Repair & Maintenance ",7382637,Public
Place,Mini-Comp,Salford City Council ,PR-18315,n/a,Asbestos Removal Civic Centre Porta Cabins,Alan Franklin Builders Ltd,M30 0EZ," £13,891.00 "," £13,891.00 ",No,06/02/2023,10/02/2023,1,0,0,n/a,n/a,10/02/2023,Yes,181000,Demolition & Asbestos Removal,04804728,Public
Service Reform,ITT,Salford City Council ,S1537,DN647474,Swinton Vision - Music Event,From The Other Ltd,M3 5HW," £29,760.00 "," £29,760.00 ",No,16/01/2023,15/10/2023,9,0,0,n/a,n/a,15/10/2023,Yes,291000,Events,07589894 ,Public
Service Reform,RFQ,Salford City Council ,PR-18323,n/a,Salford Quays Visitor Experience: Factory Girls,AJ WELLS & SONS GROUP LIMITED,PO30 5WS," £12,511.00 "," £12,511.00 ",No,23/01/2023,30/06/2023,6,0,0,n/a,n/a,30/06/2023,Yes,291000,Events,13048441,Public
Place,RFQ,Salford City Council ,PR-18336,n/a,"Winders Way & Wynne St, (Salford Rise)",OHEC Ltd,M25 9ND," £6,495.00 "," £6,495.00 ",No,14/02/2023,24/02/2023,1,0,0,n/a,n/a,24/02/2023,Yes,390000,"Works - Construction, Repair & Maintenance ",05989337,Public
Place,RFQ,Salford City Council ,PR-18324,n/a,Housing Delivery - ICN Framework,Great Places Housing Group,M27 8FE," £7,000.00 "," £7,000.00 ",No,31/01/2023,31/03/2025,3,0,0,n/a,n/a,31/03/2025,Yes,250000,Housing Management ,IP30045R,Public
Place,RFQ,Salford City Council ,PR-18294,n/a,"SMAG, (Salford Museum) roof void brickwork repairs",Schofield & Sons Ltd,M30 9PS," £5,438.00 "," £5,438.00 ",No,23/01/2023,10/02/2023,2,0,0,n/a,n/a,10/02/2023,No,390000,"Works - Construction, Repair & Maintenance ",02459259 ,Public
Place,RFQ,Salford City Council ,PR-18312,n/a,Salford Quays - Painting,Colin Masters Ltd,BL4 7PJ," £8,090.00 "," £8,090.00 ",No,06/02/2023,17/03/2023,1,0,0,n/a,n/a,17/03/2023,Yes,390000,"Works - Construction, Repair & Maintenance ",11465887 ,Public
Place,RFQ,Salford City Council ,PR-18300,n/a,Civic Centre Town Hall - Replacement LED Flood Lighting to External Elevation Including Clock Tower,IJM Electrical,M25 0AT," £9,834.00 "," £9,834.00 ",No,13/02/2023,17/02/2023,1,0,0,n/a,n/a,17/02/2023,No,390000,"Works - Construction, Repair & Maintenance ",SC358610,Public
