Department,Spending area,Expense type,Posting date,Reference,Amount,Supplier Name with Redactions
Hampshire & Isle of Wight Constabulary,2024 Families Day Holding Account,Hired and Contracted Services,45399,3110122000,1400,One Time Vendor
Hampshire & Isle of Wight Constabulary,"ACC Crime, CJ & Intel Portfolio",Professional Subscriptions,45398,3110121889,2800,CPOSA Ltd
Hampshire & Isle of Wight Constabulary,"ACC Crime, CJ & Intel Portfolio",Professional Subscriptions,45398,3110121890,500,CPOSA Ltd
Hampshire & Isle of Wight Constabulary,ACCTO HEAD OFFICE,Other Training Courses and Qualification,45412,2200215466,1550,College of Policing Ltd
Hampshire & Isle of Wight Constabulary,ACPO SECRETARIAT,Payments to Other PC,45385,2200213917,14761,PCC for Thames Valley
Hampshire & Isle of Wight Constabulary,ALDERSHOT POLICE STATION (RA),Non System - Electricity,45401,3110122172,4821.84,NPOWER
Hampshire & Isle of Wight Constabulary,ALDERSHOT POLICE STATION (RA),Non System - Gas,45401,3110122085,10208.22,TOTALENERGIES GAS & POWER LIMITED
Hampshire & Isle of Wight Constabulary,ALDERSHOT POLICE STATION (RA),Non System - Water - Metered,45398,3110121897,604.93,Scottish Water Business Stream Ltd
Hampshire & Isle of Wight Constabulary,ALDERSHOT POLICE STATION (RA),Uniform Business Rates,45387,3500004197,28665,RUSHMOOR BOROUGH COUNCIL
Hampshire & Isle of Wight Constabulary,ANDOVER POLICE STATION TA,Non System - Electricity,45401,3110122186,1360.38,NPOWER
Hampshire & Isle of Wight Constabulary,ANDOVER POLICE STATION TA,Non System - Gas,45401,3110122090,994.48,TOTALENERGIES GAS & POWER LIMITED
Hampshire & Isle of Wight Constabulary,ANDOVER POLICE STATION TA,Uniform Business Rates,45397,3500004219,3003,Test Valley Borough Council
Hampshire & Isle of Wight Constabulary,Area Model Changes - Estates Costs,Furniture,45383,2200213968,5257.77,SHOWCASE PSR PORTSDOWN LIMITED
Hampshire & Isle of Wight Constabulary,Asset Management Planning (AMP),Equipment,45398,2200214726,2312,ICS Cool Energy Ltd
Hampshire & Isle of Wight Constabulary,Asset Management Planning (AMP),Hired and Contracted Services,45412,2200215464,3909.86,Gleeds Advisory Ltd
Hampshire & Isle of Wight Constabulary,Asset Management Planning (AMP),Other premises related costs,45383,2200215308,2135,John Grant Interiors Ltd
Hampshire & Isle of Wight Constabulary,Asset Management Planning (AMP),Other premises related costs,45399,2200214849,1320,John Grant Interiors Ltd
Hampshire & Isle of Wight Constabulary,BAR END TRANSPORT WORKSHOP,Equipment,45401,2200214964,2242,CSS WORKSAFE
Hampshire & Isle of Wight Constabulary,BAR END TRANSPORT WORKSHOP,Equipment,45401,2200214965,522.17,CSS WORKSAFE
Hampshire & Isle of Wight Constabulary,BAR END TRANSPORT WORKSHOP,Vehicles and Plant - Repairs and Main,45383,2200213794,652.39,SGI Industries Limited
Hampshire & Isle of Wight Constabulary,BAR END TRANSPORT WORKSHOP,Vehicles and Plant - Repairs and Main,45383,2200213799,622.8,Snap On Diagnostics
Hampshire & Isle of Wight Constabulary,BAR END TRANSPORT WORKSHOP,Vehicles and Plant - Repairs and Main,45398,2200214742,829,Fumex Ltd
Hampshire & Isle of Wight Constabulary,BAR END TRANSPORT WORKSHOP,Vehicles and Plant - Repairs and Main,45406,2200215278,786,Pro-Align Ltd
Hampshire & Isle of Wight Constabulary,BASINGSTOKE VEHICLE WORKSHOP,Uniform Business Rates,45402,3500004229,1431.25,BASINGSTOKE & DEANE BOROUGH COUNCIL
Hampshire & Isle of Wight Constabulary,BEAULIEU POLICE STATION,Uniform Business Rates,45387,3500004193,934.5,New Forest District Council
Hampshire & Isle of Wight Constabulary,BISHOPS WALTHAM POLICE STATION,Uniform Business Rates,45387,3500004199,1218.5,WINCHESTER CITY COUNCIL
Hampshire & Isle of Wight Constabulary,BITTERNE POLICE STATION (AB),Uniform Business Rates,45383,3500004179,7779,Southampton City Council
Hampshire & Isle of Wight Constabulary,Bitterne West End PS4 PS,Non System - Electricity,45401,3110122149,1110.58,NPOWER
Hampshire & Isle of Wight Constabulary,BSG Business Support  Group,Equipment,45384,2200213781,947.83,RS COMPONENTS LTD
Hampshire & Isle of Wight Constabulary,BSG Business Support  Group,Equipment,45391,2200214271,588.8,RS COMPONENTS LTD
Hampshire & Isle of Wight Constabulary,BSG Business Support  Group,Equipment,45406,2200215258,1317.5,Police Crime Prevention Initiatives
Hampshire & Isle of Wight Constabulary,CAB / CIU,Telecomms Investigations,45399,2200214769,1500,Redacted - Operational
Hampshire & Isle of Wight Constabulary,CAIT,Forensic and pathology testing,45398,3110121888,1980,One Time Vendor
Hampshire & Isle of Wight Constabulary,CENTRAL STORES PRODUCTION COST,Clothing and Uniforms,45383,2200214049,635.3,ALT- BERG BOOTMAKERS
Hampshire & Isle of Wight Constabulary,CENTRAL STORES PRODUCTION COST,Clothing and Uniforms,45383,2200214051,561.24,ALT- BERG BOOTMAKERS
Hampshire & Isle of Wight Constabulary,CENTRAL STORES PRODUCTION COST,Clothing and Uniforms,45383,2200214735,2686.5,BENNETT SAFETYWEAR LTD
Hampshire & Isle of Wight Constabulary,CENTRAL STORES PRODUCTION COST,Clothing and Uniforms,45383,2200214738,2686.5,BENNETT SAFETYWEAR LTD
Hampshire & Isle of Wight Constabulary,CENTRAL STORES PRODUCTION COST,Clothing and Uniforms,45383,2200214064,2331.15,DERBY UNITEX LTD
Hampshire & Isle of Wight Constabulary,CENTRAL STORES PRODUCTION COST,Clothing and Uniforms,45383,2200214057,2941.4,KEELA INTERNATIONAL
Hampshire & Isle of Wight Constabulary,CENTRAL STORES PRODUCTION COST,Clothing and Uniforms,45386,2200213974,9983.15,Cambium Advisory Ltd
Hampshire & Isle of Wight Constabulary,CENTRAL STORES PRODUCTION COST,Clothing and Uniforms,45386,2200213992,821.2,Mehler Vario System Gmbh
Hampshire & Isle of Wight Constabulary,CENTRAL STORES PRODUCTION COST,Clothing and Uniforms,45387,2200214054,7890,Redacted - Personal Payment
Hampshire & Isle of Wight Constabulary,CENTRAL STORES PRODUCTION COST,Clothing and Uniforms,45387,2200214055,9862.5,Redacted - Personal Payment
Hampshire & Isle of Wight Constabulary,CENTRAL STORES PRODUCTION COST,Clothing and Uniforms,45387,2200214062,4190,Redacted - Personal Payment
Hampshire & Isle of Wight Constabulary,CENTRAL STORES PRODUCTION COST,Clothing and Uniforms,45387,2200214084,5235.05,Sbi Tac Pro Limited
Hampshire & Isle of Wight Constabulary,CENTRAL STORES PRODUCTION COST,Clothing and Uniforms,45393,2200214389,1323.9,Try & Lilly Ltd
Hampshire & Isle of Wight Constabulary,CENTRAL STORES PRODUCTION COST,Clothing and Uniforms,45397,2200214566,1443.27,Intramark Limited
Hampshire & Isle of Wight Constabulary,CENTRAL STORES PRODUCTION COST,Clothing and Uniforms,45397,2200214568,591.95,Intramark Limited
Hampshire & Isle of Wight Constabulary,CENTRAL STORES PRODUCTION COST,Clothing and Uniforms,45401,2200214978,2337.95,MSA (Britain) Ltd
Hampshire & Isle of Wight Constabulary,CENTRAL STORES PRODUCTION COST,Clothing and Uniforms,45404,2200215026,4889.4,Mehler Vario System Gmbh
Hampshire & Isle of Wight Constabulary,CENTRAL STORES PRODUCTION COST,Clothing and Uniforms,45404,2200215036,1167.32,Sbi Tac Pro Limited
Hampshire & Isle of Wight Constabulary,CENTRAL STORES PRODUCTION COST,Clothing and Uniforms,45404,2200215038,810.53,Sbi Tac Pro Limited
Hampshire & Isle of Wight Constabulary,CENTRAL STORES PRODUCTION COST,Clothing and Uniforms,45407,2200215323,2028.5,TOYE KENNING & SPENCER (BEDWORTH) L
Hampshire & Isle of Wight Constabulary,CHIEF CONSTABLE PROJECTS,Technical and Professional Consultant F,45405,2200215099,3150,Jones Risk Consultancy
Hampshire & Isle of Wight Constabulary,Commercial Vehicles non-collab,Hired and Contracted Services,45397,3110121840,550,RAVENSCROFT MOTORS
Hampshire & Isle of Wight Constabulary,CONTACT MANAGEMENT CENTRE,Equipment,45384,2200213770,2440,1D Agency Ltd T/A One Day Agency
Hampshire & Isle of Wight Constabulary,CONTACT MANAGEMENT CENTRE,Equipment,45386,2200214023,4647,Plm Office Solutions
Hampshire & Isle of Wight Constabulary,Contact Management Collaboration,Equipment,45406,2200215203,1853.73,SHOWCASE PSR PORTSDOWN LIMITED
Hampshire & Isle of Wight Constabulary,CORPORATE FINANCE,Other Services,45398,2200214654,930,HAMPSHIRE PENSION FUND
Hampshire & Isle of Wight Constabulary,CORPORATE FINANCE,Other Services,45398,2200214656,4300,HAMPSHIRE PENSION FUND
Hampshire & Isle of Wight Constabulary,CORPORATE FINANCE,Payments to Private Contractors,45385,2200213859,3245,Pension Ready Limited
Hampshire & Isle of Wight Constabulary,CORPORATE FINANCE,Payments to Private Contractors,45399,2200214771,28708.75,Ernst & Young LLP
Hampshire & Isle of Wight Constabulary,Corporate insights,Technical and Professional Consultant F,45392,2200214350,22000,Redacted - Personal Payment
Hampshire & Isle of Wight Constabulary,COSHAM POLICE STATION (PN),Uniform Business Rates,45383,3500004172,4914,Portsmouth City Council
Hampshire & Isle of Wight Constabulary,Cowes (AMP),Other premises related costs,45406,2200215251,880,Commercial and Industrial Services
Hampshire & Isle of Wight Constabulary,CRABWOOD MAST,Non System - Electricity,45401,3110122152,619.13,NPOWER
Hampshire & Isle of Wight Constabulary,CRABWOOD MAST,Uniform Business Rates,45387,3500004208,760.75,WINCHESTER CITY COUNCIL
Hampshire & Isle of Wight Constabulary,CUSTODY EASTERN PIC,Equipment,45383,2200213762,681.55,Charles Fellows Suppliers Limited
Hampshire & Isle of Wight Constabulary,CUSTODY EASTERN PIC,Equipment,45386,2200214020,891,Charles Fellows Suppliers Limited
Hampshire & Isle of Wight Constabulary,CUSTODY EASTERN PIC,Equipment,45391,2200214189,633.5,Charles Fellows Suppliers Limited
Hampshire & Isle of Wight Constabulary,CUSTODY EASTERN PIC,Equipment,45397,2200214541,673.8,WA PRODUCTS Trading as Scenesafe
Hampshire & Isle of Wight Constabulary,CUSTODY EASTERN PIC,Equipment,45405,2200215095,994,Charles Fellows Suppliers Limited
Hampshire & Isle of Wight Constabulary,CUSTODY EASTERN PIC,Equipment,45405,2200215098,580.75,Charles Fellows Suppliers Limited
Hampshire & Isle of Wight Constabulary,CUSTODY EASTERN PIC,Forensic and pathology testing,45397,2200214546,1275,WA PRODUCTS Trading as Scenesafe
Hampshire & Isle of Wight Constabulary,CUSTODY EASTERN PIC,Forensic and pathology testing,45397,2200214549,787.5,WA PRODUCTS Trading as Scenesafe
Hampshire & Isle of Wight Constabulary,CUSTODY HEAD OFFICE,Cleaning services,45385,2200213911,1448.71,N-VIRO
Hampshire & Isle of Wight Constabulary,CUSTODY HEAD OFFICE,Cleaning services,45397,2200214548,699.1,N-VIRO
Hampshire & Isle of Wight Constabulary,CUSTODY HEAD OFFICE,Cleaning services,45398,2200214721,4844.01,N-VIRO
Hampshire & Isle of Wight Constabulary,CUSTODY HEAD OFFICE,Cleaning services,45405,2200215114,585,N-VIRO
Hampshire & Isle of Wight Constabulary,CUSTODY HEAD OFFICE,Laundry and Dry Cleaning,45385,2200213910,4125.4,Berendsen Uk Ltd
Hampshire & Isle of Wight Constabulary,CUSTODY HEAD OFFICE,Medical and Counselling Fees,45385,2200213872,139994.17,Partnering Health Limited
Hampshire & Isle of Wight Constabulary,CUSTODY HEAD OFFICE,Non-Staff Subsistence and Expenses,45386,2200214030,2392.95,AQUA CARS LTD
Hampshire & Isle of Wight Constabulary,CUSTODY HEAD OFFICE,Technical and Professional Consultant F,45392,2200214368,-1313.14,D.A. LANGUAGES
Hampshire & Isle of Wight Constabulary,CUSTODY HEAD OFFICE,Technical and Professional Consultant F,45392,2200214369,-1586.3,D.A. LANGUAGES
Hampshire & Isle of Wight Constabulary,CUSTODY HEAD OFFICE,Technical and Professional Consultant F,45398,2200214699,37594.59,D.A. LANGUAGES
Hampshire & Isle of Wight Constabulary,CUSTODY HEAD OFFICE,Technical and Professional Consultant F,45408,2200215389,2131.3,LIPSPEAKER UK
Hampshire & Isle of Wight Constabulary,CUSTODY IOW PIC,Forensic and pathology testing,45392,2200214305,502.5,WA PRODUCTS Trading as Scenesafe
Hampshire & Isle of Wight Constabulary,CUSTODY NORTHERN PIC,Equipment,45394,2200214520,816.4,Charles Fellows Suppliers Limited
Hampshire & Isle of Wight Constabulary,CUSTODY WESTERN PIC,Equipment,45385,2200213887,4942.4,WA PRODUCTS Trading as Scenesafe
Hampshire & Isle of Wight Constabulary,CUSTODY WESTERN PIC,Equipment,45385,2200213888,1919.72,WA PRODUCTS Trading as Scenesafe
Hampshire & Isle of Wight Constabulary,CUSTODY WESTERN PIC,Equipment,45411,2200215426,835.5,Charles Fellows Suppliers Limited
Hampshire & Isle of Wight Constabulary,Cybercrime Team,Other Training Courses and Qualification,45383,2200213779,730,CJS EVENT SOLUTIONS LTD
Hampshire & Isle of Wight Constabulary,Cybercrime Team,Technical and Professional Consultant F,45411,2200215418,1495,ARMSTRONG WATSON LLP
Hampshire & Isle of Wight Constabulary,D.I.S. conts 9 - K.W Feb 24,Grant Aid and Donations,45405,3110122218,747,One Time Vendor
Hampshire & Isle of Wight Constabulary,DA GSA Perpetrator Fund,Grant Aid and Donations,45386,2200020917,102607.57,Southern Health NHS Foundation Trus
Hampshire & Isle of Wight Constabulary,DA GSA Perpetrator Fund,Grant Aid and Donations,45390,2200020957,16157,SOUTHERN DOMESTIC ABUSE SERVICE
Hampshire & Isle of Wight Constabulary,DA GSA Perpetrator Fund,Grant Aid and Donations,45397,2200021000,6004.5,University of Southampton
Hampshire & Isle of Wight Constabulary,DCC HEAD OFFICE,Professional Subscriptions,45393,3110121820,2800,CPOSA Ltd
Hampshire & Isle of Wight Constabulary,DCC HEAD OFFICE,Professional Subscriptions,45393,3110121821,500,CPOSA Ltd
Hampshire & Isle of Wight Constabulary,DCC INITIATIVE/PROJECTS,Grant Aid and Donations,45411,3110122370,3095,One Time Vendor
Hampshire & Isle of Wight Constabulary,DCC INITIATIVE/PROJECTS,Technical and Professional Consultant F,45405,2200215138,1040.4,Redacted - Personal Payment
Hampshire & Isle of Wight Constabulary,Depreciation Operational Buildings,Other expenses,45401,2200021043,905,Redacted - Operational
Hampshire & Isle of Wight Constabulary,Depreciation Operational Buildings,Payments to main contractor,45397,2200021003,6477.94,SHOWCASE PSR PORTSDOWN LIMITED
Hampshire & Isle of Wight Constabulary,Depreciation Vehicles,Purchase of Vehicles,45383,2200021028,6180.66,Halls Electrical Ltd
Hampshire & Isle of Wight Constabulary,Depreciation Vehicles,Purchase of Vehicles,45383,2200020874,31059.38,Volvo Car Uk Ltd
Hampshire & Isle of Wight Constabulary,Depreciation Vehicles,Purchase of Vehicles,45385,2200020904,45253,Rygor Ltd
Hampshire & Isle of Wight Constabulary,Depreciation Vehicles,Purchase of Vehicles,45385,2200020905,45253,Rygor Ltd
Hampshire & Isle of Wight Constabulary,Depreciation Vehicles,Purchase of Vehicles,45385,2200020906,45253,Rygor Ltd
Hampshire & Isle of Wight Constabulary,Depreciation Vehicles,Purchase of Vehicles,45385,2200020907,45253,Rygor Ltd
Hampshire & Isle of Wight Constabulary,Depreciation Vehicles,Purchase of Vehicles,45385,2200020908,45253,Rygor Ltd
Hampshire & Isle of Wight Constabulary,Depreciation Vehicles,Purchase of Vehicles,45387,2200020936,21374.82,VOLKSWAGEN GROUP UNITED KINGDOM LTD
Hampshire & Isle of Wight Constabulary,Depreciation Vehicles,Purchase of Vehicles,45387,2200020937,21374.82,VOLKSWAGEN GROUP UNITED KINGDOM LTD
Hampshire & Isle of Wight Constabulary,Depreciation Vehicles,Purchase of Vehicles,45387,2200020940,24291.96,VOLKSWAGEN GROUP UNITED KINGDOM LTD
Hampshire & Isle of Wight Constabulary,Depreciation Vehicles,Purchase of Vehicles,45387,2200020941,21374.82,VOLKSWAGEN GROUP UNITED KINGDOM LTD
Hampshire & Isle of Wight Constabulary,Depreciation Vehicles,Purchase of Vehicles,45387,2200020942,21374.82,VOLKSWAGEN GROUP UNITED KINGDOM LTD
Hampshire & Isle of Wight Constabulary,Depreciation Vehicles,Purchase of Vehicles,45390,2200020953,27893.54,VOLKSWAGEN GROUP UNITED KINGDOM LTD
Hampshire & Isle of Wight Constabulary,Depreciation Vehicles,Purchase of Vehicles,45407,2200021127,35644.92,Ford Motor Company Ltd
Hampshire & Isle of Wight Constabulary,Depreciation Vehicles,Purchase of Vehicles,45407,2200021128,35644.92,Ford Motor Company Ltd
Hampshire & Isle of Wight Constabulary,Depreciation Vehicles,Purchase of Vehicles,45407,2200021129,35644.92,Ford Motor Company Ltd
Hampshire & Isle of Wight Constabulary,Depreciation Vehicles,Purchase of Vehicles,45407,2200021130,35644.92,Ford Motor Company Ltd
Hampshire & Isle of Wight Constabulary,Depreciation Vehicles,Purchase of Vehicles,45407,2200021131,35644.92,Ford Motor Company Ltd
Hampshire & Isle of Wight Constabulary,Depreciation Vehicles,Purchase of Vehicles,45407,2200021132,35644.92,Ford Motor Company Ltd
Hampshire & Isle of Wight Constabulary,Depreciation Vehicles,Purchase of Vehicles,45407,2200021134,35644.92,Ford Motor Company Ltd
Hampshire & Isle of Wight Constabulary,Depreciation Vehicles,Purchase of Vehicles,45407,2200021135,35644.92,Ford Motor Company Ltd
Hampshire & Isle of Wight Constabulary,Depreciation Vehicles,Purchase of Vehicles,45407,2200021136,35644.92,Ford Motor Company Ltd
Hampshire & Isle of Wight Constabulary,Depreciation Vehicles,Purchase of Vehicles,45407,2200021137,35644.92,Ford Motor Company Ltd
Hampshire & Isle of Wight Constabulary,Depreciation Vehicles,Purchase of Vehicles,45407,2200021138,35644.92,Ford Motor Company Ltd
Hampshire & Isle of Wight Constabulary,Depreciation Vehicles,Purchase of Vehicles,45407,2200021139,35644.92,Ford Motor Company Ltd
Hampshire & Isle of Wight Constabulary,Depreciation Vehicles,Purchase of Vehicles,45407,2200021140,35644.92,Ford Motor Company Ltd
Hampshire & Isle of Wight Constabulary,Depreciation Vehicles,Purchase of Vehicles,45407,2200021141,35644.92,Ford Motor Company Ltd
Hampshire & Isle of Wight Constabulary,Depreciation Vehicles,Purchase of Vehicles,45408,2200021152,29499.9,Ford Motor Company Ltd
Hampshire & Isle of Wight Constabulary,Depreciation Vehicles,Purchase of Vehicles,45408,2200021153,29499.9,Ford Motor Company Ltd
Hampshire & Isle of Wight Constabulary,Depreciation Vehicles,Purchase of Vehicles,45408,2200021154,29499.9,Ford Motor Company Ltd
Hampshire & Isle of Wight Constabulary,Depreciation Vehicles,Purchase of Vehicles,45408,2200021155,29499.9,Ford Motor Company Ltd
Hampshire & Isle of Wight Constabulary,Depreciation Vehicles,Purchase of Vehicles,45408,2200021173,19681.56,Ford Motor Company Ltd
Hampshire & Isle of Wight Constabulary,Depreciation Vehicles,Purchase of Vehicles,45408,2200021174,19681.56,Ford Motor Company Ltd
Hampshire & Isle of Wight Constabulary,Depreciation Vehicles,Purchase of Vehicles,45408,2200021175,19681.56,Ford Motor Company Ltd
Hampshire & Isle of Wight Constabulary,Depreciation Vehicles,Purchase of Vehicles,45408,2200021149,42622.58,VOLKSWAGEN GROUP UNITED KINGDOM LTD
Hampshire & Isle of Wight Constabulary,Depreciation Vehicles,Purchase of Vehicles,45408,2200021150,42622.58,VOLKSWAGEN GROUP UNITED KINGDOM LTD
Hampshire & Isle of Wight Constabulary,Depreciation Vehicles,Purchase of Vehicles,45408,2200021151,42622.58,VOLKSWAGEN GROUP UNITED KINGDOM LTD
Hampshire & Isle of Wight Constabulary,Depreciation Vehicles,Purchase of Vehicles,45408,2200021172,32789,VOLKSWAGEN GROUP UNITED KINGDOM LTD
Hampshire & Isle of Wight Constabulary,DFG,Equipment,45387,2200214046,12140.27,Demux Video Services Ltd
Hampshire & Isle of Wight Constabulary,DFG,Sampling and Testing,45387,2200214075,126700,EX1 - Digital Forensic Services Ltd
Hampshire & Isle of Wight Constabulary,Diamond Building,Non System - Water - Metered,45397,3110121894,641.55,Ancala Water Services (Defence) Lt
Hampshire & Isle of Wight Constabulary,DIRECT - Nuffield Health,Medical and Counselling Fees,45391,3110121746,542,One Time Vendor
Hampshire & Isle of Wight Constabulary,DIRECT - Nuffield Health,Medical and Counselling Fees,45391,3110121747,542,One Time Vendor
Hampshire & Isle of Wight Constabulary,DIRECT - Nuffield Health,Medical and Counselling Fees,45397,3110121834,542,One Time Vendor
Hampshire & Isle of Wight Constabulary,DIRECT - Nuffield Health,Medical and Counselling Fees,45401,3110122045,2140,One Time Vendor
Hampshire & Isle of Wight Constabulary,DIRECT - Nuffield Health,Medical and Counselling Fees,45401,3110122068,542,One Time Vendor
Hampshire & Isle of Wight Constabulary,DIRECT - Nuffield Health,Medical and Counselling Fees,45401,3110122072,542,One Time Vendor
Hampshire & Isle of Wight Constabulary,DIRECT - Nuffield Health,Medical and Counselling Fees,45407,3110122366,542,One Time Vendor
Hampshire & Isle of Wight Constabulary,DIRECT EAP- Health Assured (Employee Sup,Medical and Counselling Fees,45390,2200214125,5673.85,Health Assured Limited
Hampshire & Isle of Wight Constabulary,DIRECT Health Screening,Medical and Counselling Fees,45383,3110121618,1485,One Time Vendor
Hampshire & Isle of Wight Constabulary,DIRECT Health Screening,Medical and Counselling Fees,45391,3110121745,725,One Time Vendor
Hampshire & Isle of Wight Constabulary,DIRECT- Psychological Screening Core,Medical and Counselling Fees,45384,2200213745,3200,NTA Psychological Screening Ltd
Hampshire & Isle of Wight Constabulary,DIRECT Vaccinations,Medical and Counselling Fees,45406,2200215247,1121,Solent NHS Trust    R1C receivables
Hampshire & Isle of Wight Constabulary,District CID North Head Office,Forensic and pathology testing,45398,3110121861,3000,One Time Vendor
Hampshire & Isle of Wight Constabulary,District CID North Head Office,Postage and Delivery,45383,2200214522,574,CROSS COUNTRY COURIERS
Hampshire & Isle of Wight Constabulary,District Police East HO,Equipment,45401,2200214928,955.4,JNE Security Ltd.
Hampshire & Isle of Wight Constabulary,District Police East HO,Forensic and pathology testing,45385,2200213886,516.3,WA PRODUCTS Trading as Scenesafe
Hampshire & Isle of Wight Constabulary,District Police North HO,Equipment,45404,2200215055,1474.02,WA PRODUCTS Trading as Scenesafe
Hampshire & Isle of Wight Constabulary,District Police North HO,Equipment,45405,2200215162,720,Redacted - Operational
Hampshire & Isle of Wight Constabulary,District Police West HO,Equipment,45391,2200214245,1690,Redacted - Operational
Hampshire & Isle of Wight Constabulary,District Police West HO,Equipment,45405,2200215154,690,Redacted - Operational
Hampshire & Isle of Wight Constabulary,District Police West HO,Equipment,45411,2200215413,790,Redacted - Operational
Hampshire & Isle of Wight Constabulary,District Police West HO,Equipment,45412,2200215453,814.82,WA PRODUCTS Trading as Scenesafe
Hampshire & Isle of Wight Constabulary,DOG SUPPORT UNIT,Animal Fees and Expenses,45391,3110121750,714.24,One Time Vendor
Hampshire & Isle of Wight Constabulary,DOG SUPPORT UNIT,Animal Fees and Expenses,45392,2200214307,1883.35,Nestle Purina UK
Hampshire & Isle of Wight Constabulary,DOG SUPPORT UNIT,Animal Fees and Expenses,45392,2200214308,1883.35,Nestle Purina UK
Hampshire & Isle of Wight Constabulary,DOG SUPPORT UNIT,Animal Fees and Expenses,45397,2200214602,1538.36,Redacted - Operational
Hampshire & Isle of Wight Constabulary,DOG SUPPORT UNIT,Animal Fees and Expenses,45399,2200214772,817.5,Redacted - Operational
Hampshire & Isle of Wight Constabulary,DOG SUPPORT UNIT,Animal Fees and Expenses,45411,2200215443,671.67,Redacted - Operational
Hampshire & Isle of Wight Constabulary,DOG SUPPORT UNIT,Animal Fees and Expenses,45411,2200215429,2162.5,Redacted - Operational
Hampshire & Isle of Wight Constabulary,Drone Project,Equipment,45408,2200215366,600,iRed Limited
Hampshire & Isle of Wight Constabulary,EASTERN PIC,Non System - Electricity,45401,3110122184,12674.74,NPOWER
Hampshire & Isle of Wight Constabulary,EASTERN PIC,Non System - Gas,45401,3110122117,4941.33,TOTALENERGIES GAS & POWER LIMITED
Hampshire & Isle of Wight Constabulary,EASTERN PIC,Uniform Business Rates,45383,3500004177,47502,Portsmouth City Council
Hampshire & Isle of Wight Constabulary,EASTLEIGH NPO,Rent,45405,2200215152,7937.25,EASTLEIGH BOROUGH COUNCIL
Hampshire & Isle of Wight Constabulary,EASTLEIGH NPO,Uniform Business Rates,45388,3500004215,2203.36,EASTLEIGH BOROUGH COUNCIL
Hampshire & Isle of Wight Constabulary,ECU INV TEAM,Registration and Inspection Fees,45385,2200213870,17671.41,Experian Ltd
Hampshire & Isle of Wight Constabulary,EMPLOYEE RELATIONS,Legal Costs,45393,3110121780,750,One Time Vendor
Hampshire & Isle of Wight Constabulary,EMPLOYEE RELATIONS,Legal Costs,45398,2200214727,4539,Hampshire County Council
Hampshire & Isle of Wight Constabulary,EMPLOYEE RELATIONS,Legal Costs,45398,2200214728,5696.5,Hampshire County Council
Hampshire & Isle of Wight Constabulary,EMPLOYEE RELATIONS,Legal Costs,45398,2200214729,5899,Hampshire County Council
Hampshire & Isle of Wight Constabulary,EMPLOYEE RELATIONS,Legal Costs,45398,2200214730,6491.5,Hampshire County Council
Hampshire & Isle of Wight Constabulary,EMPLOYEE RELATIONS,Legal Costs,45398,2200214732,6731.5,Hampshire County Council
Hampshire & Isle of Wight Constabulary,EMPLOYEE RELATIONS,Professional Subscriptions,45393,3110121818,2800,CPOSA Ltd
Hampshire & Isle of Wight Constabulary,EMPLOYEE RELATIONS,Professional Subscriptions,45393,3110121819,500,CPOSA Ltd
Hampshire & Isle of Wight Constabulary,EMPLOYEE RELATIONS,Technical and Professional Consultant F,45391,2200214246,1050,Redacted - Personal Payment
Hampshire & Isle of Wight Constabulary,EMPLOYEE RELATIONS,Technical and Professional Consultant F,45405,2200215151,1925,Redacted - Personal Payment
Hampshire & Isle of Wight Constabulary,Estate Building Security,General Maintenance,45383,2200213717,1965,Redacted - Operational
Hampshire & Isle of Wight Constabulary,Estate Building Security,Security Costs,45383,2200213702,2437.46,Redacted - Operational
Hampshire & Isle of Wight Constabulary,Estate Building Security,Security Costs,45383,2200213704,2424.47,Redacted - Operational
Hampshire & Isle of Wight Constabulary,Estate Building Security,Security Costs,45383,2200214259,2787.46,Redacted - Operational
Hampshire & Isle of Wight Constabulary,Estate Building Security,Security Costs,45383,2200214337,1495.17,Redacted - Operational
Hampshire & Isle of Wight Constabulary,Estate Building Security,Security Costs,45383,2200214344,2626.46,Redacted - Operational
Hampshire & Isle of Wight Constabulary,Estate Building Security,Security Costs,45383,2200214345,3338.61,Redacted - Operational
Hampshire & Isle of Wight Constabulary,Estate Building Security,Security Costs,45383,2200214346,2048.16,Redacted - Operational
Hampshire & Isle of Wight Constabulary,Estate Building Security,Security Costs,45383,2200214347,1845.17,Redacted - Operational
Hampshire & Isle of Wight Constabulary,Estate Building Security,Security Costs,45383,2200213744,119641.7,Redacted - Operational
Hampshire & Isle of Wight Constabulary,Estate Building Security,Security Costs,45398,2200214736,819.6,Redacted - Operational
Hampshire & Isle of Wight Constabulary,Estate Building Security,Security Costs,45399,2200214846,44055,Redacted - Operational
Hampshire & Isle of Wight Constabulary,Estate Building Security,Security Costs,45407,2200215360,1011,Redacted - Operational
Hampshire & Isle of Wight Constabulary,Estate Building Security,Security Costs,45411,2200215419,1135,Redacted - Operational
Hampshire & Isle of Wight Constabulary,Estate Building Security,Security Costs,45411,2200215420,1790.5,Redacted - Operational
Hampshire & Isle of Wight Constabulary,"Estate Renewal, Decomm & Disposal",Hired and Contracted Services,45393,3110121815,29980,One Time Vendor
Hampshire & Isle of Wight Constabulary,Evidence Management,Equipment,45386,2200213970,1691.16,WA PRODUCTS Trading as Scenesafe
Hampshire & Isle of Wight Constabulary,Evidence Management,Other Services,45400,2200214864,920,CTS (GB) Ltd
Hampshire & Isle of Wight Constabulary,FAIRNESS & EQUALITY,Professional Subscriptions,45399,2200214847,5520,INCLUSIVE EMPLOYERS LTD
Hampshire & Isle of Wight Constabulary,FAIRNESS & EQUALITY,Training related expenditure,45390,2200214181,-1118,College of Policing
Hampshire & Isle of Wight Constabulary,FAREHAM POLICE STATION (FF),Non System - Electricity,45401,3110122190,2364.64,NPOWER
Hampshire & Isle of Wight Constabulary,FAREHAM POLICE STATION (FF),Non System - Gas,45401,3110122112,4552.45,TOTALENERGIES GAS & POWER LIMITED
Hampshire & Isle of Wight Constabulary,FAREHAM REACH POLICE STATION,Non System - Electricity,45393,3110121810,2180.72,CBRE Ltd
Hampshire & Isle of Wight Constabulary,FAREHAM REACH POLICE STATION,Non System - Electricity,45393,3110121811,4637.38,CBRE Ltd
Hampshire & Isle of Wight Constabulary,FAREHAM REACH POLICE STATION,Non System - Electricity,45406,3110122350,4962.29,CBRE Ltd
Hampshire & Isle of Wight Constabulary,FAREHAM REACH POLICE STATION,Non System - Electricity,45406,3110122351,2534.73,CBRE Ltd
Hampshire & Isle of Wight Constabulary,FAREHAM REACH POLICE STATION,Uniform Business Rates,45401,3500004224,1644,GOSPORT BOROUGH COUNCIL
Hampshire & Isle of Wight Constabulary,FAREHAM REACH POLICE STATION,Uniform Business Rates,45401,3500004225,3164.8,GOSPORT BOROUGH COUNCIL
Hampshire & Isle of Wight Constabulary,FAREHAM VEHICLE WORKSHOPS,Non System - Electricity,45401,3110122165,996.54,NPOWER
Hampshire & Isle of Wight Constabulary,FAREHAM VEHICLE WORKSHOPS,Non System - Gas,45401,3110122097,1479.25,TOTALENERGIES GAS & POWER LIMITED
Hampshire & Isle of Wight Constabulary,FAREHAM VEHICLE WORKSHOPS,Non System - Gas,45401,3110122098,1557.32,TOTALENERGIES GAS & POWER LIMITED
Hampshire & Isle of Wight Constabulary,Feasibility costs,Hired and Contracted Services,45390,2200214138,40420,Mace Ltd
Hampshire & Isle of Wight Constabulary,FIREARMS - ARV,Clothing and Uniforms,45393,2200214446,515,Vestguard UK
Hampshire & Isle of Wight Constabulary,FIREARMS - ARV,Equipment,45406,2200215240,885,Redacted - Operational
Hampshire & Isle of Wight Constabulary,FIREARMS - TRAINING,Drugs and Medical Supplies,45390,2200214128,901.95,Wel Medical Ltd
Hampshire & Isle of Wight Constabulary,FIREARMS - TRAINING,Equipment,45397,3110121839,574,One Time Vendor
Hampshire & Isle of Wight Constabulary,FIREARMS - TRAINING,Hire of Accommodation and Facilities,45385,2200213883,800,Alver Developments Ltd
Hampshire & Isle of Wight Constabulary,FIREARMS - TRAINING,Weaponary Supplies,45383,2200214861,3421,Redacted - Operational
Hampshire & Isle of Wight Constabulary,FIU,Equipment,45412,3110122376,2485,One Time Vendor
Hampshire & Isle of Wight Constabulary,FIU,Technical and Professional Consultant F,45387,2200214065,500,Redacted - Operational
Hampshire & Isle of Wight Constabulary,Force Chaplain,Technical and Professional Consultant F,45411,2200215425,752.09,Redacted - Personal Payment
Hampshire & Isle of Wight Constabulary,FORCE SOLICITOR,Compensation Costs,45393,3110121813,5000,One Time Vendor
Hampshire & Isle of Wight Constabulary,FORCE SOLICITOR,Compensation Costs,45393,3110121814,5000,One Time Vendor
Hampshire & Isle of Wight Constabulary,FORCE SOLICITOR,Compensation Costs,45393,3110121817,25833.33,One Time Vendor
Hampshire & Isle of Wight Constabulary,FORCE SOLICITOR,Compensation Costs,45398,3110121869,2000,One Time Vendor
Hampshire & Isle of Wight Constabulary,FORCE SOLICITOR,Compensation Costs,45401,3110122074,3500,One Time Vendor
Hampshire & Isle of Wight Constabulary,FORCE SOLICITOR,Compensation Costs,45404,3110122195,750,One Time Vendor
Hampshire & Isle of Wight Constabulary,FORCE SOLICITOR,Legal Costs,45383,2200213725,1250,12CP Barristers
Hampshire & Isle of Wight Constabulary,FORCE SOLICITOR,Legal Costs,45383,2200213724,6240,Serjeants Inn Chambers
Hampshire & Isle of Wight Constabulary,FORCE SOLICITOR,Legal Costs,45386,2200213975,2423,DWF LLP
Hampshire & Isle of Wight Constabulary,FORCE SOLICITOR,Legal Costs,45392,2200214331,2000,DWF LLP
Hampshire & Isle of Wight Constabulary,FORCE SOLICITOR,Legal Costs,45392,2200214332,559,DWF LLP
Hampshire & Isle of Wight Constabulary,FORCE SOLICITOR,Legal Costs,45392,2200214333,660,DWF LLP
Hampshire & Isle of Wight Constabulary,FORCE SOLICITOR,Legal Costs,45398,2200214720,2400,12CP Barristers
Hampshire & Isle of Wight Constabulary,FORCE SOLICITOR,Legal Costs,45398,2200214719,750,5 ESSEX COURT
Hampshire & Isle of Wight Constabulary,FORCE SOLICITOR,Legal Costs,45398,2200214696,500,Guildhall Chambers
Hampshire & Isle of Wight Constabulary,FORCE SOLICITOR,Legal Costs,45398,2200214697,500,Guildhall Chambers
Hampshire & Isle of Wight Constabulary,FORCE SOLICITOR,Legal Costs,45398,2200214711,750,Keoghs Solicitors
Hampshire & Isle of Wight Constabulary,FORCE SOLICITOR,Legal Costs,45398,3110121870,18625,One Time Vendor
Hampshire & Isle of Wight Constabulary,FORCE SOLICITOR,Legal Costs,45400,2200214877,7800,5 ESSEX COURT
Hampshire & Isle of Wight Constabulary,FORCE SOLICITOR,Legal Costs,45400,2200214889,6640.5,Serjeants Inn Chambers
Hampshire & Isle of Wight Constabulary,FORCE SOLICITOR,Legal Costs,45400,2200214890,625,Serjeants Inn Chambers
Hampshire & Isle of Wight Constabulary,FORCE SOLICITOR,Legal Costs,45401,3110122065,30504.37,One Time Vendor
Hampshire & Isle of Wight Constabulary,FORCE SOLICITOR,Legal Costs,45401,3110122075,1361.25,One Time Vendor
Hampshire & Isle of Wight Constabulary,FORCE SOLICITOR,Legal Costs,45405,2200215142,500,12CP Barristers
Hampshire & Isle of Wight Constabulary,FORCE SOLICITOR,Legal Costs,45406,2200215193,750,Guildhall Chambers
Hampshire & Isle of Wight Constabulary,FORCE SOLICITOR,Legal Costs,45406,2200215194,500,Guildhall Chambers
Hampshire & Isle of Wight Constabulary,FORCE SOLICITOR,Legal Costs,45411,2200215430,1875,DWF LLP
Hampshire & Isle of Wight Constabulary,FORCE SOLICITOR,Legal Costs,45412,3110122373,6250,One Time Vendor
Hampshire & Isle of Wight Constabulary,FORCE SOLICITOR,Legal Costs,45412,3110122384,944,One Time Vendor
Hampshire & Isle of Wight Constabulary,FORCE SOLICITOR,Legal Costs,45412,2200215460,2300,Serjeants Inn Chambers
Hampshire & Isle of Wight Constabulary,Forensic Services Head Office,Equipment,45393,2200214426,8946,MONMOUTH SCIENTIFIC
Hampshire & Isle of Wight Constabulary,Forensic Services Head Office,Forensic and pathology testing,45385,2200213867,1998.15,Redacted - Personal Payment
Hampshire & Isle of Wight Constabulary,Forensic Services Head Office,Forensic and pathology testing,45385,2200213868,1897.5,Redacted - Personal Payment
Hampshire & Isle of Wight Constabulary,Forensic Services Head Office,Forensic and pathology testing,45386,2200213971,645,Redacted - Personal Payment
Hampshire & Isle of Wight Constabulary,Forensic Services Head Office,Forensic and pathology testing,45386,2200213997,18687.8,Redacted - Personal Payment
Hampshire & Isle of Wight Constabulary,Forensic Services Head Office,Forensic and pathology testing,45391,2200214260,5957.33,Redacted - Personal Payment
Hampshire & Isle of Wight Constabulary,Forensic Services Head Office,Forensic and pathology testing,45392,2200214327,10452.31,Redacted - Personal Payment
Hampshire & Isle of Wight Constabulary,Forensic Services Head Office,Forensic and pathology testing,45392,2200214328,1661,Redacted - Personal Payment
Hampshire & Isle of Wight Constabulary,Forensic Services Head Office,Forensic and pathology testing,45392,2200214329,4561.7,Redacted - Personal Payment
Hampshire & Isle of Wight Constabulary,Forensic Services Head Office,Forensic and pathology testing,45398,2200214707,8301.8,Redacted - Personal Payment
Hampshire & Isle of Wight Constabulary,Forensic Services Head Office,Forensic and pathology testing,45399,2200214788,9267.16,Redacted - Personal Payment
Hampshire & Isle of Wight Constabulary,Forensic Services Head Office,Forensic and pathology testing,45399,2200214789,19264.77,Redacted - Personal Payment
Hampshire & Isle of Wight Constabulary,Forensic Services Head Office,Forensic and pathology testing,45399,2200214763,3497.97,Redacted - Personal Payment
Hampshire & Isle of Wight Constabulary,Forensic Services Head Office,Forensic and pathology testing,45399,2200214783,2667.5,Redacted - Personal Payment
Hampshire & Isle of Wight Constabulary,Forensic Services Head Office,Forensic and pathology testing,45399,2200214784,2475,Redacted - Personal Payment
Hampshire & Isle of Wight Constabulary,Forensic Services Head Office,Forensic and pathology testing,45399,2200214785,6189.26,Redacted - Personal Payment
Hampshire & Isle of Wight Constabulary,Forensic Services Head Office,Forensic and pathology testing,45405,2200215140,3743.81,Redacted - Personal Payment
Hampshire & Isle of Wight Constabulary,Forensic Services Head Office,Forensic and pathology testing,45405,2200215144,10184.02,Redacted - Personal Payment
Hampshire & Isle of Wight Constabulary,Forensic Services Head Office,Forensic and pathology testing,45405,2200215145,2215.78,Redacted - Personal Payment
Hampshire & Isle of Wight Constabulary,Forensic Services Head Office,Forensic and pathology testing,45405,2200215156,40910.8,Redacted - Personal Payment
Hampshire & Isle of Wight Constabulary,Forensic Services Head Office,Forensic and pathology testing,45405,2200215157,31138.29,Redacted - Personal Payment
Hampshire & Isle of Wight Constabulary,Forensic Services Head Office,Forensic and pathology testing,45405,2200215158,26872.3,Redacted - Personal Payment
Hampshire & Isle of Wight Constabulary,Forensic Services Head Office,Forensic and pathology testing,45406,2200215235,22572.55,Redacted - Personal Payment
Hampshire & Isle of Wight Constabulary,Forensic Services Head Office,Forensic and pathology testing,45406,2200215237,1006.5,Redacted - Personal Payment
Hampshire & Isle of Wight Constabulary,Forensic Services Head Office,Forensic and pathology testing,45406,2200215238,4950,Redacted - Personal Payment
Hampshire & Isle of Wight Constabulary,Forensic Services Head Office,Forensic and pathology testing,45411,2200215421,1166,Redacted - Personal Payment
Hampshire & Isle of Wight Constabulary,Forensic Services Head Office,Forensic and pathology testing,45411,2200215422,7175.3,Redacted - Personal Payment
Hampshire & Isle of Wight Constabulary,Forensic Services Head Office,Forensic and pathology testing,45411,2200215423,7640.6,Redacted - Personal Payment
Hampshire & Isle of Wight Constabulary,FORT WIDLEY MAST,Rent,45393,2200214420,1749.99,PETER ASHLEY ACTIVITY CENTRE
Hampshire & Isle of Wight Constabulary,FORT WIDLEY MAST,Uniform Business Rates,45383,3500004176,802,Portsmouth City Council
Hampshire & Isle of Wight Constabulary,FRATTON POLICE STATION (PF),Uniform Business Rates,45383,3500004174,8685,Portsmouth City Council
Hampshire & Isle of Wight Constabulary,GENERAL EXPENDITURE,Other Expenses,45405,3110122207,1913.17,Redacted - Operational
Hampshire & Isle of Wight Constabulary,GENERAL EXPENDITURE,Other Expenses,45405,3110122200,3600,United Tooling Solutions Ltd
Hampshire & Isle of Wight Constabulary,GOSPORT NPO,Uniform Business Rates,45401,3500004223,971.72,GOSPORT BOROUGH COUNCIL
Hampshire & Isle of Wight Constabulary,GOSPORT POLICE STATION (GG),Non System - Gas,45401,3110122086,1663.33,TOTALENERGIES GAS & POWER LIMITED
Hampshire & Isle of Wight Constabulary,GOSPORT POLICE STATION (GG),Non System - Gas,45401,3110122087,1529.1,TOTALENERGIES GAS & POWER LIMITED
Hampshire & Isle of Wight Constabulary,GOSPORT POLICE STATION (GG),Uniform Business Rates,45401,3500004222,3498,GOSPORT BOROUGH COUNCIL
Hampshire & Isle of Wight Constabulary,HANT TERRACE DIGI FORENSICS,Uniform Business Rates,45387,3500004196,2061.75,Portsmouth City Council
Hampshire & Isle of Wight Constabulary,Hard FM (9011),Furniture,45406,2200021100,3036.88,SHOWCASE PSR PORTSDOWN LIMITED
Hampshire & Isle of Wight Constabulary,Hard FM (9011),General Maintenance,45399,2200021024,47737.39,DM Habens The Builder Ltd
Hampshire & Isle of Wight Constabulary,HAVANT POLICE STATION (JH),Non System - Electricity,45401,3110122177,2212.48,NPOWER
Hampshire & Isle of Wight Constabulary,HAVANT POLICE STATION (JH),Non System - Gas,45390,3110121753,4450.59,TOTALENERGIES GAS & POWER LIMITED
Hampshire & Isle of Wight Constabulary,HAVANT POLICE STATION (JH),Non System - Gas,45390,3110121754,5653,TOTALENERGIES GAS & POWER LIMITED
Hampshire & Isle of Wight Constabulary,HAVANT POLICE STATION (JH),Non System - Gas,45390,3110121755,4874.99,TOTALENERGIES GAS & POWER LIMITED
Hampshire & Isle of Wight Constabulary,HAVANT POLICE STATION (JH),Non System - Gas,45390,3110121756,4554.98,TOTALENERGIES GAS & POWER LIMITED
Hampshire & Isle of Wight Constabulary,HAVANT VES,Non System - Electricity,45401,3110122169,665.99,NPOWER
Hampshire & Isle of Wight Constabulary,HCC Shared Services Offboarding,Equipment,45385,2200213854,163611,Hampshire County Council
Hampshire & Isle of Wight Constabulary,HEDGE END POLICE STATION (EH),Non System - Electricity,45401,3110122175,1003.96,NPOWER
Hampshire & Isle of Wight Constabulary,HEDGE END POLICE STATION (EH),Uniform Business Rates,45388,3500004211,4583.25,EASTLEIGH BOROUGH COUNCIL
Hampshire & Isle of Wight Constabulary,Highview Bordon NPO,Rent,45392,2200214314,5250,Keelan Westall Insurances Executive
Hampshire & Isle of Wight Constabulary,Highview Bordon NPO,Uniform Business Rates,45406,3500004231,857.5,EAST HAMPSHIRE DISTRICT COUNCIL
Hampshire & Isle of Wight Constabulary,HYTHE POLICE STATION (NH),Uniform Business Rates,45387,3500004188,7713,New Forest District Council
Hampshire & Isle of Wight Constabulary,JESIP test and excercise,Hire of Accommodation and Facilities,45407,2200215353,3946.5,ORDNANCE SURVEY
Hampshire & Isle of Wight Constabulary,Learning and Development Standards Unit,Technical and Professional Consultant F,45399,2200214781,3460,SFJ Awards
Hampshire & Isle of Wight Constabulary,Long Barn,Uniform Business Rates,45387,3500004187,3903,FAREHAM BOROUGH COUNCIL
Hampshire & Isle of Wight Constabulary,LYNDHURST POLICE STATION (NY),Non System - Electricity,45401,3110122174,1853.58,NPOWER
Hampshire & Isle of Wight Constabulary,LYNDHURST POLICE STATION (NY),Non System - Gas,45401,3110122099,2142.74,TOTALENERGIES GAS & POWER LIMITED
Hampshire & Isle of Wight Constabulary,LYNDHURST POLICE STATION (NY),Uniform Business Rates,45387,3500004191,11124,New Forest District Council
Hampshire & Isle of Wight Constabulary,Maintenance Contract & Support,Grounds Maintenance Contracts,45399,2200214782,1060,Nationwide Gritting Services
Hampshire & Isle of Wight Constabulary,Maintenance Contract & Support,Other premises related costs,45405,2200215159,19233.47,ENERVEO LIMITED
Hampshire & Isle of Wight Constabulary,Maintenance Contract & Support,Sampling and Testing,45386,2200213972,2216,Healthy Buildings International Ltd
Hampshire & Isle of Wight Constabulary,Maintenance Contract & Support,Security Costs,45399,2200214751,925,Redacted - Operational
Hampshire & Isle of Wight Constabulary,MASH SOUTHAMPTON,Rent,45405,2200215160,3075,SOUTHAMPTON CITY COUNCIL
Hampshire & Isle of Wight Constabulary,Ministry of Defence,Service Charges - Premises,45407,2200215322,50000,JMSC (Joint Maritime Security Centr
Hampshire & Isle of Wight Constabulary,MOTTISFONT COURT POLICE STATION,BID Levies,45387,3500004209,5700,WINCHESTER CITY COUNCIL
Hampshire & Isle of Wight Constabulary,MOTTISFONT COURT POLICE STATION,Non System - Electricity,45401,3110122185,12570.04,NPOWER
Hampshire & Isle of Wight Constabulary,MOTTISFONT COURT POLICE STATION,Uniform Business Rates,45387,3500004205,19456,WINCHESTER CITY COUNCIL
Hampshire & Isle of Wight Constabulary,NATIONAL LEVIES,Payments to Other PC,45397,2200214579,2000.74,PCC for Kent
Hampshire & Isle of Wight Constabulary,NATIONAL LEVIES,Payments to Other PC,45397,2200214580,28426.18,PCC for Kent
Hampshire & Isle of Wight Constabulary,NATIONAL LEVIES,Payments to Private Contractors,45385,2200213874,60000,POLICE DIGITAL SERVICE
Hampshire & Isle of Wight Constabulary,NATIONAL LEVIES,Payments to Private Contractors,45405,2200215190,170143.86,Bluelight Commercial Ltd
Hampshire & Isle of Wight Constabulary,NDORS reconciliation,Other Services,45386,2200214007,190316,UK ROEd Ltd
Hampshire & Isle of Wight Constabulary,Neighbourhoods East Head Office,Equipment,45392,2200214313,753.1,WA PRODUCTS Trading as Scenesafe
Hampshire & Isle of Wight Constabulary,Neighbourhoods East Head Office,Materials,45394,2200214514,1456,Redacted - Operational
Hampshire & Isle of Wight Constabulary,Neighbourhoods East Head Office,Materials,45400,2200214917,660,Redacted - Operational
Hampshire & Isle of Wight Constabulary,NEIGHBOURHOODS IOW HO,Equipment,45405,2200215129,702.86,DRAEGER LTD
Hampshire & Isle of Wight Constabulary,NEIGHBOURHOODS IOW HO,Hire of Accommodation and Facilities,45407,2200215355,810,Newport Congregational Church
Hampshire & Isle of Wight Constabulary,Neighbourhoods North Head Office,Animal Fees and Expenses,45384,2200213772,1308.5,Animal Care Services Midlands Ltd
Hampshire & Isle of Wight Constabulary,Neighbourhoods North Head Office,Animal Fees and Expenses,45384,2200213773,956.76,Animal Care Services Midlands Ltd
Hampshire & Isle of Wight Constabulary,Neighbourhoods North Head Office,Animal Fees and Expenses,45384,2200213774,849.52,Animal Care Services Midlands Ltd
Hampshire & Isle of Wight Constabulary,Neighbourhoods North Head Office,Animal Fees and Expenses,45384,2200213775,2305.14,Animal Care Services Midlands Ltd
Hampshire & Isle of Wight Constabulary,Neighbourhoods North Head Office,Animal Fees and Expenses,45384,2200213776,1026.01,Animal Care Services Midlands Ltd
Hampshire & Isle of Wight Constabulary,Neighbourhoods North Head Office,Animal Fees and Expenses,45384,2200213777,925.43,Animal Care Services Midlands Ltd
Hampshire & Isle of Wight Constabulary,Neighbourhoods North Head Office,Animal Fees and Expenses,45406,2200215227,11428,Redacted - Operational
Hampshire & Isle of Wight Constabulary,Neighbourhoods North Head Office,Animal Fees and Expenses,45406,2200215228,16401.4,Redacted - Operational
Hampshire & Isle of Wight Constabulary,Neighbourhoods North Head Office,Equipment,45392,2200214273,879.05,WA PRODUCTS Trading as Scenesafe
Hampshire & Isle of Wight Constabulary,Neighbourhoods West Head Office,Equipment,45397,2200214540,958,WA PRODUCTS Trading as Scenesafe
Hampshire & Isle of Wight Constabulary,Neighbourhoods West Head Office,Equipment,45404,2200215059,1721,WA PRODUCTS Trading as Scenesafe
Hampshire & Isle of Wight Constabulary,NETLEY SUPPORT HQ,Non System - Electricity,45401,3110122180,15673.85,NPOWER
Hampshire & Isle of Wight Constabulary,NETLEY SUPPORT HQ,Non System - Electricity,45401,3110122181,12726.69,NPOWER
Hampshire & Isle of Wight Constabulary,NETLEY SUPPORT HQ,Non System - Gas,45401,3110122110,6293.72,TOTALENERGIES GAS & POWER LIMITED
Hampshire & Isle of Wight Constabulary,NETLEY SUPPORT HQ,Non System - Gas,45401,3110122111,5442.58,TOTALENERGIES GAS & POWER LIMITED
Hampshire & Isle of Wight Constabulary,NETLEY SUPPORT HQ,Non System - Water - Metered,45390,3110121758,5999.16,Scottish Water Business Stream Ltd
Hampshire & Isle of Wight Constabulary,NETLEY SUPPORT HQ,Non System - Water - Metered,45398,3110121899,8977.5,Scottish Water Business Stream Ltd
Hampshire & Isle of Wight Constabulary,NETLEY SUPPORT HQ,Solid Fuel,45412,2200215468,621.67,WESSEX PETROLEUM
Hampshire & Isle of Wight Constabulary,NETLEY SUPPORT HQ,Uniform Business Rates,45388,3500004214,100326,EASTLEIGH BOROUGH COUNCIL
Hampshire & Isle of Wight Constabulary,Neurodiversity STAR Funding,Technical and Professional Consultant F,45385,2200213913,40500,Illuminet Solutions
Hampshire & Isle of Wight Constabulary,NEW MILTON NPO,Uniform Business Rates,45383,3500004171,760.75,New Forest District Council
Hampshire & Isle of Wight Constabulary,NEWPORT POLICE STATION (LN),Non System - Electricity,45401,3110122173,2310.15,NPOWER
Hampshire & Isle of Wight Constabulary,NEWPORT POLICE STATION (LN),Non System - Gas,45401,3110122100,1805.99,TOTALENERGIES GAS & POWER LIMITED
Hampshire & Isle of Wight Constabulary,NEWPORT VEHICLE WORKSHOPS,Non System - Electricity,45401,3110122143,706.69,NPOWER
Hampshire & Isle of Wight Constabulary,North Area Head Office,Equipment,45383,2200215250,1560,SELECTAMARK SECURITY SYSTEMS LTD
Hampshire & Isle of Wight Constabulary,NORTHERN PIC,Non System - Electricity,45401,3110122189,11314.76,NPOWER
Hampshire & Isle of Wight Constabulary,NORTHERN PIC,Non System - Gas,45401,3110122115,3351.3,TOTALENERGIES GAS & POWER LIMITED
Hampshire & Isle of Wight Constabulary,NORTHERN PIC,Non System - Water - Metered,45390,3110121760,1349.78,Scottish Water Business Stream Ltd
Hampshire & Isle of Wight Constabulary,NORTHERN PIC,Non System - Water - Metered,45398,3110121896,1262.68,Scottish Water Business Stream Ltd
Hampshire & Isle of Wight Constabulary,NORTHERN PIC,Uniform Business Rates,45402,3500004230,52689,BASINGSTOKE & DEANE BOROUGH COUNCIL
Hampshire & Isle of Wight Constabulary,NPO Lymington,Uniform Business Rates,45387,3500004189,1243,New Forest District Council
Hampshire & Isle of Wight Constabulary,OCC HEALTH AND WELLBEING,Medical and Counselling Fees,45405,2200215174,1306.25,Icarus Health Solutions
Hampshire & Isle of Wight Constabulary,Op Albrighton,Equipment,45404,3110122191,9741.07,One Time Vendor
Hampshire & Isle of Wight Constabulary,Op Albrighton,Hire of Accommodation and Facilities,45411,2200215445,1000,Portsmouth City Council
Hampshire & Isle of Wight Constabulary,Operational & Initial Training,Hired and Contracted Services,45405,2200215100,87002.94,MIDDLESEX UNIVERSITY
Hampshire & Isle of Wight Constabulary,Operational & Initial Training,Other Training Courses and Qualification,45385,2200213912,1936.2,Redacted - Personal Payment
Hampshire & Isle of Wight Constabulary,Operational & Initial Training,Other Training Courses and Qualification,45398,2200214661,6010.4,College of Policing Ltd
Hampshire & Isle of Wight Constabulary,OTG99 Op Magenta,Payments to Other PC,45390,2200214129,625830.19,PCC for Kent
Hampshire & Isle of Wight Constabulary,OTG99 Op Magenta,Payments to Other PC,45390,2200214130,633052.09,PCC for Kent
Hampshire & Isle of Wight Constabulary,OTG99 Op Magenta,Payments to Other PC,45390,2200214131,492398.97,PCC for Kent
Hampshire & Isle of Wight Constabulary,OTG99 Op Magenta,Payments to Other PC,45390,2200214133,738742.73,PCC for Kent
Hampshire & Isle of Wight Constabulary,OTG99 Op Magenta,Payments to Other PC,45390,2200214134,615935.72,PCC for Kent
Hampshire & Isle of Wight Constabulary,OTG99 Op Magenta,Payments to Other PC,45394,2200214458,590911.82,PCC for Kent
Hampshire & Isle of Wight Constabulary,OTHER EXTERNAL TRAINING COURSE,Other Training Courses and Qualification,45383,2200213761,5440,ALTIA SOLUTIONS Limited
Hampshire & Isle of Wight Constabulary,OTHER EXTERNAL TRAINING COURSE,Other Training Courses and Qualification,45383,2200213765,1613.55,BOND SOLON TRAINING LTD
Hampshire & Isle of Wight Constabulary,OTHER EXTERNAL TRAINING COURSE,Other Training Courses and Qualification,45383,2200214210,2357,College of Policing
Hampshire & Isle of Wight Constabulary,OTHER EXTERNAL TRAINING COURSE,Other Training Courses and Qualification,45383,2200213850,920,Forensic Analytics Ltd
Hampshire & Isle of Wight Constabulary,OTHER EXTERNAL TRAINING COURSE,Other Training Courses and Qualification,45392,2200214367,1495,ChangeQuest Limited
Hampshire & Isle of Wight Constabulary,OTHER EXTERNAL TRAINING COURSE,Other Training Courses and Qualification,45392,2200214326,2892,College of Policing
Hampshire & Isle of Wight Constabulary,OTHER EXTERNAL TRAINING COURSE,Other Training Courses and Qualification,45392,2200214319,2475,Sancus Operations Ltd
Hampshire & Isle of Wight Constabulary,OTHER EXTERNAL TRAINING COURSE,Other Training Courses and Qualification,45392,2200214321,570,Sancus Operations Ltd
Hampshire & Isle of Wight Constabulary,OTHER EXTERNAL TRAINING COURSE,Other Training Courses and Qualification,45399,2200214838,2092,PFOA Training Services Limited
Hampshire & Isle of Wight Constabulary,OTHER EXTERNAL TRAINING COURSE,Other Training Courses and Qualification,45406,2200215198,4259,College of Policing Ltd
Hampshire & Isle of Wight Constabulary,OTHER EXTERNAL TRAINING COURSE,Other Training Courses and Qualification,45407,3110122359,1080,One Time Vendor
Hampshire & Isle of Wight Constabulary,OTHER EXTERNAL TRAINING COURSE,Other Training Courses and Qualification,45411,2200215428,1500,BOND SOLON TRAINING LTD
Hampshire & Isle of Wight Constabulary,OTHER EXTERNAL TRAINING COURSE,Other Training Courses and Qualification,45412,2200215457,2543,Redacted - Operational
Hampshire & Isle of Wight Constabulary,OTHER EXTERNAL TRAINING COURSE,Payments to Other PC,45383,2200214047,6119.79,PCC for Thames Valley
Hampshire & Isle of Wight Constabulary,OTHER EXTERNAL TRAINING COURSE,Payments to Other PC,45393,2200214394,503.5,Pcc For Avon & Somerset
Hampshire & Isle of Wight Constabulary,OTHER EXTERNAL TRAINING COURSE,Payments to Other PC,45407,2200215359,3000,Thames Valley Police
Hampshire & Isle of Wight Constabulary,OTHER EXTERNAL TRAINING COURSE,Payments to Other PC,45412,2200215451,3478,PCC for South Wales
Hampshire & Isle of Wight Constabulary,OTHER EXTERNAL TRAINING COURSE,Payments to Other PC,45412,2200215470,3270,PCC for South Wales
Hampshire & Isle of Wight Constabulary,PARK GATE POLICE STATION (FP),Non System - Gas,45401,3110122089,519.83,TOTALENERGIES GAS & POWER LIMITED
Hampshire & Isle of Wight Constabulary,PORTSMOUTH CENTRAL STATION(PC),Non System - Electricity,45401,3110122164,1015.11,NPOWER
Hampshire & Isle of Wight Constabulary,PORTSMOUTH CENTRAL STATION(PC),Uniform Business Rates,45383,3500004173,5349,Portsmouth City Council
Hampshire & Isle of Wight Constabulary,PORTSMOUTH FOOTBALL CLUB,Catering Provisions,45405,2200215112,1108.75,FOOD ON THE MOVE LTD
Hampshire & Isle of Wight Constabulary,PORTSWOOD POLICE STATION (SP),Non System - Electricity,45401,3110122162,1056.27,NPOWER
Hampshire & Isle of Wight Constabulary,PORTSWOOD POLICE STATION (SP),Non System - Gas,45401,3110122103,854.64,TOTALENERGIES GAS & POWER LIMITED
Hampshire & Isle of Wight Constabulary,PORTSWOOD POLICE STATION (SP),Uniform Business Rates,45383,3500004180,5457.25,Southampton City Council
Hampshire & Isle of Wight Constabulary,PRINT SERVICES-PRODUCTION COST,Payments to Other Local Authorities,45401,2200214986,90068.18,Hampshire County Council
Hampshire & Isle of Wight Constabulary,Private Medical Treatment,Medical and Counselling Fees,45412,3110122386,1200,One Time Vendor
Hampshire & Isle of Wight Constabulary,PROACTIVE HEAD OFFICE,Other Training Courses and Qualification,45390,2200214173,1050,Think Different Events Ltd
Hampshire & Isle of Wight Constabulary,Professional Fees,Consultants' Fees-Repair & Main,45386,2200214015,3000,Batcheller Monkhouse
Hampshire & Isle of Wight Constabulary,PS VETTING UNIT,Payment to Government Departments,45392,2200214275,6069.34,Cabinet Office
Hampshire & Isle of Wight Constabulary,Reactive Maintenance,General Maintenance,45391,2200214198,265838.1,Hampshire County Council
Hampshire & Isle of Wight Constabulary,Reactive Maintenance,General Maintenance,45393,2200214421,4785,DQM LTD
Hampshire & Isle of Wight Constabulary,Reactive Maintenance,General Maintenance,45404,2200215090,720,Commercial and Industrial Services
Hampshire & Isle of Wight Constabulary,Reactive Maintenance,General Maintenance,45406,2200215226,3582,Ellis Electrical Limited
Hampshire & Isle of Wight Constabulary,Reactive Maintenance,General Maintenance,45407,2200215314,3652.25,John Grant Interiors Ltd
Hampshire & Isle of Wight Constabulary,Reactive Maintenance,General Maintenance,45407,2200215350,1271.8,John Grant Interiors Ltd
Hampshire & Isle of Wight Constabulary,Reactive Maintenance,Premises Repairs,45391,2200214263,11216.65,ENERVEO LIMITED
Hampshire & Isle of Wight Constabulary,REASONABLE ADJUSTMENT,Furniture,45392,2200214336,960.75,POSTURITE (UK) LTD
Hampshire & Isle of Wight Constabulary,REASONABLE ADJUSTMENT,Other Training Courses and Qualification,45405,2200215149,-510,THRIIVER LIMITED
Hampshire & Isle of Wight Constabulary,Recruitment,Recruitment Expenses (excl. advertising),45401,2200214929,788.85,SHL GROUP LTD
Hampshire & Isle of Wight Constabulary,Recruitment,Recruitment Expenses (excl. advertising),45401,2200214936,5445,SHL GROUP LTD
Hampshire & Isle of Wight Constabulary,Redacted - Operational,Clothing and Uniforms,45383,2200213698,2471.2,Redacted - Operational
Hampshire & Isle of Wight Constabulary,Redacted - Operational,Clothing and Uniforms,45406,2200215245,836.66,Redacted - Operational
Hampshire & Isle of Wight Constabulary,Redacted - Operational,Council Tax,45387,3500004210,610.02,Isle Of Wight Council
Hampshire & Isle of Wight Constabulary,Redacted - Operational,Non System - Electricity,45401,3110122166,2665.35,NPOWER
Hampshire & Isle of Wight Constabulary,Redacted - Operational,Non System - Electricity,45401,3110122136,883.26,Redacted - Operational
Hampshire & Isle of Wight Constabulary,Redacted - Operational,Non System - Electricity,45401,3110122137,529.44,Redacted - Operational
Hampshire & Isle of Wight Constabulary,Redacted - Operational,Non System - Electricity,45401,3110122159,4091.22,Redacted - Operational
Hampshire & Isle of Wight Constabulary,Redacted - Operational,Non System - Electricity,45401,3110122183,649.01,Redacted - Operational
Hampshire & Isle of Wight Constabulary,Redacted - Operational,Non System - Gas,45401,3110122119,1073.49,TOTALENERGIES GAS & POWER LIMITED
Hampshire & Isle of Wight Constabulary,Redacted - Operational,Non System - Gas,45401,3110122107,581.41,Redacted - Operational
Hampshire & Isle of Wight Constabulary,Redacted - Operational,Non System - Gas,45401,3110122116,551.65,Redacted - Operational
Hampshire & Isle of Wight Constabulary,Redacted - Operational,Other Services,45404,2200215022,600.77,Redacted - Operational
Hampshire & Isle of Wight Constabulary,Redacted - Operational,Payments to Other PC,45384,2200213801,55477,Redacted - Operational
Hampshire & Isle of Wight Constabulary,Redacted - Operational,Payments to Other PC,45400,2200214891,54803,Thames Valley Police
Hampshire & Isle of Wight Constabulary,Redacted - Operational,Technical and Professional Consultant F,45391,2200214250,714.86,Redacted - Personal Payment
Hampshire & Isle of Wight Constabulary,Redacted - Operational,Technical and Professional Consultant F,45393,3110121808,754.28,Redacted - Operational
Hampshire & Isle of Wight Constabulary,Redacted - Operational,Technical and Professional Consultant F,45394,2200214513,600,Redacted - Personal Payment
Hampshire & Isle of Wight Constabulary,Redacted - Operational,Technical and Professional Consultant F,45400,2200214865,912.76,Redacted - Personal Payment
Hampshire & Isle of Wight Constabulary,Redacted - Operational,Uniform Business Rates,45383,3500004178,4257,Portsmouth City Council
Hampshire & Isle of Wight Constabulary,Redacted - Operational,Uniform Business Rates,45387,3500004201,9263.3,Redacted - Operational
Hampshire & Isle of Wight Constabulary,Redacted - Operational,Uniform Business Rates,45387,3500004202,2069.5,Redacted - Operational
Hampshire & Isle of Wight Constabulary,Redacted - Operational,Uniform Business Rates,45388,3500004212,3524.75,Redacted - Operational
Hampshire & Isle of Wight Constabulary,Redacted - Operational,Vehicle Fuel,45394,2200214472,588.36,Redacted - Operational
Hampshire & Isle of Wight Constabulary,Redacted - Operational,Vehicle Fuel,45399,2200214816,646.49,Redacted - Operational
Hampshire & Isle of Wight Constabulary,Redacted - Operational,Vehicle Fuel,45406,3110122229,829.12,Redacted - Operational
Hampshire & Isle of Wight Constabulary,Redacted - Operational,Vehicles and Plant - Repairs and Main,45406,3110122238,602.7,Redacted - Operational
Hampshire & Isle of Wight Constabulary,Redacted - Operational,Vehicles and Plant - Repairs and Main,45406,3110122239,646.8,Redacted - Operational
Hampshire & Isle of Wight Constabulary,Rent contingency,Non System - Electricity,45400,3110122022,-4956.34,NPOWER
Hampshire & Isle of Wight Constabulary,Rent contingency,Non System - Electricity,45400,3110122024,-7724.67,NPOWER
Hampshire & Isle of Wight Constabulary,Rent contingency,Non System - Electricity,45400,3110122032,-2817.06,NPOWER
Hampshire & Isle of Wight Constabulary,RESERVE Inclusion Matters,Technical and Professional Consultant F,45400,3110122003,12500,One Time Vendor
Hampshire & Isle of Wight Constabulary,Reserves - Body Armour,Clothing and Uniforms,45387,2200214060,887.8,Redacted - Operational
Hampshire & Isle of Wight Constabulary,Reserves - Body Armour,Clothing and Uniforms,45406,2200215259,112304.92,Redacted - Operational
Hampshire & Isle of Wight Constabulary,Reserves - Body Armour,Clothing and Uniforms,45406,2200215260,12531.49,Redacted - Operational
Hampshire & Isle of Wight Constabulary,Response Head Office,Equipment,45406,2200215229,532.25,Redacted - Operational
Hampshire & Isle of Wight Constabulary,ROADS POLICING - CLARITY,IT Software,45401,2200214988,1200,Clarity Information Solutions Ltd
Hampshire & Isle of Wight Constabulary,ROADS POLICING - CLARITY,Other Expenses,45412,2200215478,5351.68,Clarity Information Solutions Ltd
Hampshire & Isle of Wight Constabulary,ROADS POLICING - CLARITY,Other Services,45386,2200213976,549.25,LIPSPEAKER UK
Hampshire & Isle of Wight Constabulary,ROMSEY POLICE STATION (TR),Non System - Gas,45401,3110122088,842.96,TOTALENERGIES GAS & POWER LIMITED
Hampshire & Isle of Wight Constabulary,ROMSEY POLICE STATION (TR),Uniform Business Rates,45397,3500004220,1480.25,Test Valley Borough Council
Hampshire & Isle of Wight Constabulary,RP GENERAL OPS,Equipment,45397,2200214538,2031,GRATNELLS LTD
Hampshire & Isle of Wight Constabulary,RP GENERAL OPS,Equipment,45398,2200214668,1525,MLA LTD
Hampshire & Isle of Wight Constabulary,RP-SRU (driver awareness),Licences,45407,2200215318,96497.87,PCC for Thames Valley
Hampshire & Isle of Wight Constabulary,RP-SRU (driver awareness),Subscriptions,45383,2200214044,27400,Road Safety Support Ltd
Hampshire & Isle of Wight Constabulary,Rural Policing RESERVE,Contributions from Other Bodies,45383,2200213697,1188,Thomas Jacks Ltd
Hampshire & Isle of Wight Constabulary,RYDE POLICE STATION (LR),Non System - Electricity,45401,3110122140,807.04,NPOWER
Hampshire & Isle of Wight Constabulary,RYDE POLICE STATION (LR),Non System - Gas,45401,3110122084,985.53,TOTALENERGIES GAS & POWER LIMITED
Hampshire & Isle of Wight Constabulary,SAFER STREETS 5 BASINGSTOKE,Grant Aid and Donations,45383,2200020886,78123,Portsmouth City Council
Hampshire & Isle of Wight Constabulary,Safer Streets 5 Portsmoth,Grant Aid and Donations,45383,2200020887,235675.34,Portsmouth City Council
Hampshire & Isle of Wight Constabulary,SAFER STREETS 5 SOUTHAMPTON,Grant Aid and Donations,45399,2200021027,109924,Southampton City Council
Hampshire & Isle of Wight Constabulary,SARC,Forensic and pathology testing,45397,2200214573,1242.25,WA PRODUCTS Trading as Scenesafe
Hampshire & Isle of Wight Constabulary,Serious Violence Duty Fund,Purchase of IT Equipment,45400,2200021035,5870,Hampshire County Council
Hampshire & Isle of Wight Constabulary,SERVICE CENTRE - WESTERN,Catering,45384,2200213729,2116.95,BAXTERSTOREY LIMITED
Hampshire & Isle of Wight Constabulary,SERVICE CENTRE - WESTERN,Staff Use of Public Transport,45384,2200213727,1128,EASTLEIGH CAB COMPANY LTD
Hampshire & Isle of Wight Constabulary,SERVICE CENTRE - WESTERN,Staff Use of Public Transport,45384,2200213780,1336.15,EASTLEIGH CAB COMPANY LTD
Hampshire & Isle of Wight Constabulary,SGA49,Security Costs,45398,3110121887,1295.9,Redacted - Operational
Hampshire & Isle of Wight Constabulary,SGA49,Security Costs,45404,3110122192,1011.76,Redacted - Operational
Hampshire & Isle of Wight Constabulary,SGA49,Security Costs,45404,3110122193,1480.92,Redacted - Operational
Hampshire & Isle of Wight Constabulary,SHANKLIN POLICE STATION (LS),Non System - Electricity,45401,3110122133,690.69,NPOWER
Hampshire & Isle of Wight Constabulary,SHANKLIN POLICE STATION (LS),Non System - Gas,45401,3110122095,647.54,TOTALENERGIES GAS & POWER LIMITED
Hampshire & Isle of Wight Constabulary,SHQ EASTLEIGH,Service Charges - Premises,45391,2200214199,2774.55,HIWFRS
Hampshire & Isle of Wight Constabulary,SHQ EASTLEIGH,Service Charges - Premises,45391,2200214200,148766,HIWFRS
Hampshire & Isle of Wight Constabulary,Soft FM Centralised,Catering Equipment,45411,2200215449,563,Stearn Electric Co Ltd
Hampshire & Isle of Wight Constabulary,Soft FM Centralised,Cleaning services,45391,2200214207,231714.65,N-VIRO
Hampshire & Isle of Wight Constabulary,Soft FM Centralised,Cleaning services,45404,2200215064,7805.04,N-VIRO
Hampshire & Isle of Wight Constabulary,Soft FM Centralised,Fixtures and Fittings,45384,2200213723,1197.39,JUSTFLOORS LTD
Hampshire & Isle of Wight Constabulary,Soft FM Centralised,Furniture,45383,2200213706,10436.4,SHOWCASE PSR PORTSDOWN LIMITED
Hampshire & Isle of Wight Constabulary,Soft FM Centralised,Furniture,45399,2200214845,580.28,SHOWCASE PSR PORTSDOWN LIMITED
Hampshire & Isle of Wight Constabulary,Soft FM Centralised,Furniture,45406,2200215263,1917.9,SHOWCASE PSR PORTSDOWN LIMITED
Hampshire & Isle of Wight Constabulary,Soft FM Centralised,Other premises related costs,45383,2200213766,678.27,RENTOKIL PEST CONTROL
Hampshire & Isle of Wight Constabulary,Soft FM Centralised,Other premises related costs,45384,3110121620,10065.68,RENTOKIL INITIAL SERVICES LTD
Hampshire & Isle of Wight Constabulary,Soft FM Centralised,Other premises related costs,45384,3110121621,-5793.48,RENTOKIL INITIAL SERVICES LTD
Hampshire & Isle of Wight Constabulary,Soft FM Centralised,Other premises related costs,45384,3110121622,-607.78,RENTOKIL INITIAL SERVICES LTD
Hampshire & Isle of Wight Constabulary,Soft FM Centralised,Other premises related costs,45390,2200214116,705.15,RENTOKIL PEST CONTROL
Hampshire & Isle of Wight Constabulary,Soft FM Centralised,Other premises related costs,45390,2200214119,690,RENTOKIL PEST CONTROL
Hampshire & Isle of Wight Constabulary,Soft FM Centralised,Other premises related costs,45391,2200214187,2259,MJF Interiors Limited
Hampshire & Isle of Wight Constabulary,Soft FM Centralised,Other premises related costs,45398,2200214716,1146.88,RENTOKIL PEST CONTROL
Hampshire & Isle of Wight Constabulary,Soft FM Centralised,Other premises related costs,45404,2200215092,-605.44,RENTOKIL PEST CONTROL
Hampshire & Isle of Wight Constabulary,Soft FM Centralised,Other Services,45390,2200214136,841,MJF BUSINESS SERVICES LTD
Hampshire & Isle of Wight Constabulary,SOUTHAMPTON CENTRAL FOUNTAINS NPO,Rent,45405,2200215130,4170.46,SOUTHAMPTON CITY COUNCIL
Hampshire & Isle of Wight Constabulary,SOUTHAMPTON CENTRAL FOUNTAINS NPO,Uniform Business Rates,45383,3500004183,1161.75,Southampton City Council
Hampshire & Isle of Wight Constabulary,SOUTHAMPTON CENTRAL POLICE STA,Non System - Electricity,45401,3110122176,26647.75,NPOWER
Hampshire & Isle of Wight Constabulary,SOUTHAMPTON CENTRAL POLICE STA,Non System - GEother,45385,3110121623,7347.4,Southampton Geothermal Heating Co.
Hampshire & Isle of Wight Constabulary,SOUTHAMPTON CENTRAL POLICE STA,Non System - GEother,45398,3110121868,6217.91,Southampton Geothermal Heating Co.
Hampshire & Isle of Wight Constabulary,SOUTHAMPTON CENTRAL POLICE STA,Uniform Business Rates,45383,3500004181,54600,Southampton City Council
Hampshire & Isle of Wight Constabulary,SOUTHAMPTON FOOTBALL CLUB,Catering,45390,2200214149,600,FOOD ON THE MOVE LTD
Hampshire & Isle of Wight Constabulary,SOUTHAMPTON FOOTBALL CLUB,Catering,45399,2200214832,550,FOOD ON THE MOVE LTD
Hampshire & Isle of Wight Constabulary,SOUTHWICK PARK,Rent,45412,2200215469,2400,Ancala Water Services (Defence) Lt
Hampshire & Isle of Wight Constabulary,SOUTHWICK PARK,Uniform Business Rates,45387,3500004207,7755,WINCHESTER CITY COUNCIL
Hampshire & Isle of Wight Constabulary,Special Constabulary,Professional Subscriptions,45383,2200213754,2613.44,POLICE FEDERATION JOINT FUND
Hampshire & Isle of Wight Constabulary,Special Constabulary,Professional Subscriptions,45407,2200215315,2030.21,POLICE FEDERATION JOINT FUND
Hampshire & Isle of Wight Constabulary,Special Constabulary,Staff and Volunteer Travel Expenses - General,45405,3000017994,531.9,One Time Vendor
Hampshire & Isle of Wight Constabulary,SSD COLLABORATION,Forensic and pathology testing,45390,2200214141,9924.98,Redacted - Personal Payment
Hampshire & Isle of Wight Constabulary,SSD COLLABORATION,Forensic and pathology testing,45397,2200214547,5421.08,Redacted - Personal Payment
Hampshire & Isle of Wight Constabulary,SSD COLLABORATION,Materials,45386,2200214005,56575,Hampshire County Council
Hampshire & Isle of Wight Constabulary,SSD COLLABORATION,Payments to Other Local Authorities,45386,2200214004,83350,Hampshire County Council
Hampshire & Isle of Wight Constabulary,SSD OPERATIONAL UNITS,Forensic and pathology testing,45390,2200214178,2991.94,Redacted - Personal Payment
Hampshire & Isle of Wight Constabulary,SSD OPERATIONAL UNITS,Forensic and pathology testing,45393,2200214395,2991.94,Redacted - Personal Payment
Hampshire & Isle of Wight Constabulary,SSD OPERATIONAL UNITS,Forensic and pathology testing,45393,2200214396,2991.94,Redacted - Personal Payment
Hampshire & Isle of Wight Constabulary,SSD OPERATIONAL UNITS,Forensic and pathology testing,45398,2200214724,2991.94,Redacted - Personal Payment
Hampshire & Isle of Wight Constabulary,SSD OPERATIONAL UNITS,Forensic and pathology testing,45398,2200214725,2991.94,Redacted - Personal Payment
Hampshire & Isle of Wight Constabulary,SSD OPERATIONAL UNITS,Forensic and pathology testing,45399,2200214835,5130.94,WA PRODUCTS Trading as Scenesafe
Hampshire & Isle of Wight Constabulary,SSD OPERATIONAL UNITS,Forensic and pathology testing,45401,2200214926,2991.94,Redacted - Personal Payment
Hampshire & Isle of Wight Constabulary,SSD OPERATIONAL UNITS,Forensic and pathology testing,45401,2200214927,2991.94,Redacted - Personal Payment
Hampshire & Isle of Wight Constabulary,SSD OPERATIONAL UNITS,Forensic and pathology testing,45406,2200215246,2991.94,Redacted - Personal Payment
Hampshire & Isle of Wight Constabulary,SSD OPERATIONAL UNITS,Medical and Counselling Fees,45390,2200214175,1500,Pcc For West Midlands
Hampshire & Isle of Wight Constabulary,SSD OPERATIONAL UNITS,Medical and Counselling Fees,45394,3110121827,1620,One Time Vendor
Hampshire & Isle of Wight Constabulary,SSD OPERATIONAL UNITS,Medical and Counselling Fees,45394,3110121832,673.08,One Time Vendor
Hampshire & Isle of Wight Constabulary,SSD Quality Team,Forensic and pathology testing,45400,2200214860,2943,Redacted - Personal Payment
Hampshire & Isle of Wight Constabulary,SSD Quality Team,Forensic and pathology testing,45405,2200215155,3604.5,Redacted - Personal Payment
Hampshire & Isle of Wight Constabulary,SSD Quality Team,Registration and Inspection Fees,45386,2200214006,49911.24,Hampshire County Council
Hampshire & Isle of Wight Constabulary,Strategic Communications,Professional Subscriptions,45398,3110121891,2800,CPOSA Ltd
Hampshire & Isle of Wight Constabulary,Strategic Communications,Professional Subscriptions,45398,3110121892,500,CPOSA Ltd
Hampshire & Isle of Wight Constabulary,Strategic Communications,"Publicity, Promotions and Advertisement",45401,2200214985,1000,PCC For Derbyshire
Hampshire & Isle of Wight Constabulary,SWB03 NEGOTIATOR CONF 2024,Hire of Accommodation and Facilities,45401,3110122056,4875,One Time Vendor
Hampshire & Isle of Wight Constabulary,TACTICAL OPERATIONS,Other Training Courses and Qualification,45407,2200215351,1075.83,CTC Training and Development Limite
Hampshire & Isle of Wight Constabulary,TADLEY POLICE STATION (BL),Uniform Business Rates,45402,3500004226,949,BASINGSTOKE & DEANE BOROUGH COUNCIL
Hampshire & Isle of Wight Constabulary,TASER,Weaponary Supplies,45383,2200214863,6565.5,Axon Public Safety UK Limited
Hampshire & Isle of Wight Constabulary,TASER,Weaponary Supplies,45406,2200215205,3822.8,Axon Public Safety UK Limited
Hampshire & Isle of Wight Constabulary,TESTWOOD LANE TOTTON,Uniform Business Rates,45387,3500004195,1246,New Forest District Council
Hampshire & Isle of Wight Constabulary,TO PROJECTS,Animal Fees and Expenses,45397,3110121837,2448,One Time Vendor
Hampshire & Isle of Wight Constabulary,TO PROJECTS,Animal Fees and Expenses,45404,2200215041,1288.9,Animal Care Services Midlands Ltd
Hampshire & Isle of Wight Constabulary,TO PROJECTS,Animal Fees and Expenses,45404,2200215042,967.41,Animal Care Services Midlands Ltd
Hampshire & Isle of Wight Constabulary,TO PROJECTS,Animal Fees and Expenses,45404,2200215043,2472.32,Animal Care Services Midlands Ltd
Hampshire & Isle of Wight Constabulary,TO PROJECTS,Animal Fees and Expenses,45404,2200215044,792.83,Animal Care Services Midlands Ltd
Hampshire & Isle of Wight Constabulary,TO PROJECTS,Animal Fees and Expenses,45404,2200215045,1637.04,Animal Care Services Midlands Ltd
Hampshire & Isle of Wight Constabulary,TO PROJECTS,Animal Fees and Expenses,45404,2200215047,911.28,Animal Care Services Midlands Ltd
Hampshire & Isle of Wight Constabulary,TO PROJECTS,Animal Fees and Expenses,45404,2200215089,867.83,Animal Care Services Midlands Ltd
Hampshire & Isle of Wight Constabulary,TO PROJECTS,Animal Fees and Expenses,45412,3110122371,693.6,One Time Vendor
Hampshire & Isle of Wight Constabulary,TO PROJECTS,Grant Aid and Donations,45387,3110121738,2500,One Time Vendor
Hampshire & Isle of Wight Constabulary,TOTTON POLICE STATION (NT),Non System - Electricity,45401,3110122160,2043.13,NPOWER
Hampshire & Isle of Wight Constabulary,TOTTON POLICE STATION (NT),Uniform Business Rates,45387,3500004192,11943,New Forest District Council
Hampshire & Isle of Wight Constabulary,TRAINING MANAGEMENT,"Author, Speaker and Lecturer Fees",45411,2200215448,3250,Redacted - Personal Payment
Hampshire & Isle of Wight Constabulary,TRAINING MANAGEMENT,Equipment,45384,2200213760,5127,AVI Ltd
Hampshire & Isle of Wight Constabulary,TRAINING MANAGEMENT,Equipment,45398,2200214672,935.9,WEX PHOTOGRAPHIC
Hampshire & Isle of Wight Constabulary,TRAINING MANAGEMENT,Hire of Accommodation and Facilities,45391,2200214270,980.25,YOUTH OPTIONS
Hampshire & Isle of Wight Constabulary,TRAINING MANAGEMENT,Hire of Accommodation and Facilities,45393,2200214419,888.75,Kings Community Church
Hampshire & Isle of Wight Constabulary,TRAINING MANAGEMENT,Hire of Accommodation and Facilities,45406,2200215242,790,Kings Community Church
Hampshire & Isle of Wight Constabulary,VEHICLES,Drugs and Medical Supplies,45383,2200213825,2118.07,RELIANCE MEDICAL LTD
Hampshire & Isle of Wight Constabulary,VEHICLES,Drugs and Medical Supplies,45393,2200214406,1674.91,RELIANCE MEDICAL LTD
Hampshire & Isle of Wight Constabulary,VEHICLES,Equipment,45393,2200214398,1855.32,PRO-TECT SAFETY SIGNS
Hampshire & Isle of Wight Constabulary,VEHICLES,IT Software,45407,2200215324,2025,Volvo Car Uk Ltd
Hampshire & Isle of Wight Constabulary,VEHICLES,Purchase of Vehicle,45401,2200214966,3991.6,woodway engineering ltd
Hampshire & Isle of Wight Constabulary,VEHICLES,Vehicle Equipment and Running Expen,45406,3110122231,663.2,Harwoods Bmw
Hampshire & Isle of Wight Constabulary,VEHICLES,Vehicle Fuel,45391,2200214190,9567.2,WESSEX PETROLEUM
Hampshire & Isle of Wight Constabulary,VEHICLES,Vehicle Workshop Spares and Consumables,45383,2200213714,531.13,Redacted - Personal Payment
Hampshire & Isle of Wight Constabulary,VEHICLES,Vehicle Workshop Spares and Consumables,45383,2200213837,551.13,Snows Bmw
Hampshire & Isle of Wight Constabulary,VEHICLES,Vehicle Workshop Spares and Consumables,45384,2200213748,718.96,Cambridge Garage
Hampshire & Isle of Wight Constabulary,VEHICLES,Vehicle Workshop Spares and Consumables,45384,2200213751,515.91,Snows Bmw
Hampshire & Isle of Wight Constabulary,VEHICLES,Vehicle Workshop Spares and Consumables,45384,2200213785,918.2,Stapletons Tyres Services LTD
Hampshire & Isle of Wight Constabulary,VEHICLES,Vehicle Workshop Spares and Consumables,45385,2200213946,1450.66,Ats Euromaster Ltd
Hampshire & Isle of Wight Constabulary,VEHICLES,Vehicle Workshop Spares and Consumables,45385,2200213809,1078.98,B.M.W. (Uk) Ltd
Hampshire & Isle of Wight Constabulary,VEHICLES,Vehicle Workshop Spares and Consumables,45385,2200213942,1207.66,Goodyear Tyres UK Limited
Hampshire & Isle of Wight Constabulary,VEHICLES,Vehicle Workshop Spares and Consumables,45385,2200213945,1975.12,Goodyear Tyres UK Limited
Hampshire & Isle of Wight Constabulary,VEHICLES,Vehicle Workshop Spares and Consumables,45385,2200213923,544.9,National Windscreens (Replacements)
Hampshire & Isle of Wight Constabulary,VEHICLES,Vehicle Workshop Spares and Consumables,45385,2200213929,1125.5,National Windscreens (Replacements)
Hampshire & Isle of Wight Constabulary,VEHICLES,Vehicle Workshop Spares and Consumables,45385,2200213932,544.9,National Windscreens (Replacements)
Hampshire & Isle of Wight Constabulary,VEHICLES,Vehicle Workshop Spares and Consumables,45385,2200213933,785.02,National Windscreens (Replacements)
Hampshire & Isle of Wight Constabulary,VEHICLES,Vehicle Workshop Spares and Consumables,45385,2200213935,644,National Windscreens (Replacements)
Hampshire & Isle of Wight Constabulary,VEHICLES,Vehicle Workshop Spares and Consumables,45385,2200213947,568.3,PENTAGON LTD
Hampshire & Isle of Wight Constabulary,VEHICLES,Vehicle Workshop Spares and Consumables,45385,2200213824,654.29,Snows Bmw
Hampshire & Isle of Wight Constabulary,VEHICLES,Vehicle Workshop Spares and Consumables,45390,2200214159,831.26,Volkswagen Group Uk Ltd (Tps)
Hampshire & Isle of Wight Constabulary,VEHICLES,Vehicle Workshop Spares and Consumables,45392,2200214290,543.6,B.M.W. (Uk) Ltd
Hampshire & Isle of Wight Constabulary,VEHICLES,Vehicle Workshop Spares and Consumables,45392,2200214292,503.43,B.M.W. (Uk) Ltd
Hampshire & Isle of Wight Constabulary,VEHICLES,Vehicle Workshop Spares and Consumables,45392,2200214301,1184.5,Bluelite Graphics Ltd
Hampshire & Isle of Wight Constabulary,VEHICLES,Vehicle Workshop Spares and Consumables,45392,2200214302,602.18,Bluelite Graphics Ltd
Hampshire & Isle of Wight Constabulary,VEHICLES,Vehicle Workshop Spares and Consumables,45393,2200214414,3684.41,Goodyear Tyres UK Limited
Hampshire & Isle of Wight Constabulary,VEHICLES,Vehicle Workshop Spares and Consumables,45394,2200214469,700.15,Ats Euromaster Ltd
Hampshire & Isle of Wight Constabulary,VEHICLES,Vehicle Workshop Spares and Consumables,45394,2200214475,4611.28,Goodyear Tyres UK Limited
Hampshire & Isle of Wight Constabulary,VEHICLES,Vehicle Workshop Spares and Consumables,45394,2200214481,1058.91,Snows Bmw
Hampshire & Isle of Wight Constabulary,VEHICLES,Vehicle Workshop Spares and Consumables,45394,2200214465,646.07,Snows Motor Group
Hampshire & Isle of Wight Constabulary,VEHICLES,Vehicle Workshop Spares and Consumables,45395,2200214534,624,Stapletons Tyres Services LTD
Hampshire & Isle of Wight Constabulary,VEHICLES,Vehicle Workshop Spares and Consumables,45397,2200214614,2876.71,Goodyear Tyres UK Limited
Hampshire & Isle of Wight Constabulary,VEHICLES,Vehicle Workshop Spares and Consumables,45397,2200214633,795,Kelly's Classic & Vintage Car Glass
Hampshire & Isle of Wight Constabulary,VEHICLES,Vehicle Workshop Spares and Consumables,45397,2200214643,945,Kelly's Classic & Vintage Car Glass
Hampshire & Isle of Wight Constabulary,VEHICLES,Vehicle Workshop Spares and Consumables,45397,2200214645,609.7,PCS INNOTEC GB LTD
Hampshire & Isle of Wight Constabulary,VEHICLES,Vehicle Workshop Spares and Consumables,45397,2200214636,639.82,Volkswagen Group Uk Ltd (Tps)
Hampshire & Isle of Wight Constabulary,VEHICLES,Vehicle Workshop Spares and Consumables,45398,2200214746,1332.01,Ats Euromaster Ltd
Hampshire & Isle of Wight Constabulary,VEHICLES,Vehicle Workshop Spares and Consumables,45398,2200214745,2295.89,Volkswagen Group Uk Ltd (Tps)
Hampshire & Isle of Wight Constabulary,VEHICLES,Vehicle Workshop Spares and Consumables,45399,2200214802,1174,National Windscreens (Replacements)
Hampshire & Isle of Wight Constabulary,VEHICLES,Vehicle Workshop Spares and Consumables,45399,2200214803,795.02,National Windscreens (Replacements)
Hampshire & Isle of Wight Constabulary,VEHICLES,Vehicle Workshop Spares and Consumables,45399,2200214809,691,National Windscreens (Replacements)
Hampshire & Isle of Wight Constabulary,VEHICLES,Vehicle Workshop Spares and Consumables,45399,2200214810,672,National Windscreens (Replacements)
Hampshire & Isle of Wight Constabulary,VEHICLES,Vehicle Workshop Spares and Consumables,45399,2200214750,834.37,Volkswagen Group Uk Ltd (Tps)
Hampshire & Isle of Wight Constabulary,VEHICLES,Vehicle Workshop Spares and Consumables,45401,2200214968,734.47,Goodyear Tyres UK Limited
Hampshire & Isle of Wight Constabulary,VEHICLES,Vehicle Workshop Spares and Consumables,45401,2200214952,767.95,PENTAGON LTD
Hampshire & Isle of Wight Constabulary,VEHICLES,Vehicle Workshop Spares and Consumables,45401,2200214974,1056.51,Snows Motor Group
Hampshire & Isle of Wight Constabulary,VEHICLES,Vehicle Workshop Spares and Consumables,45404,2200215078,4958.95,Goodyear Tyres UK Limited
Hampshire & Isle of Wight Constabulary,VEHICLES,Vehicle Workshop Spares and Consumables,45404,2200215018,677.69,PENTAGON LTD
Hampshire & Isle of Wight Constabulary,VEHICLES,Vehicle Workshop Spares and Consumables,45404,2200215082,2916.67,Snows Bmw
Hampshire & Isle of Wight Constabulary,VEHICLES,Vehicle Workshop Spares and Consumables,45404,2200215084,1318.88,Snows Bmw
Hampshire & Isle of Wight Constabulary,VEHICLES,Vehicle Workshop Spares and Consumables,45404,2200215086,594,Snows Motor Group
Hampshire & Isle of Wight Constabulary,VEHICLES,Vehicle Workshop Spares and Consumables,45404,2200215087,544.82,Snows Motor Group
Hampshire & Isle of Wight Constabulary,VEHICLES,Vehicle Workshop Spares and Consumables,45405,2200215116,505.01,Bluelite Graphics Ltd
Hampshire & Isle of Wight Constabulary,VEHICLES,Vehicle Workshop Spares and Consumables,45405,2200215169,2128.86,Goodyear Tyres UK Limited
Hampshire & Isle of Wight Constabulary,VEHICLES,Vehicle Workshop Spares and Consumables,45405,2200215118,816.95,PENTAGON LTD
Hampshire & Isle of Wight Constabulary,VEHICLES,Vehicle Workshop Spares and Consumables,45405,2200215122,14456.71,PENTAGON LTD
Hampshire & Isle of Wight Constabulary,VEHICLES,Vehicle Workshop Spares and Consumables,45406,2200215273,1494,Bluelite Graphics Ltd
Hampshire & Isle of Wight Constabulary,VEHICLES,Vehicle Workshop Spares and Consumables,45406,2200215197,941.08,Snows Bmw
Hampshire & Isle of Wight Constabulary,VEHICLES,Vehicle Workshop Spares and Consumables,45407,2200215296,2013.28,Ats Euromaster Ltd
Hampshire & Isle of Wight Constabulary,VEHICLES,Vehicle Workshop Spares and Consumables,45407,2200215335,534.66,Volkswagen Group Uk Ltd (Tps)
Hampshire & Isle of Wight Constabulary,VEHICLES,Vehicle Workshop Spares and Consumables,45409,2200215400,769.11,Snows Bmw
Hampshire & Isle of Wight Constabulary,VEHICLES,Vehicle Workshop Spares and Consumables,45409,2200215401,3623.4,Volkswagen Group Uk Ltd (Tps)
Hampshire & Isle of Wight Constabulary,VEHICLES,Vehicle Workshop Spares and Consumables,45409,2200215403,614.52,Volkswagen Group Uk Ltd (Tps)
Hampshire & Isle of Wight Constabulary,VEHICLES,Vehicle Workshop Spares and Consumables,45411,2200215408,558.16,Volkswagen Group Uk Ltd (Tps)
Hampshire & Isle of Wight Constabulary,VEHICLES,Vehicle Workshop Spares and Consumables,45412,2200215479,569.15,Snows Bmw
Hampshire & Isle of Wight Constabulary,VEHICLES,Vehicles and Plant - Repairs and Main,45385,2200213852,1963.16,CG Bodyshops T/ A
Hampshire & Isle of Wight Constabulary,VEHICLES,Vehicles and Plant - Repairs and Main,45385,2200213855,1591.64,CG Bodyshops T/ A
Hampshire & Isle of Wight Constabulary,VEHICLES,Vehicles and Plant - Repairs and Main,45385,2200213856,1249.95,CG Bodyshops T/ A
Hampshire & Isle of Wight Constabulary,VEHICLES,Vehicles and Plant - Repairs and Main,45385,2200213849,2611.56,Deepcut Garage Ltd
Hampshire & Isle of Wight Constabulary,VEHICLES,Vehicles and Plant - Repairs and Main,45385,2200213853,2109.07,Deepcut Garage Ltd
Hampshire & Isle of Wight Constabulary,VEHICLES,Vehicles and Plant - Repairs and Main,45385,2200213848,1237.4,M B (Hants) Ltd t/a Milford Bodywor
Hampshire & Isle of Wight Constabulary,VEHICLES,Vehicles and Plant - Repairs and Main,45390,2200214144,2678.54,Partridge of Hampshire Limited
Hampshire & Isle of Wight Constabulary,VEHICLES,Vehicles and Plant - Repairs and Main,45390,2200214145,3805.51,Partridge of Hampshire Limited
Hampshire & Isle of Wight Constabulary,VEHICLES,Vehicles and Plant - Repairs and Main,45391,2200214255,791.56,CG Bodyshops T/ A
Hampshire & Isle of Wight Constabulary,VEHICLES,Vehicles and Plant - Repairs and Main,45391,2200214256,520.05,Deepcut Garage Ltd
Hampshire & Isle of Wight Constabulary,VEHICLES,Vehicles and Plant - Repairs and Main,45393,2200214439,862.81,Deepcut Garage Ltd
Hampshire & Isle of Wight Constabulary,VEHICLES,Vehicles and Plant - Repairs and Main,45393,2200214440,1100.26,Partridge of Hampshire Limited
Hampshire & Isle of Wight Constabulary,WATERLOOVILLE STATION (JW),Non System - Electricity,45401,3110122188,2291.91,NPOWER
Hampshire & Isle of Wight Constabulary,WATERLOOVILLE STATION (JW),Non System - Gas,45401,3110122091,2157.53,TOTALENERGIES GAS & POWER LIMITED
Hampshire & Isle of Wight Constabulary,WATERLOOVILLE STATION (JW),Non System - Gas,45401,3110122092,2275.48,TOTALENERGIES GAS & POWER LIMITED
Hampshire & Isle of Wight Constabulary,WETHERDOWN MAST,Uniform Business Rates,45397,3500004218,998,EAST HAMPSHIRE DISTRICT COUNCIL
Hampshire & Isle of Wight Constabulary,WHITCHURCH POLICE STATION (BW),Non System - Electricity,45401,3110122168,3561.89,NPOWER
Hampshire & Isle of Wight Constabulary,WHITCHURCH POLICE STATION (BW),Uniform Business Rates,45402,3500004227,1971.5,BASINGSTOKE & DEANE BOROUGH COUNCIL
Hampshire & Isle of Wight Constabulary,WightLink Holding Account,Staff Use of Public Transport,45391,2200214261,712.5,HOVERTRAVEL LTD
Hampshire & Isle of Wight Constabulary,WINCHESTER VEHICLE WORKSHOPS,Non System - Electricity,45401,3110122139,1343.97,NPOWER
Hampshire & Isle of Wight Constabulary,WINCHESTER VEHICLE WORKSHOPS,Non System - Gas,45401,3110122096,1694.04,TOTALENERGIES GAS & POWER LIMITED
Hampshire & Isle of Wight Constabulary,WINCHESTER VEHICLE WORKSHOPS,Rent,45406,2200215219,2264.61,Store Property Investments Ltd
Hampshire & Isle of Wight Constabulary,WINCHESTER VEHICLE WORKSHOPS,Uniform Business Rates,45387,3500004204,3194.4,WINCHESTER CITY COUNCIL
Hampshire & Isle of Wight Constabulary,WINNALL OFFICES ARV,Uniform Business Rates,45387,3500004206,1717.5,WINCHESTER CITY COUNCIL
Hampshire & Isle of Wight Constabulary,WTM49 L1 TSU ONBOARDING,Payments to Other PC,45400,2200214879,6595.72,Thames Valley Police
Hampshire & Isle of Wight Constabulary,WTM65 DEVOLVED TCG WEST,Security Costs,45383,2200214114,1956.6,Redacted - Operational
Hampshire & Isle of Wight Constabulary,WTM85 OP RELENTLESS 3,Advertising (non staff),45391,2200214211,5950,Crimestoppers Trust
Hampshire & Isle of Wight Constabulary,YARMOUTH NPO,Rent,45386,2200213988,3971.5,Yarmouth (Iow) Harbour Commissioner
Hampshire & Isle of Wight Constabulary,YARNHAMS FARM MAST,Uniform Business Rates,45397,3500004217,1243,EAST HAMPSHIRE DISTRICT COUNCIL
Hampshire & Isle of Wight Constabulary,YATELEY POLICE STATION (HY),Non System - Electricity,45401,3110122148,506.4,NPOWER
Hampshire & Isle of Wight Constabulary,YATELEY POLICE STATION (HY),Non System - Gas,45401,3110122093,587.58,TOTALENERGIES GAS & POWER LIMITED
Hampshire & Isle of Wight Constabulary,YATELEY POLICE STATION (HY),Uniform Business Rates,45383,3500004170,2922,HART DISTRICT COUNCIL
OPCC,ASB Funding,Grant Aid and Donations,45397,3110005130,12600,GOSPORT BOROUGH COUNCIL
OPCC,ASB Funding,Grant Aid and Donations,45397,3110005129,14700,Isle of Wight Council
OPCC,ASB Funding,Grant Aid and Donations,45397,3110005131,32793,Southampton City Council
OPCC,ASB Funding,Grant Aid and Donations,45397,3110005132,10000,Test Valley Borough Council
OPCC,ASB Funding,Grant Aid and Donations,45398,3110005139,25000,Artswork Limited
OPCC,ASB Funding,Grant Aid and Donations,45398,3110005138,7600,GOSPORT BOROUGH COUNCIL
OPCC,ASB Funding,Grant Aid and Donations,45398,3110005137,8727.6,Test Valley Borough Council
OPCC,ASB Funding,Grant Aid and Donations,45401,3110005145,25000,Southampton City Council
OPCC,ASB Funding,Grant Aid and Donations,45406,3110005152,10000,NEW FOREST DISTRICT COUNCIL
OPCC,ASB Funding,Grant Aid and Donations,45406,3110005150,20000,One Time Vendor
OPCC,ASB Funding,Grant Aid and Donations,45406,3110005153,12000,RUSHMOOR BOROUGH COUNCIL
OPCC,ASB Funding,Grant Aid and Donations,45406,3110005151,33925,Yellow Brick Road Projects
OPCC,ASB Funding,Grant Aid and Donations,45407,3110005156,15000,HIWFRS
OPCC,ASB Funding,Grant Aid and Donations,45407,3110005157,5000,HIWFRS
OPCC,ASB Funding,Grant Aid and Donations,45407,3110005154,25000,Portsmouth City Council
OPCC,ASB Funding,Grant Aid and Donations,45407,3110005159,6000,RUSHMOOR BOROUGH COUNCIL
OPCC,ASB Funding,Grant Aid and Donations,45407,3110005155,50450.72,SOUTHAMPTON CITY COUNCIL
OPCC,Business,Payments to Other Local Authorities,45384,2200020885,17894.86,Hampshire County Council
OPCC,Business,Technical and Professional Consultant F,45397,2200020999,13249.75,ERNST & YOUNG LLP
OPCC,Hearings,Technical and Professional Consultant F,45385,3110005097,2532.68,Redacted - Personal Payment
OPCC,Hearings,Technical and Professional Consultant F,45386,3110005099,-546.6,Redacted - Personal Payment
OPCC,Hearings,Technical and Professional Consultant F,45386,3110005100,683.25,Redacted - Personal Payment
OPCC,Hearings,Technical and Professional Consultant F,45393,3110005107,662.5,Redacted - Personal Payment
OPCC,Hearings,Technical and Professional Consultant F,45393,3110005109,2840.46,Redacted - Personal Payment
OPCC,Hearings,Technical and Professional Consultant F,45406,3110005149,3506.68,Redacted - Personal Payment
OPCC,Hearings,Technical and Professional Consultant F,45406,3110005148,759.74,Redacted - Personal Payment
OPCC,Hearings,Technical and Professional Consultant F,45412,3110005166,1578,Redacted - Personal Payment
OPCC,Hearings,Technical and Professional Consultant F,45412,3110005164,1755.75,Redacted - Personal Payment
OPCC,OPCC - Commissioning Grants,Grant Aid and Donations,45387,2200020939,3986,YELLOW DOOR
OPCC,OPCC - Commissioning Grants,Grant Aid and Donations,45404,2200021081,10000,AFC Bournemouth Community Sports Tr
OPCC,OPCC - Comms & Engagement,ICT Services,45385,2200020897,1190,Thursday Studios Ltd
OPCC,OPCC - Comms & Engagement,IT Software,45391,3110005103,8340,One Time Vendor
OPCC,OPCC - Comms & Engagement,Other Services,45391,2200020973,581.67,Trophyman Supplies Ltd
OPCC,OPCC - Comms & Engagement,"Publicity, Promotions and Advertisement",45383,2200021183,5987.8,WHITWAM LTD
OPCC,OPCC - Comms & Engagement,Subscriptions,45386,2200020921,1500,AlMediaData Limited
OPCC,PCC's Initiatives,Grant Aid and Donations,45397,2200021001,25000,SAINTS FOUNDATION
OPCC,Violence Reduction Unit,Grant Aid and Donations,45398,2200021014,24664,Southampton City Council
OPCC,Violence Reduction Unit,ICT Services,45407,2200021118,31851,Thames Valley Police